blind_pair_id	pair_sha256	origin_cohort	origin_blind_pair_id
BDBAGG_V112_000001	5338019fafc1032335bb8f227f7eacaeccb496a21f0192141f196213c94fd6c3	v1.9	BDBPAT_V19_001291
BDBAGG_V112_000002	aa25037aa4db2eb7b1a745cd26c33ccfcd05366a6c77cd76675a32110dd20759	v1.9	BDBPAT_V19_002601
BDBAGG_V112_000003	3ceea73f6f654269a76d23a61e3176da0ad124adb6395d9760d5844e64469cdb	v1.11	BDBALL_V111_000299
BDBAGG_V112_000004	2423cb871d1f7cb625c4851d320452f453314dd75f680ad7e57a857961ff920a	v1.9	BDBPAT_V19_000525
BDBAGG_V112_000005	4a1571ff3a173a8e7d87ecdb7fcee7afbfec281a009b3536ac1d57c1f83c75d0	v1.9	BDBPAT_V19_001135
BDBAGG_V112_000006	8579accdd2edc7fa457c638676420288a25e521f8f3bf417ec3cc76ce4744b81	v1.11	BDBALL_V111_000388
BDBAGG_V112_000007	263862d235c37e63becc4d25bfed3ace15b87a4b42f495971139daaacf06c06f	v1.11	BDBALL_V111_000147
BDBAGG_V112_000008	9d364ec798c5e4eee2b207dbfdf757b5c44c5d1236f9a7e33a191f4f2951252b	v1.11	BDBALL_V111_000762
BDBAGG_V112_000009	28d94be3eb2adaaf690cea5aab3420f9c077960900d5454cc738997e583bce4c	v1.9	BDBPAT_V19_000597
BDBAGG_V112_000010	0135e817d8b9b57000536a8a1c53406845920bd0031b7eb6f5b76144fb29b576	v1.9	BDBPAT_V19_000020
BDBAGG_V112_000011	bdb862eadedb196d5dce85998560f4c011d5e37694392386bd0c99dc6a9d712f	v1.11	BDBALL_V111_000036
BDBAGG_V112_000012	3496766781b7d5fd7b32bbfff4fe2ce56271ae7142a7d7955fc734a80a7f594f	v1.11	BDBALL_V111_000896
BDBAGG_V112_000013	246c56414dc4648d10134919c18f3a5b97bbffd2e150eba22cb6f3e124a5ff29	v1.9	BDBPAT_V19_000534
BDBAGG_V112_000014	7a2826ab3fa96366b63df831ce03439ff266fafb49049fba32b6fa7475b2fce6	v1.11	BDBALL_V111_000338
BDBAGG_V112_000015	4b6c99b92fb538493b72e1d93e9823abdd51226763432d2bba51cf1505755986	v1.9	BDBPAT_V19_001161
BDBAGG_V112_000016	867553e6eb8126d1ad7992e5098057c4cff5e8a8edb8aabb1b48df8164dc32e8	v1.11	BDBALL_V111_000918
BDBAGG_V112_000017	9fb43d4e32ecd38d73a87757c57b552573072eea65859e9ade81b199c6e23539	v1.9	BDBPAT_V19_002435
BDBAGG_V112_000018	42631311776451e3040232741cc524364f543a549af323a4405cf0129ca560d9	v1.9	BDBPAT_V19_000997
BDBAGG_V112_000019	251128e1902e23d381a46c16ff952b00b7036b0bfe3ea625c0fcb1a20291880b	v1.9	BDBPAT_V19_000542
BDBAGG_V112_000020	0b3776b764846f18df6da626f26de4afa6cb1fe11ad082a52328519a289a8b0d	v1.9	BDBPAT_V19_000146
BDBAGG_V112_000021	c76c8428f873e2ebbf9ff699bbb0b66d8c2ad2a0cf5b160bd60227d1e29e786f	v1.11	BDBALL_V111_000574
BDBAGG_V112_000022	967c52ba27acf59151fdff73d8b69162c6f20b935d5f6f3a03f90798112a3374	v1.9	BDBPAT_V19_002302
BDBAGG_V112_000023	c4d502871d71d17e53c5f69ed16b773511743b2298a193c993e0a7015b25133c	v1.10	BDBPAT_V110_001865
BDBAGG_V112_000024	41a7c9f273cceb34ff70b88f0663e4a7a3c72234a00f4fe5aea433c4089d0b12	v1.9	BDBPAT_V19_000980
BDBAGG_V112_000025	a319e2443c7920fc1e20ee8afde8547f441ecb1c16fd0432e38d09904011cf44	v1.9	BDBPAT_V19_002481
BDBAGG_V112_000026	24490f5e21d33f748cb10242942ff0397b45dcde7ffaf0ed427bbc71195107e1	v1.9	BDBPAT_V19_000530
BDBAGG_V112_000027	e70d4e92b6079cdc5505e7fcac5aabc8fa78f5014c62643888167890f977c8bd	v1.9	BDBPAT_V19_003512
BDBAGG_V112_000028	1be2a6606a7c180d51488cb7902cc9ddcac04d42cfaf83edbdd7991b336e42d2	v1.10	BDBPAT_V110_001653
BDBAGG_V112_000029	bcdb510810f1137811488114426388f27e19638897acfc70a78e3d1b34d0f81c	v1.11	BDBALL_V111_000211
BDBAGG_V112_000030	f93d4d77fade34679cd5971c9bae0df6a364ba2829d3fc3fca3301300af9321f	v1.9	BDBPAT_V19_003774
BDBAGG_V112_000031	55d429ebf1c0ebd4d1aca8b0175a5903105976fe257466b44d54d2f257151d60	v1.10	BDBPAT_V110_000291
BDBAGG_V112_000032	9623ccc314abcb11646b3a08c3d35ed308d2b9baec45f5c6cc74c11c9f3f452e	v1.9	BDBPAT_V19_002297
BDBAGG_V112_000033	63ac7c411b3670f314370a178562a9bab415fa44d8ea66b6820c11e0b60e0eda	v1.10	BDBPAT_V110_001917
BDBAGG_V112_000034	61d3312c5c18a304fc775e217f6e90e17d6898c5e28bd71c35ce5c9f00798f3e	v1.9	BDBPAT_V19_001525
BDBAGG_V112_000035	705bb179dca08d123dbf4d37e913ffc2d874945dab253f0225daeac8ed4369f5	v1.11	BDBALL_V111_000612
BDBAGG_V112_000036	23d8269064a70699a2b9ecf981c369c892dcd6d182dc587252a524f22081b2ed	v1.9	BDBPAT_V19_000516
BDBAGG_V112_000037	877352872971704d956e78f62237a1d87c635f990a8b628edf89e2497fb4e325	v1.9	BDBPAT_V19_002063
BDBAGG_V112_000038	408d7d3f89558cb2b0de95557040e1e180f6021c211f2b2d97c44327449f3e15	v1.10	BDBPAT_V110_001801
BDBAGG_V112_000039	01101a1290552784d943ecad053464782ee1885850e6c6de976d8cead3336a3b	v1.10	BDBPAT_V110_000017
BDBAGG_V112_000040	e05eb195b20951865814df6091d6e9ee221d8bd94e115d727cfb448022e8bdb1	v1.10	BDBPAT_V110_001211
BDBAGG_V112_000041	a377d7f12a6295f0cbbf15cba2051dcb08a49e1a5b95a934d6acb43a503ff736	v1.9	BDBPAT_V19_002486
BDBAGG_V112_000042	97bf143f0ffddb40a64362becf06b40e935de8a17faea54f5ff24d85c8a11fa6	v1.9	BDBPAT_V19_002324
BDBAGG_V112_000043	781d003a365d7679bec22b5f58bde32e8038c607a85658aabb945142d8030842	v1.9	BDBPAT_V19_001855
BDBAGG_V112_000044	ba523237a0fc3ef1b6422d136934fabfe5d3245eb5906703ea9bc96f80852982	v1.9	BDBPAT_V19_002834
BDBAGG_V112_000045	49712eeb075f4a359891d408a99ce860e082940d23dfeb629771775835183c0b	v1.10	BDBPAT_V110_001420
BDBAGG_V112_000046	8ca12fa4e57339eddc3c8d0572e55f3542fff3c91402faa1ea2c84f71701a061	v1.9	BDBPAT_V19_002150
BDBAGG_V112_000047	951415aaceb0b82664e18ff06036540ed2d48baa56a6e3023b193f928f1e7b79	v1.10	BDBPAT_V110_002480
BDBAGG_V112_000048	290aa5bdeec49c497835676623bb0a4d2c71d952d17640414a3bd678d5f18e1b	v1.9	BDBPAT_V19_000604
BDBAGG_V112_000049	b35c7d48aaac31e35e4dce0e15888268703a3424ca7546bbee0ca7a6fc75e34b	v1.9	BDBPAT_V19_002736
BDBAGG_V112_000050	5d011c56d99f96169ab1804063a76aaec9a6cd93590f00e0dbe015c4158518e2	v1.10	BDBPAT_V110_001014
BDBAGG_V112_000051	e560e87caec149dcb05a89c644d16cc4bd2c5491e828f7e64bc55fd2e0325a95	v1.10	BDBPAT_V110_002356
BDBAGG_V112_000052	277a4c9c4a114e97f54f06295557417f0383131d2afc8af17076ccba203cbeb8	v1.9	BDBPAT_V19_000582
BDBAGG_V112_000053	4da52f16f8456afe98fef092d85034a61670204eb867c9405463d86261b4bee5	v1.9	BDBPAT_V19_001205
BDBAGG_V112_000054	b96d48b7e62195476b79d368edb2c6dfbd6f5a11156ed319b23a24c1cc27105f	v1.9	BDBPAT_V19_002825
BDBAGG_V112_000055	7c3f1ecc0d29da7ada2b31f18863c1644a4147d1e8861da1a55f2cdc6326c6e1	v1.9	BDBPAT_V19_001918
BDBAGG_V112_000056	4668ab50f9d3a09f00de01581b3d2279282e9e507356a605cc5f4ff5def853ee	v1.9	BDBPAT_V19_001067
BDBAGG_V112_000057	143c2632ae85860ac774db97a86d9c7cc7508bc22acc0c6fca66ee71af2cfaab	v1.11	BDBALL_V111_000850
BDBAGG_V112_000058	1d4600a3588d4f3daaefec8c273d65c10b4cdfaee782704cdd6ccae108bc11eb	v1.10	BDBPAT_V110_000007
BDBAGG_V112_000059	4990e58a430128f2c64bedae753678ccb720a61aea0de54e25fa5c44511498c2	v1.9	BDBPAT_V19_001125
BDBAGG_V112_000060	c9f021ccd7823f62b688ca999357065ace2104d134daee37d67b5dd4ab48350c	v1.9	BDBPAT_V19_003068
BDBAGG_V112_000061	21e878354ea87d9611c05c4508239a5b19b005f506189807a0a9ccebebfb6dcb	v1.9	BDBPAT_V19_000487
BDBAGG_V112_000062	8ff2ee08e65be49cac0d4b62c68dce6cdf2617fc749a776812ebcf04a648751d	v1.9	BDBPAT_V19_002203
BDBAGG_V112_000063	3f0d3c47834fb5c3474bf77a81d9a08f9b27f033e905a18d051586c0591217d0	v1.9	BDBPAT_V19_000942
BDBAGG_V112_000064	230c3f5f8ad5ad1877bd6bf8e8308ba45ed090d1b5f902cdd24af7d969bc3d64	v1.11	BDBALL_V111_000520
BDBAGG_V112_000065	ea75c706fd71afb69b1f1ce8ba5e3a56df00353ffd883bd93e6f323f91a1a91d	v1.9	BDBPAT_V19_003560
BDBAGG_V112_000066	acd670967c3c4b1812f5c9dfd3775e12faf1f8779c3b73470c5e46f27cb8ea62	v1.9	BDBPAT_V19_002647
BDBAGG_V112_000067	76266a33da68622d674f0b43083a4d9e292d37c0b433df3b4e45ff2ca1c01d70	v1.9	BDBPAT_V19_001825
BDBAGG_V112_000068	23829568f435e242e33a419d9c0c30788199032efd3264ef0a8d4792367a0f8a	v1.11	BDBALL_V111_000255
BDBAGG_V112_000069	22ac5750e290ff837626edd125f2a2687739fa317dc33b68fd79c85da1b25817	v1.9	BDBPAT_V19_000497
BDBAGG_V112_000070	f215a0aa3ab4e53b1938a31e23f72362745a725d193754c640c763fec5d8cd8e	v1.9	BDBPAT_V19_003691
BDBAGG_V112_000071	625fcec4aecccca0bc890f29e4060ebb9d7336530c3934aa235b0f9bc080752c	v1.11	BDBALL_V111_000249
BDBAGG_V112_000072	381c254e6b798c5e4541ddf5f6e295a348ecd0875eb5bdf8444005b697b1cc21	v1.10	BDBPAT_V110_000742
BDBAGG_V112_000073	92c55fb5eb9a450c387c3d706f6641705f27540d076df36217bf2a77bd8ee48f	v1.10	BDBPAT_V110_000623
BDBAGG_V112_000074	9917dd3e32798410319137e13578f09b48fd3852998f8383517379b2716c3f3d	v1.10	BDBPAT_V110_001558
BDBAGG_V112_000075	be5c3cfcdc8dd99f8510170a19a17583a523753028d93be57590b9484bd26044	v1.9	BDBPAT_V19_002891
BDBAGG_V112_000076	05e49701d9f2a2cb418de656bc94cfe280bcef3e3a7a40cede02c6361e23b6a2	v1.9	BDBPAT_V19_000082
BDBAGG_V112_000077	87b429a49a5c6b5782487576cd71da0663c32fcfc8dad80513914bbd34a7bde8	v1.9	BDBPAT_V19_002068
BDBAGG_V112_000078	b267f7e7fca60f827668448ece5e2bcee7de0c110695d0a9d57d60f4efab28d4	v1.9	BDBPAT_V19_002718
BDBAGG_V112_000079	4f44da42cfa55663aeec42c067488c07ec2876b08334b9bc4841dcebfdffdff4	v1.9	BDBPAT_V19_001237
BDBAGG_V112_000080	f2290041eec25bd0e6537c9172e32843f458acc9f0cf9f3f744cce9ac1749813	v1.9	BDBPAT_V19_003692
BDBAGG_V112_000081	4fc75b2dadda06277db63b5394a5290575b95f3945a242db8c3e33399bf689ca	v1.11	BDBALL_V111_001060
BDBAGG_V112_000082	ef8a050944641298fd40b82d215c6f0010ef815ba20974b4cf4dae3a47ed7e48	v1.9	BDBPAT_V19_003656
BDBAGG_V112_000083	0df5a20bad6a8c3e01845d77df0b3fa8fd52db07834a7115415ac2d3237ee848	v1.10	BDBPAT_V110_000095
BDBAGG_V112_000084	64d2ab71f6c6ca366ff3b781daf32a3fbf071a115c84369186c25af29e6f5da9	v1.10	BDBPAT_V110_001945
BDBAGG_V112_000085	b1841aa21a903d06cb3814f17b9b22455b2ca94fee9cecd298de00a68b93fd5b	v1.9	BDBPAT_V19_002705
BDBAGG_V112_000086	76e8bf9173e7f5c15cf36ee58850d9289906f64c8837e1e1ec9e2a9146d3d94a	v1.9	BDBPAT_V19_001841
BDBAGG_V112_000087	e2db538de011d54684dae7b34be4c2889f3a11ed714064d9cec3eae5eacf8a4e	v1.9	BDBPAT_V19_003443
BDBAGG_V112_000088	b2bd8e899704c68f5e6beccfad58aebb7ee494ef01b91bc3b4b77cf4d1410056	v1.11	BDBALL_V111_000418
BDBAGG_V112_000089	95e696ac6ba3ba495836605d4c9b8d4591640dbbd5c78c9b73da7342e86abb83	v1.9	BDBPAT_V19_002293
BDBAGG_V112_000090	18f622d042799dfd17fa2bf5752f60e6e1c6db78cad1e132701750ba432c88cd	v1.10	BDBPAT_V110_000825
BDBAGG_V112_000091	bc3e32a4e30a6fed228d58a40eff59a5ac7e97fbe9556160aef06aa3a45c00e3	v1.11	BDBALL_V111_000419
BDBAGG_V112_000092	ef2a2386bfa15a196e4715e04308edabb9056739d8adf5a501aabdebaef7f41f	v1.9	BDBPAT_V19_003643
BDBAGG_V112_000093	54725823f0005deace6d3b98ecafc0db90d62af4f7f5ca461b964958f400715f	v1.10	BDBPAT_V110_000950
BDBAGG_V112_000094	baeaa7dc079ad02c23646649a7413d156cb55193a047d02669a8e329d8e2a0eb	v1.9	BDBPAT_V19_002840
BDBAGG_V112_000095	10ff2496fa1fee044c08e183307b9674c24558bd0195419e271def8d22a4bdf3	v1.10	BDBPAT_V110_000388
BDBAGG_V112_000096	200cf0edc7f7900ac0be6391d4f9b66c863717d26585eaf9dc6e8deff2adeb72	v1.9	BDBPAT_V19_000464
BDBAGG_V112_000097	6b001a7907d82b6cf61f669e1593ebdb2adcf7247f26ee967a1eb65518ea68fe	v1.9	BDBPAT_V19_001658
BDBAGG_V112_000098	dbf13a2dfd0cfad73fc3fe95307b69971505efae22e12715a413fefe8e91aeb7	v1.9	BDBPAT_V19_003335
BDBAGG_V112_000099	18feb59897a6ce1c77ed6a517ec6b0c3c41c03bcde9c1e71654358ad41f875fb	v1.9	BDBPAT_V19_000357
BDBAGG_V112_000100	e74fd4f702201662d6b54afa1af4ea89cf9d431e217cf0f6a3adcc2871bde9f3	v1.9	BDBPAT_V19_003516
BDBAGG_V112_000101	be2905c0d3c2b198400c9052bb6897f9a4b5431a8855f1e45cf1c7e4106c4c56	v1.9	BDBPAT_V19_002887
BDBAGG_V112_000102	7e0c924d61cda77737d2b2a17a1f5d20608e09bbb67586d636aa891ebff43f84	v1.9	BDBPAT_V19_001946
BDBAGG_V112_000103	46af2c72d35d8fc43bc778ca55bb0d4aa3631957bf4bd17c7a84d85aaea93583	v1.10	BDBPAT_V110_000767
BDBAGG_V112_000104	d43cba0ff38c94ba441b268f4ff616d02b74a477be18a281a9ed7b1a95dfa0e3	v1.9	BDBPAT_V19_003224
BDBAGG_V112_000105	9380c77abeaffe377e240ec584af5719563a1cf22101ecda26b22aa19864fb5b	v1.9	BDBPAT_V19_002256
BDBAGG_V112_000106	ce92931fbadeeb8e9cc0c58f5ea981e6a5a55526015d9b02b613e2677877b9ee	v1.9	BDBPAT_V19_003127
BDBAGG_V112_000107	2c7723ea0f59431188fbb3f97479c4daa482cf5161e27bdea5a882a3f06a11c2	v1.9	BDBPAT_V19_000660
BDBAGG_V112_000108	fa4141934789ea9574dcfba6606bd4773fd55037ea680236c7bb185546d5fb03	v1.10	BDBPAT_V110_001396
BDBAGG_V112_000109	03abdc2e9e49e7e614d234fa2d73c1a5b8e27afc15b53a4969d23254f4df26d4	v1.10	BDBPAT_V110_001272
BDBAGG_V112_000110	ea82d0af5ec0f78cd397444a80f9a462ed34a56c5cd30b5f5b6659a285d74c16	v1.9	BDBPAT_V19_003562
BDBAGG_V112_000111	26a65a2fbc4c9e846b18dc53b73e35e41954f69e75730c98462c2f10c80a75e7	v1.9	BDBPAT_V19_000569
BDBAGG_V112_000112	9afad1082b3c106665d3495fb13b6249aaa46eb496019ad180ef2c17c0e3e059	v1.10	BDBPAT_V110_000648
BDBAGG_V112_000113	f3a45a2c13eb4a0a6e769bcf9a0fe2acb1d5e97b3069b12f6107c4f8c96bbcda	v1.9	BDBPAT_V19_003708
BDBAGG_V112_000114	a8174bc2e6fd31e47c9ca72c6b962e11e29b357385e100561af1e240004ca47b	v1.9	BDBPAT_V19_002559
BDBAGG_V112_000115	aecad93e8036eee1cb7a5bd391c3775e611deeb404f1312181b15fb78eebd550	v1.9	BDBPAT_V19_002676
BDBAGG_V112_000116	0cbf8dcec096daacea3f6e44d308781dcdd8e50fe65ac5e23ee262e20a52791a	v1.9	BDBPAT_V19_000169
BDBAGG_V112_000117	1b7998f3c8b5fa2210281f4562acf86e0445c2b0e915eaff6592b82980e433f4	v1.9	BDBPAT_V19_000397
BDBAGG_V112_000118	1fd70125fa7d1076acf351d296f0cdc228a63fa1d44c3d0175f4f1603c29b522	v1.9	BDBPAT_V19_000459
BDBAGG_V112_000119	877fdbc9e4e2f76b5c2e6d943b0136721d10fe81e68d89748c78e129e7009554	v1.10	BDBPAT_V110_000300
BDBAGG_V112_000120	0fe22f7a35236a3cc6c15c19ee3ca6a0671bc0e56aa57919055fd8678608a91a	v1.11	BDBALL_V111_000058
BDBAGG_V112_000121	74c643f0c710117e03dad790ab8963a0acfd25e4752166ea5685064ec722034d	v1.9	BDBPAT_V19_001800
BDBAGG_V112_000122	6105011b5c67b001e3857d4ff8a1dabf6d067a54eea612ff28798f2937c1831a	v1.9	BDBPAT_V19_001516
BDBAGG_V112_000123	9e243897a5314c04736aeacff1a7bd5033a7484f3748f6f981f8406041626676	v1.9	BDBPAT_V19_002421
BDBAGG_V112_000124	4b6ef07c90cf9a5c770d2bdc9f20c754021c83c7a278e3cd27403e03349f95b2	v1.9	BDBPAT_V19_001163
BDBAGG_V112_000125	59c15b6c76451ba40d2aa8a31690bedcc589e4eab24c5c5434bd0f674cb71b1b	v1.9	BDBPAT_V19_001393
BDBAGG_V112_000126	94f1c5993df6592709a3f37457936da2039f737737ba561f31f9c60a7b7c588b	v1.10	BDBPAT_V110_002426
BDBAGG_V112_000127	bcf97eec3532b973d681b468b327dcfc91490ac4952eeaff6fa447c2f6f6f11e	v1.9	BDBPAT_V19_002870
BDBAGG_V112_000128	16dfc2c991ce664973abf524a818356c9023384502128d023efe7a5cbf8ea3a7	v1.10	BDBPAT_V110_000277
BDBAGG_V112_000129	c0c21425360cc2fd46327fcf2c543323788ddd38f9b72c8a62e21af1824bb765	v1.9	BDBPAT_V19_002926
BDBAGG_V112_000130	ebc4fcb25a27189eb91bb6b1e746e1eb090b0672aebd9b28b8f4e5bd02db7486	v1.9	BDBPAT_V19_003580
BDBAGG_V112_000131	82184a8d37dee5ce86daab0afc3941139cb3376f1d0a5283c38edb0265ee6953	v1.9	BDBPAT_V19_001997
BDBAGG_V112_000132	da78809a0cae70642401021d282c9abd5b78a87f1509782265e6fa3086bdcc2d	v1.9	BDBPAT_V19_003314
BDBAGG_V112_000133	adab7f56105a5ceb547e162950fb5ad06da548da5a08820383a09911b8474113	v1.11	BDBALL_V111_001058
BDBAGG_V112_000134	4bf15f182aee5a97c93e27789d423eb762daf163e94ef9b4260690da5ef80b88	v1.11	BDBALL_V111_000457
BDBAGG_V112_000135	e8af15c7c8821bf282e53c3b5e854b102b55ddc5d04a84303ba260218088016c	v1.9	BDBPAT_V19_003533
BDBAGG_V112_000136	41130422ee9f628e45c010dc56d9e13621bd3a32b67241d3a9f8b1c5acabe9f4	v1.11	BDBALL_V111_000563
BDBAGG_V112_000137	04f47f7c4a34b3189a31fc1904db41239e3c41bde8fc607d3e1bf389f7772f6c	v1.9	BDBPAT_V19_000071
BDBAGG_V112_000138	3174d9472de8bbb9bd58980a8e46d79cfa42453437a14c183d22551e2f4c7f9b	v1.9	BDBPAT_V19_000747
BDBAGG_V112_000139	907381c5d2a3bb627596e42ba55bec831086b0edf23927065e599a4d50c76cea	v1.11	BDBALL_V111_000449
BDBAGG_V112_000140	7a7f87590d8cde6d480640c2d13b4f4d3e70bacd93f4c9d35cb4f87b0e842f74	v1.11	BDBALL_V111_000616
BDBAGG_V112_000141	6cff5fb26f699f241d6266aa96cf56c9f7715c8040992c6302595562c034622c	v1.11	BDBALL_V111_000974
BDBAGG_V112_000142	4283c0f443db4c2df434646d14b11f1180e6248971df3d5baa24c829b14f4ea3	v1.10	BDBPAT_V110_000207
BDBAGG_V112_000143	c1a7508f01bc1a1e09a65f3d78d64d0aa49d23c85363c5c5394b1ced4b33d82b	v1.11	BDBALL_V111_000810
BDBAGG_V112_000144	65626f528c75a0123ace478162e8c8ee8c52d86aae5412548fffb1a41cdeeded	v1.9	BDBPAT_V19_001574
BDBAGG_V112_000145	6f3e9ea880c2c58b9561463ba8ca1e6d2e2e33f647b442f44f7e1e5322647fe0	v1.9	BDBPAT_V19_001715
BDBAGG_V112_000146	40e5b484972a8c63d127f329bda9662fab565683a692c860fc93ac85a0b489b2	v1.10	BDBPAT_V110_001378
BDBAGG_V112_000147	e156081062ebd11082a8756fa55dbe716fbead440052e535f5371e3f590eda2c	v1.11	BDBALL_V111_000658
BDBAGG_V112_000148	e25d631be044ad28b29e262bf0cde07c17b5b114efdcc6f95324a5b26cca5fb2	v1.9	BDBPAT_V19_003434
BDBAGG_V112_000149	a5e13bbd5541753eedf2d5b890cc72605d3a80ae77aec500f8fefb306ccc9d83	v1.11	BDBALL_V111_000311
BDBAGG_V112_000150	71f7b41ff23f52cfaeaad9fe25b46fc30e017dd87e2ace6e66d895240dffb0c3	v1.9	BDBPAT_V19_001759
BDBAGG_V112_000151	c99136c676fc246a0e783de1977796ee8e7d1093320da08b5ffa325defe64bbd	v1.9	BDBPAT_V19_003061
BDBAGG_V112_000152	616af9e7aa546d6ee0454f81e8d29f5a4b64d48c4bec58ea4db859787f573ce9	v1.9	BDBPAT_V19_001521
BDBAGG_V112_000153	32286b98240ac7972c911066dac06d650deabcdb0e19de409faee05727c6cf24	v1.9	BDBPAT_V19_000755
BDBAGG_V112_000154	30646a39e1a74b3b1dbf85ee9ee44b42e8724c3c9b569be52baef4af144585e7	v1.11	BDBALL_V111_000847
BDBAGG_V112_000155	d36882196a6a47e9bfc4a3214ecc9723b8103674d4ad27846e6ce3afda9c1427	v1.9	BDBPAT_V19_003206
BDBAGG_V112_000156	dff3c61674cf0ba305bceef52eb5d20815c29dcfb4c1924c6d6011a49ccdb2f4	v1.11	BDBALL_V111_000614
BDBAGG_V112_000157	4e8809d2313389ede28d9d413df7f9a59ecaaf4c4683599e2cde70b29fde99c6	v1.11	BDBALL_V111_000879
BDBAGG_V112_000158	8be16cd67be451c11959d4655e7c45789be95d8bb0ae2e5d4df0b91b83250222	v1.9	BDBPAT_V19_002137
BDBAGG_V112_000159	f94145480c95d71c8a4117ff9772c8afc680cf0e6125b6e350925b6f6ff0b3ec	v1.9	BDBPAT_V19_003776
BDBAGG_V112_000160	6d1a468fe784f54c9510b9075ca08555839e5d536346563927bf5976d5c78363	v1.10	BDBPAT_V110_002017
BDBAGG_V112_000161	2ff00ff76876d48119ab3a5669822adacc1a04b335e365ac746bd6e8ecf84c90	v1.11	BDBALL_V111_000303
BDBAGG_V112_000162	20d2744dcdec03dbb754d28c772e096f92e87c1c58eb6b8d5af0f774aa9f956a	v1.9	BDBPAT_V19_000478
BDBAGG_V112_000163	f88c4c3953bf85b2ed2bcd48b4c1b10cc255662bb04e669d605c9a2ef5f8d96e	v1.9	BDBPAT_V19_003766
BDBAGG_V112_000164	09355c8417c1de92d40ebbc65f3fbf3ac8569f4e8ff925ff62cab0ec0c039301	v1.10	BDBPAT_V110_000851
BDBAGG_V112_000165	3f3cd6eadb0f456603be830e606d632801ca2f43519946a1de12ac6ad64720e7	v1.10	BDBPAT_V110_002032
BDBAGG_V112_000166	e6660f7e0dde29c225fe0199b0a5393926dee7e147a0c3dfe1b5aa4b1b2f6bca	v1.11	BDBALL_V111_000479
BDBAGG_V112_000167	870df77aba128d9870dddd293a225fa1930dc8f5042a9e4938b0629879a2cc18	v1.11	BDBALL_V111_000556
BDBAGG_V112_000168	c51bfe8c15ffc4823e081ac723c0542356782579ac72b75e80895513b09ad5ff	v1.9	BDBPAT_V19_002983
BDBAGG_V112_000169	d0d06f43960818848bda7c40f82415df775ea3f2657b9f519a36d011a7b9e641	v1.9	BDBPAT_V19_003176
BDBAGG_V112_000170	2540372cbca70eeb1d6441cc6c5885c45e4d7aa8dcb27b4ac42ccb8f622db34d	v1.9	BDBPAT_V19_000546
BDBAGG_V112_000171	1ece69c06a048d33d4603e1941b04b52082b1e3f37dd3b18ef2c7cb56f189435	v1.10	BDBPAT_V110_001511
BDBAGG_V112_000172	2ea283fc9a106180baae4d45e039282e917714272d4733c125ef9ab79ab30c28	v1.10	BDBPAT_V110_000377
BDBAGG_V112_000173	7284d44490c0b82d013cd8432c736f95842cbb21b03a589adebaaa04049aa31b	v1.10	BDBPAT_V110_001903
BDBAGG_V112_000174	07803d3965440d2c6e708e10b8d0569b36a3f720c1446bde3eb67f8ee6205629	v1.9	BDBPAT_V19_000101
BDBAGG_V112_000175	0dd35c3492cbb3f06e98045c681bf47462587ec6a3c3cccbbce53b88abab88eb	v1.9	BDBPAT_V19_000180
BDBAGG_V112_000176	5c9a25a7df39c105a8319c015e2514789eaa14c9dbf8a4edb120d7e47d7fbcbd	v1.9	BDBPAT_V19_001439
BDBAGG_V112_000177	43ea04fc60f598e9ec7a90c986c516e3bdcd06312c103908e557c682ba27f5f4	v1.9	BDBPAT_V19_001024
BDBAGG_V112_000178	58bc4a42f831ffad39625121ef71501860d9a2e6bdaae0ef1d76b240c00554a5	v1.9	BDBPAT_V19_001374
BDBAGG_V112_000179	c8c8d23d6d358f0ba1c88f217d0e0bc53d1e90d40b27072eda21f7c8c4213c4d	v1.9	BDBPAT_V19_003046
BDBAGG_V112_000180	13b049e16c9d79eb0552852dc2edaa53b903d861555cce8a410286d398025cad	v1.10	BDBPAT_V110_000597
BDBAGG_V112_000181	01928beb0d47be53b92e5ec382253ef208efd8c70bbc94c806072c403e57f06e	v1.11	BDBALL_V111_000018
BDBAGG_V112_000182	7780794d9c3306327abfb8d3bae44f81f90a422de294a1cd6e2262ed9a033a0c	v1.9	BDBPAT_V19_001849
BDBAGG_V112_000183	de65293f3370633b14f448e8b48e1663e06a681a8a98f80d90d27a5b1b224552	v1.9	BDBPAT_V19_003374
BDBAGG_V112_000184	897103c96e605b419529b9f91d4f564248069ec4a8bc89651e332008206b41b1	v1.11	BDBALL_V111_000774
BDBAGG_V112_000185	14c6113e17e9220292200fd0fed810ab4c980b0db8f4d6a2489d1f959b65d5ce	v1.9	BDBPAT_V19_000289
BDBAGG_V112_000186	2cef4f7c9ed400d50595ef46da3a364bb92449011c22ea1ba339871a08abba49	v1.9	BDBPAT_V19_000666
BDBAGG_V112_000187	7c827c713f768a18a73fdfdbb7b570bb37e1c1c80579da0ade631c47d4330b3b	v1.9	BDBPAT_V19_001922
BDBAGG_V112_000188	c8d1ffd2877b63bd67a89053d0dc11363678bcbce34ddfb06f2f0bddb75544c7	v1.9	BDBPAT_V19_003049
BDBAGG_V112_000189	3761b5f1054f2d21c91186ea80c9a45cb800a5e10510c851537dba03b706ff80	v1.9	BDBPAT_V19_000835
BDBAGG_V112_000190	ebcc69d297f2ef0e6c7a4fe426766f4a510f4438ebcc0f3364495f6c9a36ceb1	v1.10	BDBPAT_V110_002195
BDBAGG_V112_000191	626665c1ededceb9df103ac8215d9e547e7e91faaa27e40d7c62ed8a58b6bd3f	v1.10	BDBPAT_V110_000192
BDBAGG_V112_000192	30d4d2a6578c1572287e197955fa236c8eccab604f5546cc42af95b69932aac7	v1.10	BDBPAT_V110_000933
BDBAGG_V112_000193	1b2ea37789ce51b5b5d25a37b6366fbf3c1cdca7106e2adb51f5336ca5b66bc5	v1.10	BDBPAT_V110_000096
BDBAGG_V112_000194	24f1fbf95772226e37293886df0b4a28ca1d9dfe19f57e446052bfc2518caac1	v1.11	BDBALL_V111_000083
BDBAGG_V112_000195	ac161f45195dd876336e2bd5eb61155f2b2e88a1478fc41cac3042c9e5de7473	v1.11	BDBALL_V111_000610
BDBAGG_V112_000196	dba4223f651ee064438276459e95b04765eacfa2d368b96ace64efad1e806626	v1.9	BDBPAT_V19_003330
BDBAGG_V112_000197	f875fde2215d4a6c0cf45da6a9104fa945cec1cb4fd03e331635aa45fa63cd77	v1.9	BDBPAT_V19_003765
BDBAGG_V112_000198	053170998adc5898b64254db0a1f572a8cc8ba50f714623c2cedc00dbc5192fd	v1.9	BDBPAT_V19_000072
BDBAGG_V112_000199	6b26b5e4f1e5c78eccc033ff227b041c48143901f6ba9394032b70ac81014962	v1.9	BDBPAT_V19_001660
BDBAGG_V112_000200	a8075073df88aff4a3bb3e6bed18103dd732abaa2d2154adcb633bd6da79cd88	v1.9	BDBPAT_V19_002557
BDBAGG_V112_000201	5ec54a000219cb1e352f1778d7e43c7273f216acad07d80af2f91034aff9c982	v1.11	BDBALL_V111_000253
BDBAGG_V112_000202	e220807fc886533b4c142bf87c4ac8df52e1e600939687f51851f7a652c62f4e	v1.9	BDBPAT_V19_003428
BDBAGG_V112_000203	8e8352f2fe933de4dda93fb92efe720319085aabc6df34ebab06fd2bcb6575b1	v1.9	BDBPAT_V19_002183
BDBAGG_V112_000204	ca2b28bdd0b6cfaa06bc227d44f79160e19f8793bdd8f983b94f489b192474af	v1.10	BDBPAT_V110_000664
BDBAGG_V112_000205	9c45c05f25823969eda7f54503940221a5e3ecdfb649664d6374de3f86bdaf65	v1.9	BDBPAT_V19_002385
BDBAGG_V112_000206	366e56f66dbea193bdbc7acb183e457d69c40c5e89240652cd7dea5239e1601e	v1.10	BDBPAT_V110_001773
BDBAGG_V112_000207	509a05e3ef965406f601e23b2e31947de1030d5b88bf8c557f75b77c28725720	v1.10	BDBPAT_V110_000981
BDBAGG_V112_000208	5a78f7b74427cfd361ed5fe74e50392b2f148bcf0924c575807763b632394c26	v1.9	BDBPAT_V19_001406
BDBAGG_V112_000209	ef74eaa640e68fa15926b8279cf4609d1a3b1bda9089007c1075570d6de1aec8	v1.9	BDBPAT_V19_003654
BDBAGG_V112_000210	7eb45e5647386580f2ad028cdb3f73a04737de7a0958c51396df7f861045cecb	v1.9	BDBPAT_V19_001953
BDBAGG_V112_000211	0a4677873ab922727a2a77771429540e5b2bbfa8f1820ddcff9153b299a93286	v1.10	BDBPAT_V110_000090
BDBAGG_V112_000212	2800795657633a3e7c87e16ba00318da1545b0992e2f0f2323af0b8874c6f381	v1.10	BDBPAT_V110_001559
BDBAGG_V112_000213	8800c2a54fa5744f2d82db3a1354976fa30600164639a808d154c696cbfd6107	v1.10	BDBPAT_V110_002048
BDBAGG_V112_000214	056d129e5605209f0e096ff608f9e25a437dcb2825adb32d5be0b7ae86ca8c29	v1.9	BDBPAT_V19_000074
BDBAGG_V112_000215	32cbc688c166035e9476ef77236ea4a38c60ebe7b09c7b930474092ba91af608	v1.10	BDBPAT_V110_001408
BDBAGG_V112_000216	6664982d9e8452c38f84ee39f8098d1cc05c29903d373f4a3e21626e5496cd88	v1.10	BDBPAT_V110_000791
BDBAGG_V112_000217	c9cb272b5162bfb31243c18eac35b159a0b133526d1a84035556beb148402fa1	v1.9	BDBPAT_V19_003067
BDBAGG_V112_000218	3b7c2add5dae34ec38602804626db244fe04e275a802b34c49aff94be2d5ff85	v1.9	BDBPAT_V19_000892
BDBAGG_V112_000219	0ff7fd43c566b9a68ba449a49d075167a04f7cb0f8af2508895ee36101bca915	v1.11	BDBALL_V111_000498
BDBAGG_V112_000220	a8846f5a4652140de0f82f2e52193c690f637d49dcea32517c2d87f901afb9da	v1.9	BDBPAT_V19_002566
BDBAGG_V112_000221	c5b0198c7d063ced52b514543e9c3de257f5e5f5bca64f1d49125affee7246fb	v1.9	BDBPAT_V19_002992
BDBAGG_V112_000222	2defdd51aaaf6331efbb9f4035ef70a5dc3f027bab6cc205dea1150e6248a83b	v1.11	BDBALL_V111_000845
BDBAGG_V112_000223	784fb2452d655db546b33914a13fe497164b683e914e0fbfcaf1b57019be1d8c	v1.10	BDBPAT_V110_002304
BDBAGG_V112_000224	1aa8afede4515b05e053c26e91b688a88309505c2cc7932555185f1cc760b0b2	v1.9	BDBPAT_V19_000386
BDBAGG_V112_000225	35a8ac95e66df5d7335bd064af20339fb3ebbb0257083d123a4ad174eee2c9fd	v1.11	BDBALL_V111_000921
BDBAGG_V112_000226	b6dbf5ae820ba289e00cda6c4ac87068aa0aa1540ef4784cca9a8c04b6b2ec51	v1.9	BDBPAT_V19_002789
BDBAGG_V112_000227	587c98d55d25092771c5c938c5b5e4855b4462989d431171452eb1dfa37a992b	v1.9	BDBPAT_V19_001369
BDBAGG_V112_000228	e308b1c1ae642567ceac76bcccbfd6f5542df742dd57530aeb7ac35819bb9f75	v1.9	BDBPAT_V19_003448
BDBAGG_V112_000229	9dcc3c15d3ed8cd289cc68a5226eacc656e05801dcb74b3096e8a9c2e060bf79	v1.11	BDBALL_V111_000507
BDBAGG_V112_000230	076f0b8855ac8490c05f8b371fc9abf9111ca54ce956f8ea05913a3bca7016fb	v1.10	BDBPAT_V110_000629
BDBAGG_V112_000231	33fe4df85e2fa5cceb3034c7adbf41f391a799df0121ed10b9cb97dd3954bf0d	v1.10	BDBPAT_V110_000667
BDBAGG_V112_000232	44982f911678d49c1745115edda0a078d78bacb5a7fb347e164b4618f26ecbdd	v1.9	BDBPAT_V19_001037
BDBAGG_V112_000233	4c484423398caae2b936a97946140eeb0bb6e0f76f57be9c04f4534d753585d4	v1.9	BDBPAT_V19_001183
BDBAGG_V112_000234	49353e2bcde3eb2c84596e480da373dd9f330c3750a0bf9dc1a9dc9f3fb75104	v1.10	BDBPAT_V110_000915
BDBAGG_V112_000235	1449d77b98a42f09826105bf2cabb55973bf2a9bc0922f8ab4428571bc9c184f	v1.10	BDBPAT_V110_000673
BDBAGG_V112_000236	3cd0451413e83cbaddbfbb4b6246089a7a83e0bb87fd7629287054ba7c755ff3	v1.9	BDBPAT_V19_000910
BDBAGG_V112_000237	95e8747d420e5cad45de764dbcf8d21016f065ee7669641532f84733bfa9e0fe	v1.11	BDBALL_V111_001045
BDBAGG_V112_000238	e2ecb964859a298194f2c95c2fa313d09d6311a6e246bb26697d69ee50611ee9	v1.9	BDBPAT_V19_003445
BDBAGG_V112_000239	023a63fcb4d96040de949c8aacddc6fa5783a0c8f0d7255b7fef15050699bac5	v1.9	BDBPAT_V19_000035
BDBAGG_V112_000240	daeb45f83b7e048134997c355d4742454039d0b7ec33ebeca8e53786ce431d13	v1.11	BDBALL_V111_000564
BDBAGG_V112_000241	817131d0d5f383156beaa0002f91f9b8bc5baed2a7405bef8a980abbc2070121	v1.9	BDBPAT_V19_001990
BDBAGG_V112_000242	a5fadb6df96c5ede6b5797d011716727e3764ea53dc61f12bbad9b988b959702	v1.9	BDBPAT_V19_002524
BDBAGG_V112_000243	c5e31e7cb3b8ec7cd647c3b2e3bb0fb811ca948550f9672934457416aaf4b406	v1.11	BDBALL_V111_000700
BDBAGG_V112_000244	7d2b7c2aaaf842c7f4a8dfdb4401061fcf2b8b1995e16063ed3227ccc1566003	v1.10	BDBPAT_V110_001246
BDBAGG_V112_000245	752c6973085b3e50389c37c73877d09b7aaa93d8d1231402fce0132b71db9e1f	v1.11	BDBALL_V111_000191
BDBAGG_V112_000246	955e3cb1a2843f446256db210b3d041669030d5898f4618328321040ccbfc38f	v1.10	BDBPAT_V110_001358
BDBAGG_V112_000247	8a138991e06146e21d4d15a8a82b0c5dda2dda7aa0a988dbda7d81446e7a4d91	v1.9	BDBPAT_V19_002104
BDBAGG_V112_000248	d8c555df1b2005ff6057b7f1e1806888940b07f8203bcd400640b33d50914f63	v1.9	BDBPAT_V19_003287
BDBAGG_V112_000249	72a9bdd861fa787ccea1429d18f10a850e3b4d9a82e3555e821388007f715c73	v1.10	BDBPAT_V110_002074
BDBAGG_V112_000250	17941ec596c3cf399a0c1c199e3fa3f9dce5592caf27dff168889b63dbe1a67a	v1.9	BDBPAT_V19_000333
BDBAGG_V112_000251	fb053f26f79e0e589807e57fcf93db4c47ac4b6742eda8e292a302f823bc7fbb	v1.11	BDBALL_V111_000770
BDBAGG_V112_000252	458abb964007b639017c11cb21d55c26b3a77a8b517c8f96a8904ce7e5cc0639	v1.11	BDBALL_V111_000106
BDBAGG_V112_000253	86f5ed0646c615436c511f4ad08d319468d9a8b99f55337d44d34c1d3b9e8ea2	v1.9	BDBPAT_V19_002059
BDBAGG_V112_000254	15ce7989b481419dce52614ccd99b5163db9bdeb7dbed6c0f1cc7690642048f5	v1.11	BDBALL_V111_000970
BDBAGG_V112_000255	e48a2f2512dbddc24bde8414fc8bafbdc91f72896adfdd2635406e3699f5dae8	v1.9	BDBPAT_V19_003472
BDBAGG_V112_000256	70c694651bb3134324c3f3cee4344530a4abc95f22aaf876f576c204a8d1636e	v1.9	BDBPAT_V19_001740
BDBAGG_V112_000257	0aa9dd5438d3b9ffd74949717f802d0219dc56586264650ffd9a8a059d01efdc	v1.9	BDBPAT_V19_000141
BDBAGG_V112_000258	e1954bba7a3fab12c9967b7cf6ff01c18cc21390ca402f12bbba8be0f5b1eec2	v1.9	BDBPAT_V19_003423
BDBAGG_V112_000259	5cc3dcdca6a63762a023048aa9bbb736a99338aa08bff508245397fffc236940	v1.9	BDBPAT_V19_001442
BDBAGG_V112_000260	9dd7c8f699a9552bfaed480aa3c8a26126345426121379c85df18a90efe248ff	v1.11	BDBALL_V111_000031
BDBAGG_V112_000261	170d3bc28efd6a1d7d5c302354db5749812d7b5a83c3d9ecbdb71184d2a4c935	v1.10	BDBPAT_V110_001692
BDBAGG_V112_000262	4db10aeabb59cfd2c39a41dba756ebbb56a0edde50d0483352ef401342582d30	v1.9	BDBPAT_V19_001209
BDBAGG_V112_000263	5ea4495d4baeac2eba525ef218607a7a22bb6ee78d95c69b5548b5893fe5663b	v1.9	BDBPAT_V19_001471
BDBAGG_V112_000264	3ed80407c14fafc706b90c68208f2d2e9410a287cd0c67c9e5fd540ac690ed7e	v1.10	BDBPAT_V110_001762
BDBAGG_V112_000265	8fa8995574428cbd59b69097f0402a57b0ac4aa81966e4f44a01aeead907443d	v1.9	BDBPAT_V19_002199
BDBAGG_V112_000266	e8a503da29a5e21232d9043ac65a8f04f1c50cd502761f0dd50680701b948b55	v1.11	BDBALL_V111_000154
BDBAGG_V112_000267	75cf1ab0cc4abf8495e453ee2a9d0d3d74c86861851e6333b1d0153326e22fa5	v1.11	BDBALL_V111_000634
BDBAGG_V112_000268	a7489e87ae35e63ef4011ba5f800d699c5fcbd6b5a2762c03e98edb90fe6cb0f	v1.9	BDBPAT_V19_002543
BDBAGG_V112_000269	06638abb6f356af29ff26eaa483c0f370eb8653b32af2cfd52040cd68bb80d1b	v1.10	BDBPAT_V110_000372
BDBAGG_V112_000270	3fefd696a02596fac0eccac2512772641cd765ce3af6cbbfd8703a7e5c876b21	v1.9	BDBPAT_V19_000951
BDBAGG_V112_000271	9e1bcb20c7094db3a3ad9080998c76c95194d26c21085b2c40047b0bf213ad8c	v1.9	BDBPAT_V19_002420
BDBAGG_V112_000272	7792d7813e4b77e596fc3c041d0bc700c75ccfae1bac84ce12c640fa6be0a38a	v1.9	BDBPAT_V19_001851
BDBAGG_V112_000273	057fb0cafa7c6627a9cb38440521f1f16838a485529f9102c1fc1704fa8c9008	v1.10	BDBPAT_V110_000162
BDBAGG_V112_000274	1b57e628c3a446216e1e3f5fced8c1432923baf9100ce56cfecf91de87ad0359	v1.9	BDBPAT_V19_000395
BDBAGG_V112_000275	7445ec3842d4a4234a1c2c68811ecc326ad304080d0e529508fdc262ca25beff	v1.9	BDBPAT_V19_001788
BDBAGG_V112_000276	cd5c3c2076b70a499a795958a0c380cf764bea803ac59f870b16bbbdd6ee622e	v1.10	BDBPAT_V110_001675
BDBAGG_V112_000277	2a49d84864b1c4ac8375142e359af9aa4be791ea1266eb91e3dc4aef3ced39dd	v1.9	BDBPAT_V19_000624
BDBAGG_V112_000278	d9b7698c41cf75868bad4b87c4ba619e57066ca45be1d701e7d15b76ae2497b5	v1.9	BDBPAT_V19_003298
BDBAGG_V112_000279	c963f94fad1643d9496d5474387406970840fad41d86762d4d9e306166ef973c	v1.10	BDBPAT_V110_002162
BDBAGG_V112_000280	a57d3943c69b027d3a4ccb461fa0f866da242ae814f9c7ed23f9f7d0ee996658	v1.10	BDBPAT_V110_002320
BDBAGG_V112_000281	2e0c8f59ab9f555726d7809c53ecf20be06b6ccb2fc427b7fd92642b570d1077	v1.10	BDBPAT_V110_000119
BDBAGG_V112_000282	3beea80b1b38a38aa02f3160f6d67626232bdd0d21e07ad090d76a1218a3a53c	v1.10	BDBPAT_V110_000153
BDBAGG_V112_000283	53b62066859a2bd87cc251d0a02503f914ce7df7840abfe94a4e8ed673c9a09b	v1.11	BDBALL_V111_000326
BDBAGG_V112_000284	add598e498fbf34943c1f8a7c87680643ff45a3587790db4f2342d97d2d09566	v1.9	BDBPAT_V19_002662
BDBAGG_V112_000285	481b5920281b9f7f742ac2549911db37887ec8845423428cce9d55549671e565	v1.9	BDBPAT_V19_001093
BDBAGG_V112_000286	b989efbe119ca31e35d2012166f3bf47c14fc56a3a457131a974c6b248bf92f5	v1.11	BDBALL_V111_001066
BDBAGG_V112_000287	f07698d84cff0ec196f3b6000d1b75b620b6fcb00498171d49ee4b8279950bfa	v1.9	BDBPAT_V19_003667
BDBAGG_V112_000288	817f3b6ed346128a6a75728fb250fcf7df2e0ecfcf4632a516e665a09bf29840	v1.11	BDBALL_V111_000503
BDBAGG_V112_000289	78e0f678ce6541af40ca26ab016b3a4718515df9014c07479ffd6ee3be0ef8dd	v1.10	BDBPAT_V110_001925
BDBAGG_V112_000290	c794ddb8072d7e9a466fba84494bb3ba951d0bab99518bf338a99b5611047a3a	v1.9	BDBPAT_V19_003026
BDBAGG_V112_000291	7aefc65751998bc3f604794a98e717fc62d98d1878dab94e7849a1e02b9db808	v1.9	BDBPAT_V19_001897
BDBAGG_V112_000292	14635e569744bda1346602ed7ae696770cde23ea5a083d5297199972c40970ff	v1.10	BDBPAT_V110_001476
BDBAGG_V112_000293	e886d2cded044ec2e2c560b830003490c2f8139233985f73ae9ad82f5972acb7	v1.9	BDBPAT_V19_003530
BDBAGG_V112_000294	7956668a6c711e728f00f6c445c343ced0bcf18fd970aa68167b4914a5b0517f	v1.11	BDBALL_V111_000804
BDBAGG_V112_000295	67275fb1fc61718d1968ca9b378763c7400e298150fbc3616317daf13e650590	v1.9	BDBPAT_V19_001604
BDBAGG_V112_000296	7ef21c2d169396564456e36d7fefca502731743d7a191620610406e77e5908c9	v1.9	BDBPAT_V19_001956
BDBAGG_V112_000297	86691575b7a03594bbcd9da8d766ebc2df76c119bee652bb50e8c0a4e1e7ea20	v1.9	BDBPAT_V19_002052
BDBAGG_V112_000298	2f45060946ba9aa99d9f7d758bd8b1cd4e008996b8bfd70fd92b6522b4a66dd2	v1.11	BDBALL_V111_000304
BDBAGG_V112_000299	3b046ca32d3ff4cbf53f5ebfc34e5ee9b5841d94fd087699e469df06bcb2acbe	v1.9	BDBPAT_V19_000885
BDBAGG_V112_000300	979d44b34605dcbed6e6a628ed86c39033f58b7427b9ceb1813194ec9875b07e	v1.9	BDBPAT_V19_002320
BDBAGG_V112_000301	5f5cb1cdeb2ffe65cb5989a0cafdfffff8352287db4e03d5d50a68fef2a98fcd	v1.9	BDBPAT_V19_001484
BDBAGG_V112_000302	08012bb8185c23840dcc3d14d62f536b41b9bfa78ec04af38537f5c8a40a6c84	v1.10	BDBPAT_V110_000251
BDBAGG_V112_000303	1cca8b13dded3fa11a067bfbd3800a985a947b7186ac4cd74ae273a87fe332e0	v1.11	BDBALL_V111_000245
BDBAGG_V112_000304	79b3855c3989022ef0926881285d340e480dc357e10cea1c4351bf475b94821a	v1.9	BDBPAT_V19_001873
BDBAGG_V112_000305	a2c171bd8bc541a924b67f13aae56a7376be3af6940abaf08bd144e1ae47e80f	v1.9	BDBPAT_V19_002476
BDBAGG_V112_000306	34d965b4a54c567ca9c9fe9607e213dd36ff5efe6852592ddeffba6e7219ebe6	v1.10	BDBPAT_V110_001731
BDBAGG_V112_000307	bbe9c192732a957be3411d5b476294caa79c632f3b0a59966eaa776d4cd72e00	v1.11	BDBALL_V111_000273
BDBAGG_V112_000308	21ddab77a1e29e130652a10907e7e6eb54dbb3e6f401f57a3c59436863fe108d	v1.10	BDBPAT_V110_001020
BDBAGG_V112_000309	e9e4e41dd2b2c9da7ecd5be2ddba329cbf061eda5501b5278971e63769b4d691	v1.11	BDBALL_V111_001091
BDBAGG_V112_000310	2906d4317f6b9b37671613c7ed2c5e096a3b5ed2a47a95ef12d0be74dc0affda	v1.9	BDBPAT_V19_000603
BDBAGG_V112_000311	723fc3d1463e803bf9616b6e6da7c0d28fa31db23ebcc3ccc6c8d4a5ebc77916	v1.11	BDBALL_V111_000972
BDBAGG_V112_000312	b71bc62109aad1dd5245be96f2165686a241cf54e735abf152b95c0643579194	v1.9	BDBPAT_V19_002793
BDBAGG_V112_000313	7f93f540079cc7abbe538139ace429d87912a77ad7d139a0cc2cfce121847d8b	v1.10	BDBPAT_V110_001497
BDBAGG_V112_000314	8a5510dfcb782e76174b0ea49d52f2715604880c6d0c148f2564f00094d43e57	v1.11	BDBALL_V111_000561
BDBAGG_V112_000315	a1b53f403ab95da9ebf9b73c6307bc34cffb8a920ff15b68a920ae9af43d087f	v1.9	BDBPAT_V19_002460
BDBAGG_V112_000316	298b561796a96d1f1d30fcdd2edeff4e821c4b6f225fe7a806612938c48068ab	v1.9	BDBPAT_V19_000611
BDBAGG_V112_000317	14fa9a6bcd2459715d605853c60a9e8a65ec5e3fd02b80455372d28d3f3d91da	v1.11	BDBALL_V111_000053
BDBAGG_V112_000318	26ab714642afcc9ed7b6e2262162e47c02f72dfce343c3ff55fcc3db1704afe4	v1.9	BDBPAT_V19_000571
BDBAGG_V112_000319	05654c218bd27d51a00db1baa63f0e9fb288ab7ae611a53aa49a6e55bef59b0c	v1.10	BDBPAT_V110_000381
BDBAGG_V112_000320	f7206336335674203a7d440253dad6f06d95bf7b4d070fca18f30b5aeae96cfd	v1.9	BDBPAT_V19_003749
BDBAGG_V112_000321	630364021ec6fc8fa59c24c18360eba9a47f2d133d37c8b345239e0799f0383b	v1.10	BDBPAT_V110_001038
BDBAGG_V112_000322	06c1aec1bf3e698cd80c2e341ca5dabeed706eb99fc7450c4b7da748b8b2a23a	v1.10	BDBPAT_V110_001853
BDBAGG_V112_000323	599bb986f02a36a2763fa8189ee335b8b32e80966c3b100b0701c5ec9068985b	v1.9	BDBPAT_V19_001389
BDBAGG_V112_000324	5ba65f1d04a6a5024c9dd4c501188e52a5b5cf37acbbad8fdc43a764edeeb0d1	v1.9	BDBPAT_V19_001422
BDBAGG_V112_000325	9eba456b01a1c3d5c6f8ca7489bad1814443f5859302148b4e674bb0a84ea6fa	v1.10	BDBPAT_V110_000906
BDBAGG_V112_000326	0bc1486ba87338b4d905c8879089a2426e264ff90c65855be8e41974d9a97f5b	v1.10	BDBPAT_V110_000231
BDBAGG_V112_000327	cb9c06012c182d615c32e29633d1f27eb2724cd93e3f6b78528464faefa5b808	v1.11	BDBALL_V111_000059
BDBAGG_V112_000328	54ec1be80d90af084dfba42a0c7e8f1ff13cfa38eeead0a5f4298b2f9f2568d9	v1.11	BDBALL_V111_000114
BDBAGG_V112_000329	51c9ed5887f1f610971156a4cc36b7dbbb63ad029dd1fa1f2b5fe7b2721a5dd8	v1.11	BDBALL_V111_000994
BDBAGG_V112_000330	c14d67e7a4e63c6e93104555cb377976a2f079d2ba6586df308b46866791ba5e	v1.9	BDBPAT_V19_002931
BDBAGG_V112_000331	65d47bf7ef26cc88759af0ca72af463c8e6b80b112c4b93c8cace05298e9c904	v1.11	BDBALL_V111_000796
BDBAGG_V112_000332	2ba9c0677599733514bba5b0810adb3a47d5ff857f6990a3a5a7e4182858dc67	v1.9	BDBPAT_V19_000644
BDBAGG_V112_000333	3284f260ea7617832cd06b3880b5b1a0427213db70effa705c03d57fbe374118	v1.9	BDBPAT_V19_000763
BDBAGG_V112_000334	835a7afad5404f0ef036e546ff0096e0046ea6f779fc25d4e335a182070e9df6	v1.9	BDBPAT_V19_002014
BDBAGG_V112_000335	a37e9e4f843807caf37c98f0701bc66d6cbd538a77f12ea21e133781a95cbb1f	v1.9	BDBPAT_V19_002487
BDBAGG_V112_000336	3276919685c243f6970e2985aebba5c7fea672e5b34375e5f8461bbce70cae64	v1.11	BDBALL_V111_000403
BDBAGG_V112_000337	4c463847bb883855714de8eef6eb44ca5e4f4756e1bec641597b6a481dbdb835	v1.10	BDBPAT_V110_000202
BDBAGG_V112_000338	760615d315a2cc1e7e0c3c1cc7a20403c87c1d5787ddb25318928b35fb666e48	v1.11	BDBALL_V111_000142
BDBAGG_V112_000339	f69f8638892b968cf6c1ee3a58174ef6bfd17ee50011745eb63aaec494f68275	v1.9	BDBPAT_V19_003742
BDBAGG_V112_000340	f5f54c338a330fecd3944ae0e9dbefbb45f552e7e3e4fbea4920e6a7c32e90d8	v1.10	BDBPAT_V110_002261
BDBAGG_V112_000341	5f2d5a6d086642bb3f2da5bc0b83ba5f9638717a6c17c28402d47ef0ac13d55b	v1.11	BDBALL_V111_000428
BDBAGG_V112_000342	d730b9f82c41ac6f06228144eac081ea4d40e6df67f8a80e112eebbc3da42302	v1.9	BDBPAT_V19_003264
BDBAGG_V112_000343	ec5d9b4b2654e3ec727ac54b05c7d1701dbbebee2f86d129b7b578b0a360d6fd	v1.9	BDBPAT_V19_003598
BDBAGG_V112_000344	fd7f30fed42634f5fa8b63fa74fd637b259d3ce0a1a4b31eac4f43731915e43c	v1.10	BDBPAT_V110_000853
BDBAGG_V112_000345	c2cd0bdaa7b9128e9fb09a5447eeb3c9d25cd4b3d15975e4fc925468b8ca2093	v1.9	BDBPAT_V19_002947
BDBAGG_V112_000346	acc558281c39590e99fb7794a5ca7eb9999e41612beb7e2b3b0f3e7a76fad255	v1.10	BDBPAT_V110_001093
BDBAGG_V112_000347	8f31a0b8f6688ef5cd8f1cb571044e22f416f25fed53391ee99b6bbef845e3c7	v1.9	BDBPAT_V19_002195
BDBAGG_V112_000348	e6886175403048d525f1221946a6a054179a83ad3c3a5cff3952bb1b4c913e84	v1.9	BDBPAT_V19_003503
BDBAGG_V112_000349	1adee31d96c76b5b912ccf6416dcfb12b358f3c0b9b591934523d2c1da0c25c9	v1.10	BDBPAT_V110_001816
BDBAGG_V112_000350	a40e062a14fb200ccccc644f2d746a1147b5c41443a71067ab4545f307745922	v1.9	BDBPAT_V19_002493
BDBAGG_V112_000351	c60a768a58e15547c9690c6ed42bfc758634b5735cc93ae8a33f9a7ad8b6c259	v1.10	BDBPAT_V110_001811
BDBAGG_V112_000352	5f7a8506b57f337db3208063b486d9e29df6c9534e5ed4cc2032a2f97e461bba	v1.9	BDBPAT_V19_001489
BDBAGG_V112_000353	802b6cfb8ece23b4d8591e35d92e371591ab5981167134230d5d36b4867181ca	v1.9	BDBPAT_V19_001975
BDBAGG_V112_000354	4eb1fdbe47fccca4352aaac6c2b2240c286f6808a546d711963aa958f0794564	v1.9	BDBPAT_V19_001225
BDBAGG_V112_000355	c7340568d4f1c39bf869b4c34e59d7053b2a61e2e11e397970602360aaba58c7	v1.9	BDBPAT_V19_003017
BDBAGG_V112_000356	8a9a72031db30d550371aa8dfd499fd394b6f2cea3f10a58d6ad129cdd7d86ce	v1.9	BDBPAT_V19_002116
BDBAGG_V112_000357	6658d9e37a07644d0c88411d3b4d0d674f5021fd258cb484a0415983c6966288	v1.9	BDBPAT_V19_001587
BDBAGG_V112_000358	364914668b3e7b83ade595dfbafeb4ff474ca23f40b622b430fee245667c3a14	v1.9	BDBPAT_V19_000817
BDBAGG_V112_000359	078b9d664d45e387e4753418d4c6d0c703adef5ad0aecbfe1643cf3a774db6b0	v1.9	BDBPAT_V19_000102
BDBAGG_V112_000360	29a77d53d40778c14d6def698c4fbb0f13a6fb1b02fc1a2687005f6680a5149e	v1.10	BDBPAT_V110_000191
BDBAGG_V112_000361	f75359f45195c286ab7c6dc46fc6b75738bcd9fa02da3708ad7b075d342d7153	v1.9	BDBPAT_V19_003751
BDBAGG_V112_000362	d21ad9cb81114289cdeede3eeb57d4b7ae254fd12fb32e7ea191a1d7e62720ff	v1.10	BDBPAT_V110_001296
BDBAGG_V112_000363	097828a418737ae83c8499024a7553c2552e96c23e8f40b2afc012f598848218	v1.11	BDBALL_V111_000080
BDBAGG_V112_000364	452294e7efb1bf59228f5e1bd7804425ca4ac5b289dca1160b37ffb9e40fc2ca	v1.10	BDBPAT_V110_000242
BDBAGG_V112_000365	2ee94ad3c3a6bca93d9b056a60f7f2e902d0226ab908c8d1b591e489f669d5bc	v1.11	BDBALL_V111_000002
BDBAGG_V112_000366	86e91169f07ae7a767c333b92a539e4f14ee67d841f6728fe2a8b8a8991d9f34	v1.9	BDBPAT_V19_002058
BDBAGG_V112_000367	4612a24412029349e72b68346b4353ea2c2e38f943b081474bf9f2f65f3303fa	v1.10	BDBPAT_V110_001550
BDBAGG_V112_000368	17c7ebda31f1881a8ca003b90b799400f6a758afb8fe2c3a0fcd1cf1fdde36fb	v1.9	BDBPAT_V19_000336
BDBAGG_V112_000369	9cce910338ce9caafdde5ae502a706ef43590cf18644cd2a162475757ad5ae83	v1.9	BDBPAT_V19_002400
BDBAGG_V112_000370	c647a668f8c880eb91fc43fbfbb086a2eb8282d2d36cbe06111e706fc0f360cd	v1.11	BDBALL_V111_000583
BDBAGG_V112_000371	85abbe6f5a854786c14f12776a6ceda4610777064e804d9ce8ec59efd156f910	v1.11	BDBALL_V111_000155
BDBAGG_V112_000372	d9788c0544fe64b2a1d31fa1be72cde7649d1be0f43d0ea439d63f27372e7249	v1.11	BDBALL_V111_000741
BDBAGG_V112_000373	0e7c768f6801283f2f10f75a9724285a651c496909f099d0a5116904c081b247	v1.9	BDBPAT_V19_000187
BDBAGG_V112_000374	ae167cf7f66c6e081293d4b43e524b16ef0a9372ac6b5ea17d8468b0cc2fd74c	v1.9	BDBPAT_V19_002667
BDBAGG_V112_000375	01e3918aa18a2001c5533cecf06e2977c9c0a7fcbc0223ba1b98fc770928ff7e	v1.9	BDBPAT_V19_000028
BDBAGG_V112_000376	443bcb4c220748b64dc4173eead343f95735d4de8625c55244dd7236a8e662f8	v1.10	BDBPAT_V110_000418
BDBAGG_V112_000377	50ba86654a5794927b419329e1e787a735077d679335c86f34ddc4dfd0832f03	v1.10	BDBPAT_V110_002421
BDBAGG_V112_000378	eeaf3b4dd18d372b4ea59154224e9cbabf97a8ad95b61c34528069a49b8400a1	v1.10	BDBPAT_V110_002246
BDBAGG_V112_000379	c8974a89d7b0d58bb1ebf1c0aee41c7774845b1eac8868fe1b248a3d8d977593	v1.11	BDBALL_V111_000214
BDBAGG_V112_000380	c2b01af60e33f5dd236308fb056a91fb4691f0a57b2c965573e7f7e23465fe77	v1.11	BDBALL_V111_000012
BDBAGG_V112_000381	56c1a41e3f533d9aae97acf9a651ba0d75948ab537154182a675173e4406a582	v1.9	BDBPAT_V19_001352
BDBAGG_V112_000382	a822ec5bfffb636fb50ef654d0428daf8ff1dc68c49266d461e7f63bf4bea03b	v1.11	BDBALL_V111_000187
BDBAGG_V112_000383	1c068a4cee5695524108db602d8beadb40cb210350fb20c69a1b690cf55658cd	v1.9	BDBPAT_V19_000403
BDBAGG_V112_000384	514374f9bcf6756923308b02194c092b2126a3a558a1361b435c1eb6578876d6	v1.11	BDBALL_V111_000025
BDBAGG_V112_000385	3911b75cdc94af3d8e5fd13f9cf4d13916192dc45082cca036d40a4852514a5f	v1.10	BDBPAT_V110_000665
BDBAGG_V112_000386	d713b7aced362ff80c889bce74346176a56a2bef1264ab56dcb0dc517361e9ac	v1.9	BDBPAT_V19_003263
BDBAGG_V112_000387	a7dd4c14cf1121d06314eaa10535c6add2244c83094b55e0dc83b086f9a1a649	v1.9	BDBPAT_V19_002555
BDBAGG_V112_000388	26b0770cc2048dd5d1d2770e1b9b85f0da4f8339b876765ca513f364d2ad82c8	v1.11	BDBALL_V111_000152
BDBAGG_V112_000389	b297d53500c4f0c188f1fa5129bb3886bb53a864f5278f65e6ac69f5eb108b5a	v1.9	BDBPAT_V19_002722
BDBAGG_V112_000390	6d95ca7395077915259abec5bef983c5e0fc5332b34d2fdd0d134bb9ee36235f	v1.10	BDBPAT_V110_001892
BDBAGG_V112_000391	ed48770f693991849a15fab01f55ce1134c45a7ef1cab963e9bee8278f062710	v1.11	BDBALL_V111_000953
BDBAGG_V112_000392	b492e5ac790d383dda392aee6a43e2a5ee2494aa48147859542c53290f5c5dc1	v1.10	BDBPAT_V110_001303
BDBAGG_V112_000393	c4cf8b8c5340d7df2dbe136a1a9b4b1a6711dfe53638180ffc228d522c59fac3	v1.11	BDBALL_V111_000837
BDBAGG_V112_000394	c96dc2bc511254105df77aba296edf87a60472b6760dc0a40dbe6808e6e02385	v1.11	BDBALL_V111_000448
BDBAGG_V112_000395	e1a9252d2637968b4a52ef7276a6f5a722b2319983a6c270d9339f0573dea883	v1.9	BDBPAT_V19_003426
BDBAGG_V112_000396	aa820df90e115e0cc0b83302c50f49c482bc725b99a34154260d053e5ba7f6c4	v1.9	BDBPAT_V19_002607
BDBAGG_V112_000397	a9534bf6dbf613420fefa46f4017c065561b72e5ed690d28565bf3da4d57923f	v1.11	BDBALL_V111_000611
BDBAGG_V112_000398	ac778a28439f6f492da40f7759f81fe5a1b7b23d153852a4be377ba8ce9d02ff	v1.10	BDBPAT_V110_001541
BDBAGG_V112_000399	2c2f52a5a158357ecb60175d5bf205971f82b09fa4b604525cde9e1eb538c7c9	v1.9	BDBPAT_V19_000657
BDBAGG_V112_000400	75a1c200f8059d1568507bca9bd6d94e5534dcc26d049698343416b3f72f021d	v1.9	BDBPAT_V19_001811
BDBAGG_V112_000401	28e0b96e0be2426a4dbec1a50b8fc4c4328478d1ebae69361cea17d2dfa3eeb7	v1.10	BDBPAT_V110_001146
BDBAGG_V112_000402	3312074f789ffd99c96b4f245ecc26b46674d50e693d4cd3812cd87e5c55e3f0	v1.10	BDBPAT_V110_001501
BDBAGG_V112_000403	0dae9fd6bdd90203da293c99616313c343ea7d8b111c6b5bfe4647877c453b08	v1.9	BDBPAT_V19_000177
BDBAGG_V112_000404	799199b408e84846044da10e890a20661db1b88078f3e8b47df97e3fcbc4b18c	v1.9	BDBPAT_V19_001871
BDBAGG_V112_000405	b67847ecd82c6522bff1f120f0c21c2bd608424c4babe7a325673e632c5b2ec1	v1.9	BDBPAT_V19_002783
BDBAGG_V112_000406	1aab8e945f779dd74c9521d7fb1ef1aea425c79774f3c246a6408c33b2ef6155	v1.9	BDBPAT_V19_000387
BDBAGG_V112_000407	60e6b61cb7c5c825c338abd4998a9a03194f1fd3268f2f480241d13f139e3b85	v1.10	BDBPAT_V110_001619
BDBAGG_V112_000408	453bb861809df7f5d256fad033f76738d8c30f45e363af09fd17ac5ba4e73b64	v1.9	BDBPAT_V19_001045
BDBAGG_V112_000409	c8b575aa1b7f1a12d29b526c129486599a606d39c066a3da2096841744318e34	v1.9	BDBPAT_V19_003044
BDBAGG_V112_000410	28363ab15afd52f683d1424b5f92ba64cdf44b869633a900e9a207849d550b32	v1.9	BDBPAT_V19_000590
BDBAGG_V112_000411	b5817846ea2febe693ba74b5753987058feb3846dff2be7e3932893b854dec47	v1.9	BDBPAT_V19_002769
BDBAGG_V112_000412	f13272b8aa1bd79a71bb685b9bcc184c6a20fc3ba764d51ae4dc4a711d0f079c	v1.9	BDBPAT_V19_003679
BDBAGG_V112_000413	d5101d579e0ae4b5c28052737aba87fec6548e86903610febce5c26045a75013	v1.10	BDBPAT_V110_000839
BDBAGG_V112_000414	437e29ec5fa3df3b9f2b93c06aa837c1417f1aab3f88818d991b15b5f4a1c3d7	v1.10	BDBPAT_V110_001445
BDBAGG_V112_000415	bd138995fd8242bdcd6c7d9a38cb3dd8935effd5afc298afa58519424475e573	v1.11	BDBALL_V111_000632
BDBAGG_V112_000416	d966e983c3a112921a238b08ab640b7c8991cbe11d73529919130dc8ffdfcc17	v1.10	BDBPAT_V110_001995
BDBAGG_V112_000417	48018e153679673d75f76119d793cfcfb338a743f480b1bd9eab9e1c988b077a	v1.9	BDBPAT_V19_001089
BDBAGG_V112_000418	683770cc1e954a7f3097e2b0ad083cbc3b31dbef86a67df27fccd76d7be14121	v1.10	BDBPAT_V110_002440
BDBAGG_V112_000419	a2122f0df32b1bcafb1f8b018aad4fd52e20aa29f3cb324b7e98602398759c2f	v1.11	BDBALL_V111_000922
BDBAGG_V112_000420	03b2cb58a4186dbda6107d2d125d366cafa3c1f7894018703ac6aaddbe679de4	v1.9	BDBPAT_V19_000059
BDBAGG_V112_000421	bd759efd674fc712b83e3bd152f9ac753ec68f1d4bf31d31794f64ba01a2c935	v1.9	BDBPAT_V19_002877
BDBAGG_V112_000422	0e4fb5b6255685ed1cd467270bb7f5db798084042c2faa1c79ea56bcf9145de3	v1.11	BDBALL_V111_000029
BDBAGG_V112_000423	15ed018198a37837b6600fbda1903d1bf7ef1328ddf538f5dae78ab06d123716	v1.9	BDBPAT_V19_000309
BDBAGG_V112_000424	c3c62ee89544ddfad392dbad84bcbb2bb1642178ce110e7249f0a2db854dab93	v1.9	BDBPAT_V19_002959
BDBAGG_V112_000425	143239020d77f232128bae0517552a5e47a60334dd14cccc6c5dc942e57cd9e1	v1.9	BDBPAT_V19_000284
BDBAGG_V112_000426	ed0b1846102b57d952f0b7c99df99c2bb1e6e4f2f1fdf096c2f7fc8e9ce0d523	v1.9	BDBPAT_V19_003608
BDBAGG_V112_000427	289172eff229939df46d25a82ee750e5850adcd40c8fea81584b7046c43b3074	v1.11	BDBALL_V111_000298
BDBAGG_V112_000428	62c54247ed37a8c8cc2b4bcee7315cc40f90e0ab6b9bcf9850736b97c8deca36	v1.9	BDBPAT_V19_001540
BDBAGG_V112_000429	03b41e6eead312adf64aa0d5a36e08815a791edd7276b72051f23c270ef790ae	v1.9	BDBPAT_V19_000060
BDBAGG_V112_000430	1133327e13bf7d04fe4080518f4025ce61e85d5c7e09d4a4e35ea00a785fde69	v1.11	BDBALL_V111_000601
BDBAGG_V112_000431	092c07b659f4fdf2e061298cf410c4b26030552c448cd385959da6b811ae06c7	v1.10	BDBPAT_V110_000154
BDBAGG_V112_000432	ce84ddedcc549e77d94861378f3bd47de0983d919e4d3ed63ca0490b8f0f35bb	v1.9	BDBPAT_V19_003126
BDBAGG_V112_000433	0d75ff71957b85798e89cf1e8038e84583d444e9900b466d3b57125b2e8417ae	v1.11	BDBALL_V111_000550
BDBAGG_V112_000434	dd6775d6584bc31c51bc2001a2b42a6df312253b4f5b4029da24d89d8235f5ed	v1.11	BDBALL_V111_000884
BDBAGG_V112_000435	ffbd06c2e4bc1b076f9634010c2d8d3ced98a983a802c49559a29c7864d06869	v1.9	BDBPAT_V19_003863
BDBAGG_V112_000436	a5df0bd7a4ac1fd2e34607f20f89a4e0252105f583301ea6b84d4c993e3b64c5	v1.11	BDBALL_V111_000851
BDBAGG_V112_000437	e855598ba606f80c401b2902b86177c62ba4b65e288d3fe6b31eb31ea1f808d0	v1.10	BDBPAT_V110_002175
BDBAGG_V112_000438	1a5019c7b5331a3999ced2fbcad582617b45db5aab1f5db39c42872bdeec1610	v1.9	BDBPAT_V19_000378
BDBAGG_V112_000439	d043ae0425b9710235e8fff58137fee954dd792669535a8c87b522590947c94d	v1.11	BDBALL_V111_000744
BDBAGG_V112_000440	24376b70dce37d886200c8a70958c7739ded0c0b8a114488cfd2dd3999fc0ed9	v1.11	BDBALL_V111_000091
BDBAGG_V112_000441	be0775f5c7bf2cbea88928c4737157bc2188856d92bffd9c61d215847be78365	v1.9	BDBPAT_V19_002883
BDBAGG_V112_000442	9db255857d92bf9880bd00dd5a784ba79fe97055016d534d3b996db43f8d3a89	v1.9	BDBPAT_V19_002411
BDBAGG_V112_000443	4783634cae388d895997867cfe2206ed814aa5890d28827bcd1a294fbe2389df	v1.10	BDBPAT_V110_000196
BDBAGG_V112_000444	af4a322ca003afad214e5f6e50a5c7da0450b225a6b6637bd621e64f8371eade	v1.9	BDBPAT_V19_002680
BDBAGG_V112_000445	8af99e627a667dbd19bf42db8b4e6cb0ea6cf986881819cdc7a71e6d700410c8	v1.10	BDBPAT_V110_001837
BDBAGG_V112_000446	0eecfc8a6eba8972280e6b0b67c184b9a5ee7a9c3acfbc3bde5d5b7f7ab17064	v1.10	BDBPAT_V110_001113
BDBAGG_V112_000447	2335f770c5625a0d52d782a2b3a114c9ab3b13d7d798efb99edb4c6927e9fb69	v1.11	BDBALL_V111_000374
BDBAGG_V112_000448	bca35e76aa16e564c94335936941dbaa7662abf365f0d943af6533f5761df730	v1.10	BDBPAT_V110_001529
BDBAGG_V112_000449	63698f80b3d55b7ad918028c462e2d4b5ba669c1fe59b031b08ec00447315d77	v1.9	BDBPAT_V19_001550
BDBAGG_V112_000450	5406d6a4d1b2b4b82fb245176c30c0d153b77cf980971b951bfd26951ea40eac	v1.11	BDBALL_V111_001014
BDBAGG_V112_000451	501ab925857a4adcdaf26d80c00a752670cdc6abc35e90e9ea5eeb1b221613bb	v1.10	BDBPAT_V110_002394
BDBAGG_V112_000452	e18f4771c56c4e38d2cf217078097c964ea9cc83cae2735451f0aa77f1579c01	v1.11	BDBALL_V111_000639
BDBAGG_V112_000453	ef9309943035e63f9e3d0e63442b48785e613fdde5fa387e791a7862f61f2b9b	v1.9	BDBPAT_V19_003657
BDBAGG_V112_000454	d9e547c2035485dbf483e9eae19184920d63da67a859081a4e113f0b5975c8d7	v1.11	BDBALL_V111_000332
BDBAGG_V112_000455	3a8f5f6d3500d54bb7f221718385038fb9db84c950850cce5b4d44c4f34e1afc	v1.10	BDBPAT_V110_001887
BDBAGG_V112_000456	2587b3014134c66d8e1f3173994dca2a761fbadb8fa6fed91d4214d33026cd8f	v1.9	BDBPAT_V19_000553
BDBAGG_V112_000457	96ac64be70a9bbf4f645cacc5cc7ae9c40dd2c98c976c481572f5adbcfb88181	v1.9	BDBPAT_V19_002304
BDBAGG_V112_000458	ee2b983094a17469880caad6f4026b58a30ac08bf31d662a0fe76b29ba386620	v1.9	BDBPAT_V19_003626
BDBAGG_V112_000459	7c9d6568bc7a9c17fbd3248c67d6d26bbf78f77f7e8bc69cbae0703368ff467b	v1.9	BDBPAT_V19_001924
BDBAGG_V112_000460	6c827537a638b5d2b2eeb3bfcf6c7da20591b0cef6e4d151a5d8316e9b6cd804	v1.11	BDBALL_V111_000032
BDBAGG_V112_000461	a309212a37f3f6d4f3326426afec04f224cebbf91dd28993beb64db7e26749d1	v1.11	BDBALL_V111_001081
BDBAGG_V112_000462	db427166f6947a94971ac7ad8367163fb1a838b0fb1fb644690c3e96fdd01e1e	v1.9	BDBPAT_V19_003325
BDBAGG_V112_000463	ccf85af5663154597b9de5110ae62704bfa03d007523a70937df9a32edbb10d5	v1.9	BDBPAT_V19_003108
BDBAGG_V112_000464	ab350a3e355fa4aa63fefbe3de0c9ae8a0d60c7eba33c1c886ff81add37fbcad	v1.11	BDBALL_V111_000933
BDBAGG_V112_000465	2b1dd52628b8ce94ca21b81df2568aa5d4bc14acc6059df5086dfbac91371f0e	v1.9	BDBPAT_V19_000636
BDBAGG_V112_000466	11d314c005057d0c17bc6fb94e3564e01b0dfb546ebbf036d3eb9f7ab979d862	v1.9	BDBPAT_V19_000254
BDBAGG_V112_000467	2cc10662b9cf01ca556464bcfac100f3e3a8935c0967de1cdbfc43b3523363cc	v1.10	BDBPAT_V110_001305
BDBAGG_V112_000468	9d4559c2b8dcba232b28b6adce2171ade2ddbde2b4aa4b1ec43475070d7e57fe	v1.11	BDBALL_V111_000708
BDBAGG_V112_000469	59662cecec059d0c48cac7c1fabc6ed8f257b1366681502f980ac556648a5d75	v1.9	BDBPAT_V19_001383
BDBAGG_V112_000470	6f55e0d6c7e64e8543407f0a44c814682207274e2b2a44fb9d31e4ab4e365ba2	v1.10	BDBPAT_V110_001866
BDBAGG_V112_000471	9a2cee6c89115fdc5582c3cf93f27e85b6b366ae14b720e33199a12be25d669d	v1.11	BDBALL_V111_000074
BDBAGG_V112_000472	3f44f3c0d16f2622b7be5eb02b5e79e889d69928b2d5c44c373577162eb2a41e	v1.10	BDBPAT_V110_001328
BDBAGG_V112_000473	39b0b85dbf9dcfa5904ef9a9d76e74b17b02014e60dc35802722ccfabcb132ce	v1.9	BDBPAT_V19_000870
BDBAGG_V112_000474	af84ddad91d4bac3492ef23caa454acad50277dcff7f05c718c904bb4fb40e63	v1.9	BDBPAT_V19_002683
BDBAGG_V112_000475	c421ba767cfffebdf387a4686e510ce66f00fec6a69e67c29a3b105e28db20c2	v1.9	BDBPAT_V19_002965
BDBAGG_V112_000476	f7fdb7c77d22997121b18afb2b9664d2c9aecdcfc88cd9555c89bfb352eed8a7	v1.9	BDBPAT_V19_003758
BDBAGG_V112_000477	8efaf77d8c61024d20dbcd29407d65545e0281385b326fb60fcdccc5c6b29715	v1.9	BDBPAT_V19_002190
BDBAGG_V112_000478	74f5dfbb9568b43fbc5c2ceda2065484687caa24c4daa2d413f7f3dd6c09c294	v1.11	BDBALL_V111_000285
BDBAGG_V112_000479	255445839502392a8a595f1c6e29521af9e04b11d0ed0bc8eec00d3d71523f1b	v1.10	BDBPAT_V110_002451
BDBAGG_V112_000480	1c30193337d47a6745e20b01c26dd2c32b609ea52495f2f3b299dbf00d7aa778	v1.9	BDBPAT_V19_000406
BDBAGG_V112_000481	95d17163066365449f82d120a06bf4a8a7368d2ae3acc80d7b6a7e08cce0b668	v1.9	BDBPAT_V19_002291
BDBAGG_V112_000482	8ec8fb7fe5028c11fb8494df6260477f98312bf3bac82b29278c077d1ac02fc5	v1.11	BDBALL_V111_000570
BDBAGG_V112_000483	0d1bc26d46c2e004f33abbac71b07fd25b2d4e6e0de40992be01916e5a72a44f	v1.10	BDBPAT_V110_000771
BDBAGG_V112_000484	7429eedde8a6c3f422d93f6e2632a7eb74b2ca28c823e420d7449b2038490997	v1.10	BDBPAT_V110_001301
BDBAGG_V112_000485	d354aed42c020f6bc73d30ab958d53e2827c6b2f19daae95f1f6a29c0b76efc3	v1.10	BDBPAT_V110_000935
BDBAGG_V112_000486	d9a28a94959306b09e3464d643859917071682c85589b740561c479aefdd59c9	v1.9	BDBPAT_V19_003294
BDBAGG_V112_000487	3a1e0d4cc1e7f3affaaa271609c5b05bdd9337ca440f7506ec7c00fb0dcbcd93	v1.11	BDBALL_V111_001062
BDBAGG_V112_000488	32b575685b8b0ff22afffb6143af22a76111da40a1055feb84f1dd6b2968e2da	v1.10	BDBPAT_V110_000250
BDBAGG_V112_000489	0066510c98cdb2aca78e96580c355f453f21ac6c920876c6dc0553f0b2360ad5	v1.10	BDBPAT_V110_000205
BDBAGG_V112_000490	c40be003633190d1ac7af1836645d1b5510730d1532add451002923ea66567a6	v1.9	BDBPAT_V19_002963
BDBAGG_V112_000491	dd2056a2eb5a8b7272e4a06bdba909aae76242292175e4b4c9d771c200e16df5	v1.10	BDBPAT_V110_001598
BDBAGG_V112_000492	e0872992d5da9090fe035415013314ba5cd328748ae7acf43d333b9f2cf62ab3	v1.11	BDBALL_V111_000777
BDBAGG_V112_000493	ac702e2c1abc9ed37dbfacf6aed293390e16f8c235dbf112e150fef6f5770c6f	v1.10	BDBPAT_V110_001593
BDBAGG_V112_000494	0909bf117e4a9b7c027cbbaaabcf7b2aae79ec0f48987078a4af969344c43eea	v1.10	BDBPAT_V110_002179
BDBAGG_V112_000495	60d359c4abbf788f154e05ce7972d6e788b5a9b0c2538114ee05579634a8092c	v1.10	BDBPAT_V110_000403
BDBAGG_V112_000496	33b664fc0fff5485d1cb07afd2251b6f7ce0ead4cb54685a4a7e89e6369ab7de	v1.11	BDBALL_V111_000621
BDBAGG_V112_000497	75c3a529ae8f07257c3eb941c9bebc5f9128d21601da84e90a69a4f692ae4db3	v1.10	BDBPAT_V110_001857
BDBAGG_V112_000498	6aefcdf1948266dbaf00706ec60af5b80820b8162b61636ad4a049ed0686f215	v1.9	BDBPAT_V19_001656
BDBAGG_V112_000499	e06ab579b3ed050317aacad66a66a4aa371825a560806fb6229f345bf939fac2	v1.10	BDBPAT_V110_002067
BDBAGG_V112_000500	9fd494fd2ee8ee953f0f29d56d5670a84d83dbb67000acfe6e971b3dd7d51951	v1.9	BDBPAT_V19_002437
BDBAGG_V112_000501	022aef8043bcdd8d859f3e91334c337a2ecae19d385c3d15a71534ae3c9f6fc5	v1.10	BDBPAT_V110_000092
BDBAGG_V112_000502	060f1b163736e3b5fcee5cc075e56a2d5ff1a8b3ef0d5a811dd701376f49f971	v1.9	BDBPAT_V19_000085
BDBAGG_V112_000503	ff1b7f27c383b5d5752bcd8596764547fb0288a87e1f02ebb23b4783fa591148	v1.11	BDBALL_V111_000107
BDBAGG_V112_000504	2bc07be630558822e914d9be0282e879102812a2070189972952af3f1d2b0abb	v1.11	BDBALL_V111_000232
BDBAGG_V112_000505	03baf7b6798d3f53691d41b6a5360c26278b9b63da04b81ef2352c7c76792cd5	v1.10	BDBPAT_V110_001323
BDBAGG_V112_000506	b767cfd36072c3442d5c4521ff189b29d47ccfc2f0c3963485c022d91c337bd9	v1.9	BDBPAT_V19_002800
BDBAGG_V112_000507	4ebdc95c20b4b241e7be08cd3594e7141e3c066658eb75a51045a6911631a86c	v1.9	BDBPAT_V19_001228
BDBAGG_V112_000508	d612ea88e9f6d17e004932a9a068c264309727f43546533f8904a979f979d013	v1.9	BDBPAT_V19_003242
BDBAGG_V112_000509	64a06233f0bf12271407607542e7c4cf368a393e3701b7f506bd6cf97d714333	v1.11	BDBALL_V111_000327
BDBAGG_V112_000510	05c4eeadb64276b34a64aadf8bfd859069377150401a4ab30d7cb5f139840911	v1.11	BDBALL_V111_000472
BDBAGG_V112_000511	05e93ef2756e7e55fd43e070e39b21c754db11a9c8edc6c87a8ee54e2a14ecfb	v1.9	BDBPAT_V19_000083
BDBAGG_V112_000512	a8cfce952c84f1224163efabeb82774e315893af9c66a29e4cd35018b007373c	v1.11	BDBALL_V111_000339
BDBAGG_V112_000513	518fe81d8e98c3cd56eb90b1e1cf2b8dbdaa13445022d9d0e40c42fa30218860	v1.10	BDBPAT_V110_002059
BDBAGG_V112_000514	0c89886f47455eb1182a54ed1056088e591d47136fe1d314457291df1cbce32b	v1.11	BDBALL_V111_000263
BDBAGG_V112_000515	d2dccf4ce4d1b27c5b019e15223438ee71fda2d5f555c80a1d184814cca83c3b	v1.9	BDBPAT_V19_003202
BDBAGG_V112_000516	024ef44d4e2cfbf725203ee72200566ef5d8e3d828cdd98fcc906789e9a00781	v1.10	BDBPAT_V110_000305
BDBAGG_V112_000517	155ee11aa195449951e88067e0239985e1881e88824b6585c1feea2c7242f919	v1.11	BDBALL_V111_000258
BDBAGG_V112_000518	50cc910444b6e8af52bf8e00cfdb49d47b0c83418eebae048abca634dcd1cade	v1.9	BDBPAT_V19_001265
BDBAGG_V112_000519	7fb87b25948b49aa681124c22c941f03e9aa09d72183fc01b4290a482efa6145	v1.10	BDBPAT_V110_002039
BDBAGG_V112_000520	f4dea1236fa4dba7c3cd85328a93ad7090a2e5783a637af344f57bea01f30298	v1.9	BDBPAT_V19_003721
BDBAGG_V112_000521	7d6b10a21960145bd3df1476b5165fd33e7b20e773d0f2028b48d15491884a31	v1.10	BDBPAT_V110_002262
BDBAGG_V112_000522	e45b63dd5b379abc063ae544585a8f52093d36f28d523afa69a12e4d2da09853	v1.9	BDBPAT_V19_003469
BDBAGG_V112_000523	43c21f7bad52e7e32dc23936bed4244b751beef76086e7ad643b8d131003e1fa	v1.10	BDBPAT_V110_001427
BDBAGG_V112_000524	19901b845bf9b87322b18cea15ca0969be5dff77a5047eb7eef4d22349547fc5	v1.11	BDBALL_V111_000061
BDBAGG_V112_000525	c5a0a1a89b9b649cecfc749d12a51249ef45530536b54c84ff3af3aba6651db6	v1.9	BDBPAT_V19_002991
BDBAGG_V112_000526	395e1a8a3a7c9038ef5f3267076d419e1d51dc7b79b7964eb7d87edaaff3aa22	v1.9	BDBPAT_V19_000864
BDBAGG_V112_000527	26a32e6c1baddbc0b31bfbd9074098aaede01d5becbffad8fac27d70657b620f	v1.9	BDBPAT_V19_000568
BDBAGG_V112_000528	9c84791770962d6ad846be2d9f11f0c73f0594b5d030040877167e50511b0862	v1.9	BDBPAT_V19_002397
BDBAGG_V112_000529	2b2be0a105597d719e4fe1d5c866cb8de74364bac0e558b54743e6509944ab68	v1.11	BDBALL_V111_000201
BDBAGG_V112_000530	17426a09a7455f26d7ba196ea8123e39f6ddc31584d0265cee04460bace115f1	v1.11	BDBALL_V111_001029
BDBAGG_V112_000531	19e94f1fa9ae534bc9c2fc50ef3957a3cc0499620bbddf34ee03c22de343a5c7	v1.11	BDBALL_V111_001020
BDBAGG_V112_000532	7617a9efb5372a2589db4c962a745a2fcde7def218f0b7bc073768b7db824d5f	v1.9	BDBPAT_V19_001822
BDBAGG_V112_000533	e7f255531d1105997eb9d1ffc02105ce714fe20f33bab050151d37fdc5ff55f3	v1.11	BDBALL_V111_000939
BDBAGG_V112_000534	54e762413a43c60fdbe4a105b27fb38bc66a7b0c5b3cbc80fee3427aa596176f	v1.9	BDBPAT_V19_001314
BDBAGG_V112_000535	ecf172391254acb7ae17acf6eb22fe0d3bb208e5c52151f4ab12f3d3d17864df	v1.10	BDBPAT_V110_002384
BDBAGG_V112_000536	d8b602c6e21f0d129472476d57d367e8a2e0c53e83949b8ce6e1a02c27549b16	v1.9	BDBPAT_V19_003286
BDBAGG_V112_000537	754353e910e96a7004c9c0b20833bd3ff8811855564448ffef86cda7f52dbb84	v1.9	BDBPAT_V19_001806
BDBAGG_V112_000538	59e44f8934c06a0867485fd9e30889c20cc1d43268d259ee3179023dd9caafca	v1.9	BDBPAT_V19_001395
BDBAGG_V112_000539	36e2b131235bb8994a0900a4cd980bfd59c02d4a7d4b31c86a3a0923b35b1da5	v1.11	BDBALL_V111_000943
BDBAGG_V112_000540	c045b493aefee86f65b05dfc6c137461b8629166718d1a5bc5a19f4998bc9ae1	v1.9	BDBPAT_V19_002913
BDBAGG_V112_000541	406603710175288c8087692760591a050d979619763a4b072e6ddf8ac3058257	v1.9	BDBPAT_V19_000960
BDBAGG_V112_000542	0ea03e2071a218402e831e3c0887bb25fa260cbd2ec2e8ecec5871b2d7d99191	v1.9	BDBPAT_V19_000191
BDBAGG_V112_000543	1d3a8b0663772f7fefd4d1cb7433577f347c230d82089bc32c30266953e327ed	v1.11	BDBALL_V111_000301
BDBAGG_V112_000544	a810bb132ed5a5a6243b01834c2c48b277da21fd75f0fed4238b47d5c5eb2088	v1.9	BDBPAT_V19_002558
BDBAGG_V112_000545	1854040b7e18f9c59a544426b5aa488fdf10283068b53c54c3fb7c6fc0cb9f34	v1.10	BDBPAT_V110_001320
BDBAGG_V112_000546	8e7679302e1ea1805a221aa5099cca9414c35e3712279ea3f6b9f98b115d8958	v1.11	BDBALL_V111_000321
BDBAGG_V112_000547	9e7afe5dd5fae77938260c6d12c17a4f48cde37543d80b5b21e47fb705258bc4	v1.10	BDBPAT_V110_001709
BDBAGG_V112_000548	2ebc0290251bf0520666c0395ae2f50b14dffe0e20e549a0e34ae24e03e34818	v1.10	BDBPAT_V110_000867
BDBAGG_V112_000549	907e9a77be5f3671fbfa352ec991b2f7a6f4317aff0d3613e5a0e0516df53938	v1.9	BDBPAT_V19_002215
BDBAGG_V112_000550	531b240af4d56b33b93366edccc97dd50487ca5d3fae0d777b8ec54694ac7f2a	v1.10	BDBPAT_V110_000247
BDBAGG_V112_000551	4a9112d683c49c6b355ecc3a73ec5eaa3a0eacf9bc28087bb048e2a540ec64b7	v1.10	BDBPAT_V110_001651
BDBAGG_V112_000552	3b0aa4fd50b78fd145dc7da3ad4f9f9dfad6aa7b0d4473b4a0b10f4658f1af5a	v1.10	BDBPAT_V110_001960
BDBAGG_V112_000553	d8960ac541d728167272e29a4c9ca19cd2d3b41bea8f37f5f22d6879de4f5e66	v1.10	BDBPAT_V110_001182
BDBAGG_V112_000554	406411e95a6761e9d28026ba9becb62ccc01b32c09c1510484d119efb70ebde3	v1.11	BDBALL_V111_000089
BDBAGG_V112_000555	72c01f9e6facefb016f8b3e633d9fecb83723becaeec9124db09647c89ba1ba1	v1.10	BDBPAT_V110_001134
BDBAGG_V112_000556	48c897d9a7ba54035af59b6d34204467d0e6547467a385c579a0c491724441b4	v1.9	BDBPAT_V19_001107
BDBAGG_V112_000557	eec00bb234ffaaaf78ac13217e6535c849ae8380b40063b39cae514123229b61	v1.10	BDBPAT_V110_002412
BDBAGG_V112_000558	1c38a06e93eb7a9a0fcc8ee8f641a62b46f1dc08af84bd3572bc904d528279d3	v1.10	BDBPAT_V110_001928
BDBAGG_V112_000559	2c2baed75286f56b2ca7d9cfb1e32a949e2b2bcf34f5f69268dd6dd7a60b2f54	v1.9	BDBPAT_V19_000656
BDBAGG_V112_000560	0bf3fd4435e41492c4334b4bf674a0d504756967f841b8911e6c580ff09d9b11	v1.9	BDBPAT_V19_000159
BDBAGG_V112_000561	d1be6a1e8d0c3605b0ef209adf62937230c783861328ecb1dba1ab56fe4099e2	v1.9	BDBPAT_V19_003189
BDBAGG_V112_000562	668f47483f874badcc3ad7dc40a4733f6c487ee7f3fceaebe2e0db72f625e97e	v1.9	BDBPAT_V19_001590
BDBAGG_V112_000563	9960e1d706909a8ec322e00f6ccc07447b8f640ba4d36c76106d5579dafa6c86	v1.9	BDBPAT_V19_002348
BDBAGG_V112_000564	a9810954e66389706101a582d60d92366ba82d4b87310f694d06567fda135d1f	v1.9	BDBPAT_V19_002583
BDBAGG_V112_000565	d4097ec2a276aad6f36e1d98f3919011fd1fff128fe6f1cfe7939ff4ece10a93	v1.9	BDBPAT_V19_003217
BDBAGG_V112_000566	ebd589e828dbd255b39ad04217fc54436558748a15378710960f8521c1b9ec97	v1.9	BDBPAT_V19_003582
BDBAGG_V112_000567	4cb0001f1cd51488097828240ccd735a0a8e39179a65a5296032b2209b780bbc	v1.10	BDBPAT_V110_001325
BDBAGG_V112_000568	daae89c8973ce6fd960ddba24b2e6862c2fa7c80366fe20cba60ff669bee6780	v1.10	BDBPAT_V110_001347
BDBAGG_V112_000569	ad32e5bb123db45cf9012ec5b718a21df40990a36f154d23752890a55977e3de	v1.9	BDBPAT_V19_002651
BDBAGG_V112_000570	1a987a71742eef9c8125076964085e76a59a7dba6b8b2a01df7331d48f581f26	v1.9	BDBPAT_V19_000385
BDBAGG_V112_000571	cc3e315f77dad373f1a0924411ea25e32cf585eead2fb8c663a02d85661074a5	v1.9	BDBPAT_V19_003103
BDBAGG_V112_000572	672f2fce2454f1081cdc0b16bc1d30cdd7765f775f5d13a87987d47605431ac9	v1.10	BDBPAT_V110_001966
BDBAGG_V112_000573	d28379583eeb15b042ebef42500a324863e49e2e1460b742844b3ede513f7b45	v1.10	BDBPAT_V110_000997
BDBAGG_V112_000574	44b509142de005e4d16111159ad59f4df9282a721e9dfe329d4d8c94cc242df5	v1.10	BDBPAT_V110_002272
BDBAGG_V112_000575	9d3eb4a8e0be8b2f7cc54d0af5e9c7ecaa08255bffa56ec591dbc385108e614c	v1.11	BDBALL_V111_001063
BDBAGG_V112_000576	2c5b08c9da37876f932cd5e67644376c2911bf43911043b54773114f56faa298	v1.10	BDBPAT_V110_001252
BDBAGG_V112_000577	68ab2590675b0167758eb2b4e3244419144772c473c30445893c2dd1cd9a160c	v1.9	BDBPAT_V19_001623
BDBAGG_V112_000578	173d4693f909fad145ba1e3b250b73296c0bd4a8cf5f3a3c9e43628c31101063	v1.9	BDBPAT_V19_000326
BDBAGG_V112_000579	889812396cf4b8e4d5f90e8c5aa3d9b2afd70409bcee413185d3dde0af65b48e	v1.9	BDBPAT_V19_002083
BDBAGG_V112_000580	5b235aa57a1e3c4a0fcad446ae07e5c88aca59e55ad33f1151ec41c8efb51297	v1.9	BDBPAT_V19_001415
BDBAGG_V112_000581	90267afd202c381e0b6ab561cff5a060164f086a86c7eaeecfeefe2c7ceed825	v1.9	BDBPAT_V19_002210
BDBAGG_V112_000582	1ff2e1fb3bebff7e879da2ea21d640c111b9cc715d7d1e405eb9c94e5d4703f2	v1.10	BDBPAT_V110_000721
BDBAGG_V112_000583	2113eeb73f364e36ce55ca97a8dd90ddbf12f0feefb9dd89c9812454bf8e0d41	v1.10	BDBPAT_V110_001642
BDBAGG_V112_000584	4b19030ca6fe202ef613290f075da7dd9a4d471ca262b6beb485b8d48eb4ad85	v1.9	BDBPAT_V19_001155
BDBAGG_V112_000585	f9b9d9d93a33ea975464e840c33a4607a40eeb63e46f26377a006fec430cc6c1	v1.10	BDBPAT_V110_000917
BDBAGG_V112_000586	0b578cf580b8607a743a07d8e1be4993f48580378d43d4829086f899c94b4b0e	v1.11	BDBALL_V111_000131
BDBAGG_V112_000587	ac40738994f20bce5f94d5aeb10198b25badb8d550beb396fbd20b5208a30008	v1.11	BDBALL_V111_000949
BDBAGG_V112_000588	1e2b045685078e1f1675dabeb83b1b416d6e79e7002e6795035333af8ca23202	v1.10	BDBPAT_V110_000235
BDBAGG_V112_000589	5d5ba919d35368a6d188b11b39b5fca7568ebcada1bee55fa2cd094cdfe89a31	v1.11	BDBALL_V111_000856
BDBAGG_V112_000590	a931866f022a2e2a874cbe3657662e9af7fcf8533d17a7e8e83208257434549c	v1.9	BDBPAT_V19_002578
BDBAGG_V112_000591	4bc3a395e2c25f9092fdc7e91c95a3f4363405104d5e0b55ac838c6330401b65	v1.9	BDBPAT_V19_001171
BDBAGG_V112_000592	030c494e4eb31da740607826b3061fb2034d7352880f076b59e07e264fc37585	v1.11	BDBALL_V111_000175
BDBAGG_V112_000593	01831c92cb0eb6d270a1888722c6fed5b7cdd94791ae5d85fbafaf5e7461be18	v1.11	BDBALL_V111_000218
BDBAGG_V112_000594	02451bb19c91219430e5806043f6ac14db40fd04687aff7e01136cca92d13e4c	v1.9	BDBPAT_V19_000038
BDBAGG_V112_000595	1edb7c85cfcf25be13c9fff2992693106bc09f237afc76757c529fe48bbdc260	v1.10	BDBPAT_V110_000697
BDBAGG_V112_000596	6372c335fd069780a4762b02b371fe5fa72c203a5fba30b59e4c94cc60beabf8	v1.10	BDBPAT_V110_000613
BDBAGG_V112_000597	c5308f7942149648d304a2bb6fe5fe047d3be89fb5d0d08e461e3a968bc6429c	v1.9	BDBPAT_V19_002984
BDBAGG_V112_000598	66a46c0d866e6f77c3f6afa901d8c1dbe37c20bf2d1deb20099941dc1254dfe0	v1.10	BDBPAT_V110_001732
BDBAGG_V112_000599	752564ffb05a863f81ebfb12856eae1e3352e27d99b342082c426326a523942b	v1.10	BDBPAT_V110_001192
BDBAGG_V112_000600	28ecf596c9c0f9a0a3b37ee4f3b9ee23cd8e3dbca1bf8d8acd802dfd8a145414	v1.11	BDBALL_V111_000788
BDBAGG_V112_000601	9be4db426bc9044c9d92ba3e7bfa36d79b20e902b1d2d854289d518a3daa0eb1	v1.9	BDBPAT_V19_002380
BDBAGG_V112_000602	fadb501e6ea025c30f8ae6ac1eb9ffa08df2abd4eca5052d647d02eac4be6097	v1.11	BDBALL_V111_000735
BDBAGG_V112_000603	166fbdf1a1db20814ae0addba9ca172765bf9acb5020a3b294a99ac4697b3850	v1.10	BDBPAT_V110_001269
BDBAGG_V112_000604	893f57c8ebfadfe9f7b761828a1b35796428fcfb3e8376968d1517104dd4aef2	v1.11	BDBALL_V111_000126
BDBAGG_V112_000605	6f0d5a0b3fd3016f995b4749823e3448a063af034901b6b29da5cc19aefb171f	v1.10	BDBPAT_V110_001813
BDBAGG_V112_000606	b3abb815aeb6bee9b249e6c51667c409277ebfed133b5fe46af80c98fb3ac5d6	v1.9	BDBPAT_V19_002739
BDBAGG_V112_000607	5403c5daa9f830fbdebe11cf1dc8423cdc3d87d21a7feb12101df08a86e828de	v1.10	BDBPAT_V110_000295
BDBAGG_V112_000608	43c6940e659fcca69563131e77008e08c435ec5585ee45f47a4692f6f502cdc1	v1.10	BDBPAT_V110_002140
BDBAGG_V112_000609	46444988d25da0b82add2c30f3c3b0f6d94e0f9c2cc646a38db10553c4d8f81a	v1.11	BDBALL_V111_000729
BDBAGG_V112_000610	32005ae1fd38b66f4e5eb047bf91c057ffeecd8103a068ed1c512afbca8fa5f3	v1.11	BDBALL_V111_000447
BDBAGG_V112_000611	06eb0e7c48003d48f6bd62fd13d35dc6dd9da85ef4d4d01b8fac2f0730dd1340	v1.11	BDBALL_V111_000629
BDBAGG_V112_000612	44205131c01bf8b94c7a1e719c36fa508a9b84a81338ee6aac68ce5079a9185a	v1.11	BDBALL_V111_000133
BDBAGG_V112_000613	74068f9ad52cdf849eb2715389d0703a4ca55f70108c31b098bc4dfc40ff4c79	v1.9	BDBPAT_V19_001784
BDBAGG_V112_000614	ac908c5d53477ca2e0a27212dc3314cd47bb56fd80e9e3f54cbe2cfa8995042d	v1.9	BDBPAT_V19_002639
BDBAGG_V112_000615	2a06a9ad91b3bc6267e046198fc21f0f892ce82f28c8435e2b254c9481074d28	v1.9	BDBPAT_V19_000620
BDBAGG_V112_000616	c0635ef32b5a008d259d68000b412541a003267c04c60a5ccfc30d39ec2f6601	v1.11	BDBALL_V111_000521
BDBAGG_V112_000617	4633ea34df7e534e8e73ed596d3898f5a6fe1d8261e895b645d90958840dbefa	v1.9	BDBPAT_V19_001064
BDBAGG_V112_000618	82592a2027322114249a3e7efb8c1a3e9c8f04920f5f9b808065a802afe57689	v1.10	BDBPAT_V110_001580
BDBAGG_V112_000619	2376f94c3ae9392038a5f7d587b53d7f0f6950b7e761925b2562a4ca15eaadab	v1.9	BDBPAT_V19_000508
BDBAGG_V112_000620	d357559bb559f6c52e71a86fb5f9691bb3c20f262ea4b390fe255714f4b8cebe	v1.10	BDBPAT_V110_001091
BDBAGG_V112_000621	e50280492db0e6c7b2d5e053c316c6dde7fe2d12cbd5f3383f1cf4be25f322cc	v1.9	BDBPAT_V19_003478
BDBAGG_V112_000622	4808319cfc489e6ce953f96f4f5bfa4994b480c7c9aa1200fdf2ea04ea16ee12	v1.11	BDBALL_V111_000752
BDBAGG_V112_000623	170a5373ffcfe9a399c4dc1147ac4caa61789536528e6344706c5636e3586d17	v1.10	BDBPAT_V110_000568
BDBAGG_V112_000624	ea1304e5cefa48b73a5d7333fd52c53ebf737f568388ac869a161f5cb67d3c0a	v1.11	BDBALL_V111_000882
BDBAGG_V112_000625	251f51623469a4f7c411e79dbe3c088d57406243ba3e1a264884ea791d3b749b	v1.11	BDBALL_V111_000643
BDBAGG_V112_000626	27e82797a68a7ca86786bd69b73fadef7719dca5bef3951abcf75824b9b2c23e	v1.11	BDBALL_V111_000319
BDBAGG_V112_000627	055d55305f0f76f0a1bfd64a29d1f172dc8cf24af66e83a7c2b5269fb099d4ba	v1.10	BDBPAT_V110_001605
BDBAGG_V112_000628	11354fa9e53c2c0429f364b44fc8d92076ad260cfedf99410d34a69ef9f0783a	v1.10	BDBPAT_V110_001224
BDBAGG_V112_000629	47d0bf9b736d2080859ede62894824062eaa892cb92d57d7bd644685c30b8ca8	v1.10	BDBPAT_V110_000158
BDBAGG_V112_000630	021efade0d7f7f09426cb46158571852a8e3f0ebe32e502dee5bd42e6218e383	v1.10	BDBPAT_V110_000209
BDBAGG_V112_000631	87f7a2f59c78fd79536e33919eae80165fc87fe5c0fff770583e26267fabfda8	v1.9	BDBPAT_V19_002071
BDBAGG_V112_000632	0f6ccff6b7753d6b95166fd59ac1d2b8d1bd75d397c89de1750c300eea58b042	v1.9	BDBPAT_V19_000207
BDBAGG_V112_000633	174c4a536d4602b330652d28ae7d6675cd7d73e3090af378c61307a0567842c7	v1.9	BDBPAT_V19_000328
BDBAGG_V112_000634	101b7520566530649b4ed62a1149cc5350eee505799429835ce7352d37f72556	v1.10	BDBPAT_V110_000518
BDBAGG_V112_000635	7abd85ef1171e8674df5fdb54aee2187cabdd74ef9d65cbeb1a98ae87641ba4c	v1.10	BDBPAT_V110_001976
BDBAGG_V112_000636	c82319ba1b06b9de29cd1cdceed88fe78b35c9ccdbbeb58a1eaced16c25335eb	v1.10	BDBPAT_V110_001939
BDBAGG_V112_000637	b4cadf0fd262dddb10ddbecb2317aa4205bf2e1f29d034a16b908800791989d6	v1.9	BDBPAT_V19_002760
BDBAGG_V112_000638	d96aa0ddd6fe7dbfa73394bc2e2997acf23e414599841f35d6fe32ee7d03f091	v1.9	BDBPAT_V19_003292
BDBAGG_V112_000639	69a64fae8a010e256fb4f8d9414d5dcca6d106655ade6557aea9a8ca7a3d7700	v1.11	BDBALL_V111_000086
BDBAGG_V112_000640	6623f70645d46141ea28a0e2ae4130194b0f22e93843feae5b9e3df50dde2296	v1.11	BDBALL_V111_000300
BDBAGG_V112_000641	b84897cd636610733861bc8cedbcaaf16e1e731286db595d5b0609434cad4735	v1.11	BDBALL_V111_000069
BDBAGG_V112_000642	1e4220644cbb25503a79026993b7d2c3188194ab7c543f052824cd6bf7a164a0	v1.9	BDBPAT_V19_000437
BDBAGG_V112_000643	ea5fcda730f03149b4a78ba77ed3238795deabe00663dfd8e443c640e97c4462	v1.11	BDBALL_V111_000907
BDBAGG_V112_000644	eb33b99f1fab6224bc4db6d78418413cabcf0cb8363b6f34d4778809d6c5d9f9	v1.9	BDBPAT_V19_003569
BDBAGG_V112_000645	b7901011eba166624272503a49c7f5ac4eae9f76fd6ccdf699c88de6a96f1330	v1.10	BDBPAT_V110_000605
BDBAGG_V112_000646	d7e67fff404cd95ef62f83dc57fac047fbaeabccf49fcfb20d8d028a7b701d7b	v1.10	BDBPAT_V110_001098
BDBAGG_V112_000647	1292545d1bbef1d88476ec1e3fd3402037287b12928636c9c088683feb44a18d	v1.11	BDBALL_V111_001028
BDBAGG_V112_000648	53c5bf075ae26a1c43840b1c204956dd93ab74b42bc37f4c9ed7942521f6f9e4	v1.10	BDBPAT_V110_000683
BDBAGG_V112_000649	05bd09d2e7bc6419df22166c5f179f64e32ea1e2446f610042397b2c8036d038	v1.10	BDBPAT_V110_000013
BDBAGG_V112_000650	944b05ec4f5edf86c7c0f0a59cce82c9af916fb6352bb0898458c212e72245f0	v1.9	BDBPAT_V19_002271
BDBAGG_V112_000651	00f6f09a1616171a458dff292e3f5a5a8fd63f00139fc93bde9629ab13b41ddb	v1.9	BDBPAT_V19_000014
BDBAGG_V112_000652	56e5b270b4318f6bbf66c4836aa064cb55e7692d5295bcac2ac1d5ffff33c24d	v1.10	BDBPAT_V110_001603
BDBAGG_V112_000653	d68204e8bd71200cc4f38707f452955b2ff1b8bb2cc8cc7ddbf08aa6a080b6d7	v1.11	BDBALL_V111_001088
BDBAGG_V112_000654	8825aa00873e097f57842a3a50d57e446c1f36c271b9d82f15583fbce7b7e82d	v1.10	BDBPAT_V110_002495
BDBAGG_V112_000655	96ba7c6c7955390a2265be76fabe69f58b3606468582dd5ba0d50b429943d102	v1.9	BDBPAT_V19_002306
BDBAGG_V112_000656	dc919ed34c1ee05403e72e1c2fba22f750c10fcc7a201400efc4c8612cf1b507	v1.11	BDBALL_V111_000167
BDBAGG_V112_000657	40ff9f0de5ca0c514fb401dba30fef15cd0b7eba7f4c78b326e7e9eb8c5266b9	v1.9	BDBPAT_V19_000967
BDBAGG_V112_000658	2b4f99982f55731ba8de22680647dbd594847467302f23fd1f85c6a15b691da5	v1.11	BDBALL_V111_000400
BDBAGG_V112_000659	fcd74e514491e3bd9833c0ffd2b966eba7956f1d4e21612d91c247e9efcc867d	v1.11	BDBALL_V111_001075
BDBAGG_V112_000660	f0e6c3f509393324cded73f067d59124f0637d4e90d015fad43a2acae5b183c9	v1.9	BDBPAT_V19_003674
BDBAGG_V112_000661	1c28374b977d747a142a836b9da9129817b5d222884ea66b6577590966ed2e05	v1.10	BDBPAT_V110_001366
BDBAGG_V112_000662	a7fc2e735de715d83334923f962fac22bef6f8fe67b365a881a5fd6f06280b4a	v1.10	BDBPAT_V110_002481
BDBAGG_V112_000663	fccb9ca1c0bffa50ec9f1af02e7acec0e9aa0639ebcd4b3cc84598df19a566ac	v1.10	BDBPAT_V110_000535
BDBAGG_V112_000664	35aef9053be3237ba90d199ca47d5bb8a0c33fd97d1f00e1aaee71c48aeb7f51	v1.10	BDBPAT_V110_000211
BDBAGG_V112_000665	81d2bcf9a37d11031a28e059ee2f59387d506871fed960adcaed2dc143bfcc5e	v1.11	BDBALL_V111_000302
BDBAGG_V112_000666	c8b9b4cd32de6f40433441f2ca061b850f865074b755e4e0ea492c7864d595c3	v1.9	BDBPAT_V19_003045
BDBAGG_V112_000667	8288d4e0ea0b0c2f296aa757bad2af5364ba7a7abe942099cac35243586541b5	v1.9	BDBPAT_V19_002001
BDBAGG_V112_000668	4c3e84e3b596306ea3f520a3e0cce01cc8f489d7a658b662928c5c266af7fe23	v1.11	BDBALL_V111_000471
BDBAGG_V112_000669	29788da02c0df53e6ff39a9329f936533f15c23a006e9b8428962dd7db4b8b81	v1.9	BDBPAT_V19_000610
BDBAGG_V112_000670	3c9f1261e82fdae30b35471c2b4b990ccc9071f5bf3087eeb6e747822c450795	v1.11	BDBALL_V111_001080
BDBAGG_V112_000671	82c0e792eaf0f1c92bb6c4c2f0b6677c882bf66c0398ec3368635be7a19cd748	v1.11	BDBALL_V111_000740
BDBAGG_V112_000672	ed8c0cc0d93c102d463647f896c99cba5db69101cc8b21aa0e761a474fd7873f	v1.10	BDBPAT_V110_000883
BDBAGG_V112_000673	9697b2fa373a175b04c86c1df190d037e0eec33632f9ef5e1bd6a574c20a4b03	v1.10	BDBPAT_V110_001666
BDBAGG_V112_000674	63f48ecc22cf67b9f16a60a8943c414ab58cee2c67c9edc3055c3d289a2f4aad	v1.9	BDBPAT_V19_001560
BDBAGG_V112_000675	57126b494d420ec9f90626a6d973f8d8b66b6f7565374dd19a2a4966d4d018e8	v1.11	BDBALL_V111_001050
BDBAGG_V112_000676	43a2f60500e2556c5bea47100f597d58b05d1b6c3b57b724b38f922ed63eef2a	v1.11	BDBALL_V111_000986
BDBAGG_V112_000677	e35b745b7014f293bf070f73fcd4015afbb5aa7c52e0512405f879dd7177e30b	v1.9	BDBPAT_V19_003457
BDBAGG_V112_000678	92432e42ee341041bb93ddff40d1b84bddc9ded16e775ed1bcb36ad240e17a25	v1.9	BDBPAT_V19_002240
BDBAGG_V112_000679	87d641a4dce41555c78039e294b695ee654038c36f95f513500abc7d537888d1	v1.10	BDBPAT_V110_002111
BDBAGG_V112_000680	61b4d3cd08bb4b62c19aa5b0fdd0e4560884e6783b6cbe77f8147e850500d460	v1.10	BDBPAT_V110_001856
BDBAGG_V112_000681	098f200c8839cf8eae1216bd7b222500edb27c92c1b07fd517099f51daf45851	v1.10	BDBPAT_V110_002278
BDBAGG_V112_000682	baf738d8c2f3823d3df6f9c5e588f01e0e10fac2d0b870b2bf0127364f946b13	v1.10	BDBPAT_V110_001262
BDBAGG_V112_000683	2b5c5c43f10529f58e97d2d3c1e1a4c1423389bc2227fe958f7c5ad37691dffc	v1.9	BDBPAT_V19_000639
BDBAGG_V112_000684	15faf9ac39864ef90869383dbc02693bd2368a085e2406f6ee253b6e0d796064	v1.10	BDBPAT_V110_001523
BDBAGG_V112_000685	d056c8016e674da8cccff30debbdcd1f2a3930500ee69cf110f677993ae8ced7	v1.9	BDBPAT_V19_003163
BDBAGG_V112_000686	ec179252614cc239eab29864b7a00f99a3c59db9da8cc7a49356bfe623742932	v1.9	BDBPAT_V19_003593
BDBAGG_V112_000687	6ba19ef807ff4e08a06bd0064bb1b1e83709920f5effb3a46d7ca5e79bc32513	v1.11	BDBALL_V111_000562
BDBAGG_V112_000688	c7cd5e3ba8c208a764069de542bfb8e62219a7423fbdcf95dba2fb61d6b86955	v1.9	BDBPAT_V19_003033
BDBAGG_V112_000689	b6ab1343c29811ea9c813e715e6c879fb96a3a20b97304542935f3d1409471f8	v1.11	BDBALL_V111_001048
BDBAGG_V112_000690	dc9152685148e7ae48130e387787690fcb7739d2a16e7f051e1bead6adc9eb0c	v1.11	BDBALL_V111_000862
BDBAGG_V112_000691	ae4ff0bb56283cb519700b19887e336c10320aec131be1cc518f49bdebcf195a	v1.11	BDBALL_V111_000262
BDBAGG_V112_000692	a55dc53cc707346d8577a819186a5acfb2e86b49cf9f4be33a427324d7ebd884	v1.11	BDBALL_V111_000141
BDBAGG_V112_000693	a08590b6c19b2c405ad1e7b31fbdf7c441f79db2bc5815d81000cd0072bf6106	v1.10	BDBPAT_V110_002400
BDBAGG_V112_000694	4bf6a3edd2881929a934631a3145baf3a4e067db1d12c38d520de6cad2f63ee7	v1.10	BDBPAT_V110_001468
BDBAGG_V112_000695	8c0def66acd238050834308570cb86e10dbd56fb460b97f23c198e983a257b3b	v1.10	BDBPAT_V110_002342
BDBAGG_V112_000696	a24f2be55207920e85d72cf462396a2f01bb83c5c6abba0b3f34ae40df3780b2	v1.11	BDBALL_V111_000540
BDBAGG_V112_000697	7058407d0c14020570c905dadd29d1900c13570fc9be09999f25d8ef8dbcec47	v1.11	BDBALL_V111_000995
BDBAGG_V112_000698	7a311682338758730500b421d2a56ce51dcaf31924427a9cef230b6e620ab832	v1.9	BDBPAT_V19_001883
BDBAGG_V112_000699	bca72521fab30518c582e13cb618cce269a62c0f9c89c3a25375881d2ea7cd4a	v1.9	BDBPAT_V19_002865
BDBAGG_V112_000700	30a5b2e8f86648be0af100423eae107a5b558dc46ac5151848fb01432acbde4d	v1.9	BDBPAT_V19_000730
BDBAGG_V112_000701	b6035018d3bcdc3b399c49563b2296804a6b837dedb1f09911ed163310192181	v1.11	BDBALL_V111_000678
BDBAGG_V112_000702	1211517ce621773f7d9a8f71fc14e4f0d6f8d7552db336d2e02e72a625ab1334	v1.11	BDBALL_V111_000538
BDBAGG_V112_000703	d29b1e6a4305927846da326713f54dfe2e22dfa8059fd2b275a033e802b8aada	v1.10	BDBPAT_V110_002164
BDBAGG_V112_000704	0ba96e5bd64464a1c3035ccfe21d3d3c523309f64590cb51942a73eca4215964	v1.9	BDBPAT_V19_000154
BDBAGG_V112_000705	a604270b0f1ac1a8ba9c606fef56f6ecdb350031ecf1629b9c3b79be5f0d51e5	v1.9	BDBPAT_V19_002527
BDBAGG_V112_000706	89b71b474b0b316c27970b0bdbb3e777c669569719de2c17110bc3b1f7fa93dd	v1.11	BDBALL_V111_000112
BDBAGG_V112_000707	4d8802eb6cda3fe3b7599ffdb7a3c0012429d274d200269f6ef72cfde50b351a	v1.11	BDBALL_V111_000278
BDBAGG_V112_000708	c490d537c13ce29e9a83d40fb37803ba12b20afa67ce6cd5c5688fa00ba8b889	v1.11	BDBALL_V111_000444
BDBAGG_V112_000709	18dfbd6f6beac686de12c589de1c5b35e145fdb38d9bc255054f2dc05f8229be	v1.10	BDBPAT_V110_001777
BDBAGG_V112_000710	5c4ad8ed8b045e2dc4b1151e6b5d98a4c34617c8508b64dbf1cee120d7abc0ca	v1.9	BDBPAT_V19_001434
BDBAGG_V112_000711	cb834f4d15ece1858ac8304fdcce0ec51844fcbd97e98e9ac1705eba6d72f360	v1.11	BDBALL_V111_000281
BDBAGG_V112_000712	14356bbffbd39014cb35a43e98409a76db173abd0a0bb22b75786182e9801406	v1.11	BDBALL_V111_000443
BDBAGG_V112_000713	e19ada275a0357c32f875496d59a51e1f8a0fafc675bfa3de64378b626bd422c	v1.9	BDBPAT_V19_003425
BDBAGG_V112_000714	f001d7fa4d014402609111ddbd5f01e2e4967fb4e5e24974fb0e48091f59bc62	v1.11	BDBALL_V111_000073
BDBAGG_V112_000715	33965e20446d6336e02539e13d3c2351bc11024d08d072a3ca0d29450eea5a0e	v1.9	BDBPAT_V19_000773
BDBAGG_V112_000716	f37c5ac168d441740c692fab4157f69137f70e6ba3d61a21cfee6e14096628e5	v1.10	BDBPAT_V110_002466
BDBAGG_V112_000717	59839d64d99897112d426ad2333709f7905856412a4f443fd86132afc72f6e27	v1.9	BDBPAT_V19_001384
BDBAGG_V112_000718	f36c42f6cc552ec6016d4ba4ac0483e19574b3e2ba68e7615d30e1e1f95fa669	v1.11	BDBALL_V111_000975
BDBAGG_V112_000719	df94b44d5c55d044b1866de16e8a2353a9eff8b4cd78cb94d9c1c86cd5079907	v1.11	BDBALL_V111_000359
BDBAGG_V112_000720	119d55ea5477ac3118dc2c4518e0c0f38fa1194eb868341187b8a577ac92062a	v1.10	BDBPAT_V110_001471
BDBAGG_V112_000721	694e248b90bc8475b47852958f2451fccd62a20321eb05b10f3d8731de09c29d	v1.10	BDBPAT_V110_000888
BDBAGG_V112_000722	7e77f78a011fcba71ad0c9fddea8e889f52f90bb13103dad8d5fb4a71ff7c823	v1.10	BDBPAT_V110_002003
BDBAGG_V112_000723	521c824f015882d06d22d3f9156b327c330b7c552fbf60910dbb399c79a63ded	v1.11	BDBALL_V111_000352
BDBAGG_V112_000724	abcb9bc2e5e689f40fae43929622d502158486d884d311b4a1dac661372e2a24	v1.9	BDBPAT_V19_002626
BDBAGG_V112_000725	1bc4f55bccd242ba46977b165c1f0d8afc93dd4246c6b0b75de866cc754dd49b	v1.9	BDBPAT_V19_000402
BDBAGG_V112_000726	1fcfa639802b07bb4e79c4af48a7c375e80908daa873136c6145372399e23c50	v1.9	BDBPAT_V19_000457
BDBAGG_V112_000727	b3f6453810d421f6cba182ba2257ff4e373e5c65cc12cd55d0b017763cc965c8	v1.9	BDBPAT_V19_002743
BDBAGG_V112_000728	e39c1a9a7b0c2ea2b18774b54ff8232312e86ad9ecb6d2fd31452fd61877a67a	v1.10	BDBPAT_V110_000830
BDBAGG_V112_000729	ccab1cd72f2a83690393ba7770c477a29a4f92429bf10029da9b8846f6cdf12e	v1.9	BDBPAT_V19_003106
BDBAGG_V112_000730	38280914028e43eaedecda51bd9ddad3128d6acdd586d99611f1e4caa8622142	v1.9	BDBPAT_V19_000848
BDBAGG_V112_000731	bf291c77d0383cf6e575f026b6584dd90fdcabfb91080fd374fd27b3696c81b0	v1.11	BDBALL_V111_000619
BDBAGG_V112_000732	7bfc254cfc8f8170328c50ee71e2c98d63917e53efec537223a6ad52b983e875	v1.9	BDBPAT_V19_001913
BDBAGG_V112_000733	37d9e42aff6a79de084f45d49c149eda3e68abbfd7b3c66721e28ef4b8040dc6	v1.9	BDBPAT_V19_000843
BDBAGG_V112_000734	ebd10bbbf354839027bc1e24006e6d016096acf300f83daf84cbc333e65a5b3a	v1.9	BDBPAT_V19_003581
BDBAGG_V112_000735	3f6c4d0c099bd45126c4ac8e7f2d6e77582a12485c52ceedecd07d0acd2d7695	v1.9	BDBPAT_V19_000946
BDBAGG_V112_000736	92743487e11b6f4b426818fcaa7ef4774afb16bce010f72ae200918ef20b22d5	v1.11	BDBALL_V111_000157
BDBAGG_V112_000737	753bab27f33efa542c75a5f0b3c5d7f42ee0fc27ae7c447d9fba605132b64047	v1.10	BDBPAT_V110_000757
BDBAGG_V112_000738	561eef90571fdf794d607ea9217801e1fd3392e02d30be10c5ec86c3d0a7337f	v1.9	BDBPAT_V19_001336
BDBAGG_V112_000739	31e9319a3fd549a13ca4b6c51e18035f09d5a1aa4791790b496090fb466d5cdc	v1.10	BDBPAT_V110_000120
BDBAGG_V112_000740	8bb4558549b1667536796f6e91f672fb971c4fa4ef87cbac7ecfbdc608cc1c22	v1.9	BDBPAT_V19_002135
BDBAGG_V112_000741	06499e04cef59dc13dc3abb8c16b0961ae216c5b63b9e55a0cddd8d3c0712428	v1.10	BDBPAT_V110_000203
BDBAGG_V112_000742	a7b9558f73ff2d90e1043cbdf27504e8d838946f3570da80768abaac8044bfa7	v1.10	BDBPAT_V110_001549
BDBAGG_V112_000743	d73b1695b867662c129346b203232a5f6cc1d81b7a7abc759825fd4a55dbece9	v1.9	BDBPAT_V19_003266
BDBAGG_V112_000744	741dd63cf324651ace91d6dcafa49b4824c1deb7dfe689c7fc85767182a25148	v1.11	BDBALL_V111_000331
BDBAGG_V112_000745	d81c7d2a378cc3cddb5503c3035ecef40f2d1fce6bc91c5e2a0cb9999f2b92d1	v1.9	BDBPAT_V19_003279
BDBAGG_V112_000746	1eabe160cea7b24f4328ae875eea0470ab4d6847f692de4371c05382732c2232	v1.10	BDBPAT_V110_000957
BDBAGG_V112_000747	405cb2c283cb0f2049b0224cde2e2d919fa47ceedad9b596ec5002aebb165d16	v1.11	BDBALL_V111_000554
BDBAGG_V112_000748	1e39eb3cd168bebf03cd60d334eb40c18422f937d14d62b7ea81672a897eb673	v1.10	BDBPAT_V110_000509
BDBAGG_V112_000749	2267ae640b27b3f77df097ca912ba4aae8c677ad901f23cacdeade78440719d3	v1.10	BDBPAT_V110_002340
BDBAGG_V112_000750	513b2bc952d664d45402f9991c222352bac87d112b1c1f8b239ca2ad02b05014	v1.10	BDBPAT_V110_002363
BDBAGG_V112_000751	5b0bb17d235cdcfc30ba8eb86e4b505fcd52ff79c7fff198365f1b8f78cbaf72	v1.11	BDBALL_V111_000184
BDBAGG_V112_000752	0db5a146cc7b6816c47be77b26467c4568ea0b6750e534ef1ec3aae3e06a6a82	v1.11	BDBALL_V111_000600
BDBAGG_V112_000753	dd891025cba87eca20e25ae659395cb452ec96b195761189842cc3f71fbca7f9	v1.9	BDBPAT_V19_003356
BDBAGG_V112_000754	a1ee196312149d1e1fc7cc67549adf424a21534ddd1bf32d6f92535edaf56a69	v1.11	BDBALL_V111_000736
BDBAGG_V112_000755	144c9a6461db32d98f0ec8504a892f9cee60d3bcc86bc99d72182af34f45e516	v1.10	BDBPAT_V110_001428
BDBAGG_V112_000756	b5818b13e73157c46e697d0c416e254932d88b843160d6c2e0a4f1be2ecb3aaf	v1.10	BDBPAT_V110_001704
BDBAGG_V112_000757	64f459f5083a57e182500dfc1c2620d7b8b58a4f2bc13f6a8cd9c0494e505257	v1.9	BDBPAT_V19_001569
BDBAGG_V112_000758	6d8fb2fe4e2563d3f0af618eccb1fdde846155d651d7eef29db66a10987da618	v1.9	BDBPAT_V19_001691
BDBAGG_V112_000759	68978737a472321990a39b6cce1598cb3f323c1a73a8b3b1a2ba9f98d8e8c73e	v1.10	BDBPAT_V110_002030
BDBAGG_V112_000760	fd02ba3a839adea088359b42efc7d6f7e0074d03c89819661a275ad502b8894b	v1.10	BDBPAT_V110_001105
BDBAGG_V112_000761	0c1fce83d0091d593db1d1783de6501a9fd2e8f4e62f01cbe9398021440e0a8e	v1.11	BDBALL_V111_000749
BDBAGG_V112_000762	c7753e590fc75df895edd35d2d4691e4a46b6d930d5ab8607b140895afbc52d5	v1.10	BDBPAT_V110_001849
BDBAGG_V112_000763	fdf6623fd33e53e53861d11943131ee3cd382609544d2462cf5667035c505229	v1.9	BDBPAT_V19_003841
BDBAGG_V112_000764	1fa1836f25b85844906644309a9f68404c46defffe4c9b5d2feb6f753c8116ae	v1.11	BDBALL_V111_000247
BDBAGG_V112_000765	63ccdef694d62bf24a8c2de48253cc87079e6aefb5049396f721748c8f03009f	v1.11	BDBALL_V111_000042
BDBAGG_V112_000766	3239ea073c73abd3dc0277ac28969a6d7cb0eac8164651151484f4a39d794f69	v1.9	BDBPAT_V19_000757
BDBAGG_V112_000767	0beaa1b1415704cb8e5e13332e65f0ec0f671bb69240664c121816906890c218	v1.11	BDBALL_V111_000125
BDBAGG_V112_000768	a7c9a27c3f9f201ac3bcc053d1ddabca978d0c89f55e92d5dd9ab7a654ba24af	v1.9	BDBPAT_V19_002553
BDBAGG_V112_000769	b284072a23b2bb244163bcf15d9fed72c37b63149b609bf56cb1639a65422c70	v1.9	BDBPAT_V19_002721
BDBAGG_V112_000770	057f854686865e390de43f006254de4f5101952d7db54b516c162c105d7a5ba7	v1.9	BDBPAT_V19_000076
BDBAGG_V112_000771	ee876c514bcbd4e8e767a36019f93dadc35afdddd25c53bb90e5746190637c1c	v1.11	BDBALL_V111_001036
BDBAGG_V112_000772	e434d83cc64299a2eee42da6f3444de1ae1c72802daf32737cc00b724cd5d20b	v1.9	BDBPAT_V19_003467
BDBAGG_V112_000773	ebb9e482ea07ac23ad0a139f2a61085f708766e797a28edbeb9bda5278d66e36	v1.11	BDBALL_V111_000456
BDBAGG_V112_000774	e751412175cd183550d318d61f4cbc5e6047b6afc50adecf305d83e423f15817	v1.10	BDBPAT_V110_000368
BDBAGG_V112_000775	99e74d7d61e7efb6812949db1f00bd46657a2fa91507f3f1eabacc0a5c9f5968	v1.9	BDBPAT_V19_002355
BDBAGG_V112_000776	19832cf9a82824ecb855eaaabdd830cb78f31ea1352b41a0a5d15f3f110a05e9	v1.10	BDBPAT_V110_000540
BDBAGG_V112_000777	6eb028a80dcc727613a9fa107a51111fc23ba5cbb012883759b6696aa68e3e3b	v1.10	BDBPAT_V110_002002
BDBAGG_V112_000778	36c3894acfd1b8c81a65df061020280d28f5a5cc9490b50200ce070668dec299	v1.10	BDBPAT_V110_002455
BDBAGG_V112_000779	3fcdf1955690f44eb9dff739d18b1c42d38beda308390dceca3529caa925e122	v1.10	BDBPAT_V110_001052
BDBAGG_V112_000780	ae24dfa16ef7cbb17175cc295ab129ba154f68e85ef40510434e939cace4fed7	v1.11	BDBALL_V111_000316
BDBAGG_V112_000781	2a212f507db4b8a01ce033a6174eb39c39ce8470080e3059a9ac035ccdf9a87a	v1.11	BDBALL_V111_000022
BDBAGG_V112_000782	a192dc46aab0235ea44776367e0fcfee872fd6144ba47576755f82a7ca460095	v1.10	BDBPAT_V110_001503
BDBAGG_V112_000783	31cebd934fbd57c13209dafd9d7467b449221ff544d3cd2a30b5a20528d7fa81	v1.10	BDBPAT_V110_000534
BDBAGG_V112_000784	b2b0f692ef45107a67e202f8822fef85fd494e39de863191f56b028a077c3143	v1.9	BDBPAT_V19_002725
BDBAGG_V112_000785	e2d1ed1b8c0df8a437030c9a3881bc4599cbbcce17bbfce98fe8ae2378cee678	v1.11	BDBALL_V111_000892
BDBAGG_V112_000786	394a94bd4ab4c2480d14508eca18260da0c4ee70a5b0d91d99cc6ef507ea5548	v1.10	BDBPAT_V110_001850
BDBAGG_V112_000787	bba501d85caf3b69bfeb7685a27591f3f709b1b1d255e0da7c28d578820c3acd	v1.9	BDBPAT_V19_002851
BDBAGG_V112_000788	e1ca5a05dbc04ae331ad440c20d12356e6713749650a14e5360cff7c84458523	v1.11	BDBALL_V111_000957
BDBAGG_V112_000789	1bb9f4688dd242f22938bddbd13c79ff95f081ff6eac4d8d41c1b53d6103cf36	v1.10	BDBPAT_V110_001854
BDBAGG_V112_000790	37548e455fddbd5ed425241fd912a494da69779949ef08046a443d94c48539fb	v1.11	BDBALL_V111_000724
BDBAGG_V112_000791	27d4eb08ed45307e0ad9a1abf86f142c5980f2524e4034287e6c2b25e9d8082b	v1.10	BDBPAT_V110_000644
BDBAGG_V112_000792	ca2f3e98c3d52c96f7023c9b27d7b0d62abea04ced5e00d983b92b508370bf30	v1.9	BDBPAT_V19_003071
BDBAGG_V112_000793	444da88635991f0aa794dfc8e1069dc7f733b0a247022080656643eba35163df	v1.11	BDBALL_V111_000720
BDBAGG_V112_000794	44423f80600e2476d9960aa017fa5b68ce49a44196ee4f725842140a749c5776	v1.10	BDBPAT_V110_000684
BDBAGG_V112_000795	51387e1d6c5d4dd2bed7945e4182a3145f82ded3673b5c7f713f078e5216cc81	v1.11	BDBALL_V111_000951
BDBAGG_V112_000796	c36698999057dc93bee4907bae7123d86913d107447b4bdcf9cc3f1434e30ee9	v1.10	BDBPAT_V110_001814
BDBAGG_V112_000797	d15f78a44123520ea4155be011f1df4fa16bb0cd70065ce82a25086f84c3eb1f	v1.10	BDBPAT_V110_002128
BDBAGG_V112_000798	977414fe1c344647eec5bd924b1ad0d7e8f9e50bd7577dbbb8c61caa55e7ad16	v1.9	BDBPAT_V19_002316
BDBAGG_V112_000799	af3b49c889ae75c103cb885101da1e63a72ec5debb6d3f594bb7bfc3e9d6b746	v1.10	BDBPAT_V110_001793
BDBAGG_V112_000800	c239929508d2cd160fc669e4a5a083a851af565868e96cc5b5b0b7f9fa98cc71	v1.11	BDBALL_V111_000118
BDBAGG_V112_000801	0a55d59163516e3ca83f04bacd509b3946c9e05dfed5ac4ef17723f9615ee12d	v1.10	BDBPAT_V110_002396
BDBAGG_V112_000802	28d15c0759f770aa9901a35c07022015d5e7781c77260c6a46adda7c0b0300c5	v1.11	BDBALL_V111_000039
BDBAGG_V112_000803	2aa5a9c82bf41f384b3f73a13fd0917d3417c38bdd3298d6243f53a4668a738e	v1.11	BDBALL_V111_000293
BDBAGG_V112_000804	d0974a38db600f6a6e07bc4064221bcb7c8db23637ec981602c0d16714c180ec	v1.10	BDBPAT_V110_002092
BDBAGG_V112_000805	85a5fb8d45cda40c6a73065cbbdb714fd1cfb2a7cfb9663a675ab2ea6b0369b1	v1.11	BDBALL_V111_000204
BDBAGG_V112_000806	668f293ec8d9e2bc23f7b155212db91176b67ff94ea06a01f78201e5df38c1d6	v1.10	BDBPAT_V110_000461
BDBAGG_V112_000807	c2f87511ab815fcec788360e856fd6ddb601d558a7d0b140045d5a2dbffd440c	v1.9	BDBPAT_V19_002950
BDBAGG_V112_000808	d9eaa37a7b4a2aa20b554633220a480cf1bb2942cc1a2ac292af8d43106cdf79	v1.11	BDBALL_V111_000250
BDBAGG_V112_000809	424d0aa9d94e9d3a356b75d756399c583a04d8d2c6733134fa764f025cfda125	v1.9	BDBPAT_V19_000995
BDBAGG_V112_000810	10cd2f6db0c6b2cc359aef9432329303ca8a5778c9f71d69359eab816b65ce50	v1.11	BDBALL_V111_000432
BDBAGG_V112_000811	82101d134bb88585fb93e78e642d67bad1c4b784ca0df1dcfbc77b64617d2e0a	v1.10	BDBPAT_V110_001085
BDBAGG_V112_000812	bf8960190c4379dc628e990c78f09c55193e8a8e7944568a14c9ddf92ba21206	v1.9	BDBPAT_V19_002902
BDBAGG_V112_000813	0832b3487611da6364b69e0d261f3b3526a20c3c88f6e9fa518b984e04fe9dd6	v1.10	BDBPAT_V110_000444
BDBAGG_V112_000814	027c4334d2cc41f035f6b9068231774ebc3d12a008928e1e7d86f288f10dd121	v1.10	BDBPAT_V110_000106
BDBAGG_V112_000815	a8f9e6c87a2a48f3edbacd6522644878caa8ec7dcf1384ceb93749564f64dbb3	v1.11	BDBALL_V111_000987
BDBAGG_V112_000816	c329d920541c0a1b03707695e2f677e60c13cf0f472300bd33a6784f340ec8a9	v1.10	BDBPAT_V110_001803
BDBAGG_V112_000817	b5916569ab8d0b8ba062ac79ff02cd0c05d347030453e85384f1cc83689e27a0	v1.11	BDBALL_V111_000655
BDBAGG_V112_000818	d838bcda053ac4949105305cd809c6c7370cb874aeb745dea418f14c21a88cc9	v1.9	BDBPAT_V19_003280
BDBAGG_V112_000819	b149e305e4661d7ef871533b4efea28badd28c44716e46e0c044d604b63d24d1	v1.11	BDBALL_V111_000334
BDBAGG_V112_000820	66c90289c0014e0045f9bc26fc2d1ef2dd1621519f27fe034fb4ada0c2de8e11	v1.11	BDBALL_V111_000852
BDBAGG_V112_000821	14ccd2471ff25f4072a8cf9ffab0cfc36e9c6fdfa080cb83fa6b9ed93ddcba24	v1.11	BDBALL_V111_000485
BDBAGG_V112_000822	5278bd70f51bda2f6dace1ef00320d521f8c1e315a0852b197e8e4745d430e83	v1.11	BDBALL_V111_000166
BDBAGG_V112_000823	c761968c107c8145e29b2d7889ccac898698106bbfc40142dec97c565c0c1967	v1.9	BDBPAT_V19_003022
BDBAGG_V112_000824	dd98e009e3b8554b8ff4e5641a34bc5cbf4c9334e176368fafb5180b9426b7c4	v1.10	BDBPAT_V110_001039
BDBAGG_V112_000825	f7419bbcaf000b7e984ac6eb807e76a49d7a1031268629d302d348e0b8c7029d	v1.11	BDBALL_V111_000854
BDBAGG_V112_000826	bc4bfb0d0616171c5350ebfffded7a9e4fce9df3b81e027ca28f4102a2baf252	v1.9	BDBPAT_V19_002859
BDBAGG_V112_000827	d21d2287ee949e16013be485f6f2ae8ce2a9fbba189a5344dd134da14e0a3e9b	v1.11	BDBALL_V111_000537
BDBAGG_V112_000828	f536a326757686112633709a17f499ac79108caee15ff44f1a09d35d8924968a	v1.10	BDBPAT_V110_001714
BDBAGG_V112_000829	ffa13c3ee9bb6915566ec43f40731ba168451c4512789b9ebab0d60b19c92488	v1.11	BDBALL_V111_000248
BDBAGG_V112_000830	bfa9d6240e8617bb9f71c27415b799980ae4c16a794e2d1568b6db4061b517a8	v1.11	BDBALL_V111_000666
BDBAGG_V112_000831	69c54a3f18f928416094db78e39584c5dc04319960cd8149cfd72d131803b08c	v1.9	BDBPAT_V19_001636
BDBAGG_V112_000832	6e5f6d62b0fa7a02dd213546b1d5821ccb5af6e7d2f49f488f42b5ca2f5b79a3	v1.9	BDBPAT_V19_001703
BDBAGG_V112_000833	d8d488431f6faf059b3939cd94c09b4e8e10794109996712203b8a764446fd52	v1.11	BDBALL_V111_000227
BDBAGG_V112_000834	45ff9f5babeaf9f6758cc2ce2f9d9eb60e1959f0c8d1ba13ea1e166a4452aa58	v1.10	BDBPAT_V110_000952
BDBAGG_V112_000835	6b697abce52c4fe2df41c85ba6255759f0e5dc40a9ceb558ca8eaf52f54b09a0	v1.9	BDBPAT_V19_001664
BDBAGG_V112_000836	38ed538c907001705ee4f367cb4235dfba54d2b89f46f5fcbf03161727ef4cb9	v1.11	BDBALL_V111_000115
BDBAGG_V112_000837	62ebd8def61fc1873cacfa1eea824938761c4a4bd5d11562529bace252890cbb	v1.11	BDBALL_V111_000628
BDBAGG_V112_000838	5c3fb4eceafce30f2ff3d9e1fd30f6075ed3ac8cfc92735488041f5ce96d332e	v1.9	BDBPAT_V19_001432
BDBAGG_V112_000839	d82c00f1ca9d9432a0eea655011c815d53ed023e87023fa7a9f8ced2a37095c3	v1.11	BDBALL_V111_000844
BDBAGG_V112_000840	057445a154b10b391274aea4d9e0d9101edceb9baf4e9ed7df19524f22f9b171	v1.9	BDBPAT_V19_000075
BDBAGG_V112_000841	6b6f978c7c5339fead45b0b7e2924987ba59e10cc520a284a637fcd2ae56cbba	v1.11	BDBALL_V111_000121
BDBAGG_V112_000842	0d2762e30a58ddc50841d52a50359ebdd3b07867a2b50e6a41d808c3e700537a	v1.10	BDBPAT_V110_000335
BDBAGG_V112_000843	105ee4363bd99013c15be86a109f9f578f0830b22de7336558eb001d2acf57d4	v1.11	BDBALL_V111_000034
BDBAGG_V112_000844	e36301728b1ced766bf0b8492ad8ef02f798fc0f7356bfbcc632787afe6d65be	v1.11	BDBALL_V111_000895
BDBAGG_V112_000845	4a034e1b466777a6da9ca891e357653b82d6a04cdb4bbc7cd1612b2cf7327330	v1.11	BDBALL_V111_000283
BDBAGG_V112_000846	adae859da753616c7f281190866067441f4e00223bf9e49721d31a8393d4554d	v1.11	BDBALL_V111_000624
BDBAGG_V112_000847	4ef6b71addd8f1a136b028df227cbaf24b365b75d796f7d8ad9f1afbf3e523d8	v1.10	BDBPAT_V110_002023
BDBAGG_V112_000848	8aabd32cdb4d6216983c17a5980e570a3d96fb6753cf3548e2e4afa140326692	v1.10	BDBPAT_V110_001421
BDBAGG_V112_000849	c61ab68e16f6c5f5df6188d8d586b8f1ca28577c324a5086795c84ac93e3c0cc	v1.9	BDBPAT_V19_003004
BDBAGG_V112_000850	7fded00a9cf2639a858d114f70927ab68cb7d38d4152a798970a365c194b464e	v1.11	BDBALL_V111_000869
BDBAGG_V112_000851	2985e41fb024f8c22531c3f87f302513d9c6bbc62bdc491f66310c976e9667ff	v1.10	BDBPAT_V110_000367
BDBAGG_V112_000852	4eb81c0a5f03835bfae0920e8aa3eb4bf3d043216e327a87b5910a60f6a47e98	v1.9	BDBPAT_V19_001226
BDBAGG_V112_000853	0a7d0f5a09a7d3f3a5b29c8e8deec4dbe86c98f358b9f1559f3db986d7517574	v1.10	BDBPAT_V110_000303
BDBAGG_V112_000854	23c015ea8d1b66c68c1535123034702fea4850e425100f16621799a9d367ca16	v1.9	BDBPAT_V19_000512
BDBAGG_V112_000855	20e70761a6b380db271f1d87a70ff60f58156f3ecb649ef44f48b553b2b025e2	v1.11	BDBALL_V111_001074
BDBAGG_V112_000856	55c46252a583cf91cc8b759b33f353c5cd8d306caf4b4773f354367a8a1010b7	v1.11	BDBALL_V111_000084
BDBAGG_V112_000857	69c35640e920ef541719129dd807f374b073235aea5eca5568a96f227e63eeea	v1.10	BDBPAT_V110_001387
BDBAGG_V112_000858	945c5f098a2735298db1ab9fda04888c2be3510bcc51fc1e371422673774f185	v1.9	BDBPAT_V19_002272
BDBAGG_V112_000859	ddbbb04b24c4261d2e5e59e175e9072cd320f1f3c629ebfd06c4336e0f7b20f2	v1.11	BDBALL_V111_000887
BDBAGG_V112_000860	63fe4e20429ad67735397b1c465873fb509b3b31bdfbae04dfba8cce228d40a6	v1.9	BDBPAT_V19_001561
BDBAGG_V112_000861	7ff3973c7a26ca70466fbe61201084030984de08d561b1ce6a6f279cdb2ace4d	v1.10	BDBPAT_V110_000212
BDBAGG_V112_000862	1c0cafdabaaf308d92d9afd78865d40d8c83641fcc80d57773badf73122d4ed8	v1.9	BDBPAT_V19_000404
BDBAGG_V112_000863	0b515797e82ecd80d59304fe0a272808ed50b4aa67d4950a6eb646f159073a51	v1.10	BDBPAT_V110_000008
BDBAGG_V112_000864	529b43eb7ea370cddc98c112fecdb0eb4867ccad02f390deea00f5a861cc1dc7	v1.10	BDBPAT_V110_001609
BDBAGG_V112_000865	57e43b83adecac786ce0bd1ca34ae688b3e3e89677931397fcbf96e6bf30d215	v1.10	BDBPAT_V110_001723
BDBAGG_V112_000866	8ae1b180d3f61c5d40bf1fee11395eb7d6dd902f227c6138636d2b99341ec02b	v1.11	BDBALL_V111_000832
BDBAGG_V112_000867	7245b07dda9ce736f7213b0a287316d9bd3b0b351e14e47f662865b3d0bf96db	v1.9	BDBPAT_V19_001764
BDBAGG_V112_000868	c1042ed3a2bd29018e2c2c5e40f93ea875f5740e56718aca1e0a1ccb6447e50f	v1.9	BDBPAT_V19_002929
BDBAGG_V112_000869	2f1b75f8b7096f59d321d4ca8f07c65bd9e5483b96ff5897a79d9e46f38372a3	v1.11	BDBALL_V111_000159
BDBAGG_V112_000870	95565c1b47e1ca96d9db5686fd7455a4561d5c9ccc7b4665e39bc1977e88bc09	v1.11	BDBALL_V111_000396
BDBAGG_V112_000871	4ed0f07f4ea31563f90f00839d78b3064be657fe648a2227d9548f4726392db8	v1.10	BDBPAT_V110_001594
BDBAGG_V112_000872	30c0e9e2557cb6b5eeeb7adaf1972797956ab81b36d1916d923cbe817d020634	v1.11	BDBALL_V111_000871
BDBAGG_V112_000873	ce63deb33b3f832cd094b398e9ea146945ed2191478e1aaf7baa780c941f58b5	v1.11	BDBALL_V111_000482
BDBAGG_V112_000874	075860dd5f0cc2b460ceeeffe47558561b9cb5304d9faa3288e9c0fc1f8fab84	v1.10	BDBPAT_V110_001927
BDBAGG_V112_000875	2de570acfaeea0e52af2b9815420aeacc537d9df497537cc509a0c57add27b1a	v1.11	BDBALL_V111_000819
BDBAGG_V112_000876	196df36a051fef3c0264397b50a6f25578beb952fd88635e6dac404cfa1da8e6	v1.9	BDBPAT_V19_000366
BDBAGG_V112_000877	dc91d3310c2989536ec241e785780533f07763f720e65809146999552a5a533f	v1.11	BDBALL_V111_000006
BDBAGG_V112_000878	515cd02e8a70b61f4f14c7ba7ce83b85d2192fc3595e61a3d6bc929dca4cbad4	v1.11	BDBALL_V111_000973
BDBAGG_V112_000879	92826a67f5457cd74169cc8f46c9a3c54ebc03286f8f6026eedffaeb689190e8	v1.10	BDBPAT_V110_002216
BDBAGG_V112_000880	c54325b02b43e2e05bbacae55895ca842f9f0570b65a657020f045f21690a24d	v1.11	BDBALL_V111_000219
BDBAGG_V112_000881	f505218b17d29f757b95712efe096089967d6d2f64dc1c96a763a57788468dca	v1.9	BDBPAT_V19_003722
BDBAGG_V112_000882	2c254132fb5415186aba1ffbdb78892b500e06e591671a560f0f823f41288d26	v1.9	BDBPAT_V19_000653
BDBAGG_V112_000883	44f6e1101a991e495c03b49c1d7360ba86534c9ccc5c6cf070ce33ecba3018fa	v1.10	BDBPAT_V110_001521
BDBAGG_V112_000884	09f20a4f7d4dc4cba987733361f563975a1810a25bd10cf45c0ade88935ec544	v1.10	BDBPAT_V110_000350
BDBAGG_V112_000885	98ebd8581123249587ab9de436e4dc1592cb6699a28f4381d865f779a95b0351	v1.11	BDBALL_V111_000445
BDBAGG_V112_000886	3ff8a803ce6066edd5a84bd8f8b82882bc3e4bbd086a35ec1e0788f3f39c22c6	v1.9	BDBPAT_V19_000952
BDBAGG_V112_000887	1c5e22dfa98f4cd36340ef740994b950f8f312953ffc88873940dfb3369b1ed0	v1.11	BDBALL_V111_000009
BDBAGG_V112_000888	f078b906d08dbd8f725b3399edcbcc63a7949fcc5e166b7419e2acfdac4100ee	v1.11	BDBALL_V111_000362
BDBAGG_V112_000889	e17a3b62ff24e7884b1f42786f0aeb83c4d3285168360717bc1e789c726cf548	v1.10	BDBPAT_V110_000777
BDBAGG_V112_000890	b3c9151e9e650320229f8cbb00d03fabcdfadbadd8fb2ff3359dcfe7eed7352e	v1.10	BDBPAT_V110_002433
BDBAGG_V112_000891	3d3a5ad1943b1f7e5cd061933ba509d4d8304052bce4173b023721700c16b373	v1.11	BDBALL_V111_000037
BDBAGG_V112_000892	87a8d8f94e6bcc84fc4c94291066614a5039d4f88b86ef4f307e13b00a3a60ea	v1.10	BDBPAT_V110_002141
BDBAGG_V112_000893	6cb92e8eb89d2715369a5d2e6f70b3f393e4a1c869e4118b720f728da45c7eaf	v1.9	BDBPAT_V19_001684
BDBAGG_V112_000894	af7ab4f11c1868fde04159880f55d48bc16f46c5c0755d96a9fb86f0ae5029c5	v1.9	BDBPAT_V19_002682
BDBAGG_V112_000895	93428a1fb155b124994e068d5b419100604895cb0dce3ad3000b085d86bac43a	v1.11	BDBALL_V111_000858
BDBAGG_V112_000896	f2497ff9cdbaef4baa127edbbb4dce5d11230711736b1a44e2449933aee2fcc6	v1.11	BDBALL_V111_000765
BDBAGG_V112_000897	9fb5e04244dbbc25b68f26a7dc22a2ad176a561bfeca2884f7b892abcc9acc90	v1.11	BDBALL_V111_000398
BDBAGG_V112_000898	7aee5e360c33863073292b9c398a1cfe55af7df9f98efc6a50d8fb88587838fe	v1.9	BDBPAT_V19_001896
BDBAGG_V112_000899	2f8f9b9fb484fcd6ea5ac595fd3669dc8dcea2a0a896339b9a399915a0e20fb2	v1.11	BDBALL_V111_000791
BDBAGG_V112_000900	299a016b8848a095a95116ac11826815aebc761f512bae9912ed6b066b945d8d	v1.9	BDBPAT_V19_000613
BDBAGG_V112_000901	0d488e9fcdd1f1530bff5d12e8f943024937c75c4a3be03d8e59ddd1a0748596	v1.10	BDBPAT_V110_000923
BDBAGG_V112_000902	ad1ac8c9889d7f77b286bec76abef4096cda45e801b7ea09e8fc392963894e0b	v1.9	BDBPAT_V19_002649
BDBAGG_V112_000903	7e0bb3a397a88aebbcc375cd536c7629ca6e2673ff2ee74c960cc2b24918f222	v1.9	BDBPAT_V19_001945
BDBAGG_V112_000904	aaf9d5e90b948328185c5ef6bc603ddb4de6ce077e072670d650b7cf6c55e228	v1.9	BDBPAT_V19_002614
BDBAGG_V112_000905	85b18964905bf2c388c9ea6b5777d646f4f0f351d6855c07a63e6d4752cef872	v1.9	BDBPAT_V19_002040
BDBAGG_V112_000906	4144e5cc87b2bf04a89d9c774c7f11f36b925c04e129c2dd46857cd3d320fbdd	v1.9	BDBPAT_V19_000971
BDBAGG_V112_000907	984f45c681021a73ca392c7449fb2c4bcec01e5975ba8f9cbd518d2eab2706bf	v1.11	BDBALL_V111_000194
BDBAGG_V112_000908	a4d465451265e3088be01544bf337e4308e13d408b82d3004105b327bb04b6f0	v1.11	BDBALL_V111_000910
BDBAGG_V112_000909	38e2cda8a3e03b0359f712f33c7ec77cf9fb50001c029692fad3379d1c9441a0	v1.10	BDBPAT_V110_002482
BDBAGG_V112_000910	d8e6977bb42db1ca6fd3da5acbb4095985c5d8c505283bb07fcbf8be45ee1b72	v1.11	BDBALL_V111_001019
BDBAGG_V112_000911	ef9b14ca3583aa0ae8c75e6600102d6637b737ead2f05b7275f88b842d33b71d	v1.11	BDBALL_V111_001054
BDBAGG_V112_000912	f0cc7d60329760b7968045a1a08b50f84a6f89a690cd3f48fb8e8a1488fe2637	v1.9	BDBPAT_V19_003673
BDBAGG_V112_000913	7e3cb6b6c4be5eb95712fcc6a8400b3e99dfcce35d3196651188599fbae2f1d0	v1.9	BDBPAT_V19_001949
BDBAGG_V112_000914	657724785ec83ba46bc0e11b2060e93031c2cd5515ffa75ae21008e46392a00b	v1.10	BDBPAT_V110_001343
BDBAGG_V112_000915	fece2f9d376e73d3d571e26607c159462153e3cd82c5c77802b31137956dd81a	v1.11	BDBALL_V111_000371
BDBAGG_V112_000916	4d4c4fb55d99da4dac3d5307e8e888e1e51e3f1e530473236cae72624001c07e	v1.11	BDBALL_V111_000816
BDBAGG_V112_000917	868b2d5900ee61f7a028a0f3a34d79843f1543396f0a8439bc0c7f1cfa7e34a2	v1.10	BDBPAT_V110_000356
BDBAGG_V112_000918	cfcedd12d8edcaf71e86faa308c730954c91a9c9e66bbec8dfea354527744c20	v1.11	BDBALL_V111_000998
BDBAGG_V112_000919	5d757115bd9eb91b4975b8e7842afe8f908f910fa6cd33afa697393e695e9d59	v1.10	BDBPAT_V110_000319
BDBAGG_V112_000920	91b0832ed18c106da6d2616c9bf174af9894614a3583f8e51ec4f17b7e921687	v1.10	BDBPAT_V110_001119
BDBAGG_V112_000921	d2c1fb80d25aafe52097709f61e21a085830671b5deea513ec893a0ce6e3e901	v1.10	BDBPAT_V110_000765
BDBAGG_V112_000922	5f1117dfbd6997a3d41f7d618cf77bf76eb495cefb86fa9f26a11974d5cfa35f	v1.9	BDBPAT_V19_001476
BDBAGG_V112_000923	1d217554fd025a77ec26a1a720454080b22b87ecac05c3cc8319eb57a9ad88d5	v1.11	BDBALL_V111_000101
BDBAGG_V112_000924	ebaabb2fb3fa1151fb831810c33235f373e24447da233c1783c4ef232fe3ed3a	v1.11	BDBALL_V111_000864
BDBAGG_V112_000925	f1af35a7aafe60e563304dbff35e35db1c53e3b576f199b0b396c616dd2c4e8b	v1.11	BDBALL_V111_001072
BDBAGG_V112_000926	b4ffe2dbea34f651fe8a4aeeeb5989b6d40347b562aea5698311a83c8bde1548	v1.11	BDBALL_V111_001030
BDBAGG_V112_000927	8c97c617a3f1e9a2abf6b6b9c76333073101cdd6820f1074098f700f620655d1	v1.10	BDBPAT_V110_002490
BDBAGG_V112_000928	e5f3216182912d3691d4da1081ce8a3d035ca50a6745575a863be83efe2f2183	v1.9	BDBPAT_V19_003495
BDBAGG_V112_000929	085a34f4a43e99e4f6acd4470f396ee47ec52f6e284992dc84209b98d8b98ad3	v1.10	BDBPAT_V110_002143
BDBAGG_V112_000930	ee15a6d4088fc5aa2087f534effdf54d3667c55130914ee2e347087aae33087e	v1.9	BDBPAT_V19_003622
BDBAGG_V112_000931	8f3f07e809f08c43a236e89cd875bd07696779ca637004497af55f79af3b1e2a	v1.11	BDBALL_V111_000596
BDBAGG_V112_000932	228397ef13806961e9e4b842cbe25411723d1c2be926652c2e34d429b9673ff1	v1.9	BDBPAT_V19_000490
BDBAGG_V112_000933	9fee0dd977507f60a510850295562201f69b53a1059375d262ad5a0b24dc1adf	v1.10	BDBPAT_V110_001284
BDBAGG_V112_000934	8800221eda991af876bc4127d06874ead2af09f3be6e82c63df64214949e7b68	v1.9	BDBPAT_V19_002072
BDBAGG_V112_000935	7992aac4ca460bb61fe9455dcb729dfb149a275f18bca4f2d4b38fec3b52a91a	v1.10	BDBPAT_V110_002329
BDBAGG_V112_000936	95396471b70f9464d17b094dedf57ae9d6d9e1845730fc3d2097ff1a1540c036	v1.9	BDBPAT_V19_002282
BDBAGG_V112_000937	1b1fbafac6e76c438a6d519566128789efb4df8ba72e96a13fea7a3fcbb29bcd	v1.10	BDBPAT_V110_000004
BDBAGG_V112_000938	2e104e907951c561d5bd4e8824ac2210a3597450b64cab0fa17210ea8eb94a14	v1.9	BDBPAT_V19_000681
BDBAGG_V112_000939	0e13fa2213c573d059b0097d851a9ecc4a08bfde34b3c6cdfdd9289d38398b74	v1.10	BDBPAT_V110_000072
BDBAGG_V112_000940	99d2bcdaa85d6091c6abd90b0a4ca802f5adbdf2ee691ae67d303c3a53a8da6b	v1.10	BDBPAT_V110_000698
BDBAGG_V112_000941	01ca9206e5e720a97ab471ca489141513ad19b9e4261de19259f31280777c9fa	v1.11	BDBALL_V111_000004
BDBAGG_V112_000942	aed2b72585e8a276d6e9644fe28dcd11a7f8d68617b4cdcb0aab4d906007da4f	v1.11	BDBALL_V111_000670
BDBAGG_V112_000943	2563a433c9014bb3aa9e967b7c58d5ff031a22ad2f1c4068024a44b461cd8c6d	v1.9	BDBPAT_V19_000550
BDBAGG_V112_000944	d23822017356a973db9d9dded1d78383a4d925f033ca5bd6e85c43fa62155c09	v1.10	BDBPAT_V110_001156
BDBAGG_V112_000945	7d3f542679b6f2f2ad7a9725c7ea0243bf316a1fa5c15bdd0819bb1fa8eef61f	v1.10	BDBPAT_V110_000832
BDBAGG_V112_000946	1fca2cfd0dd9d3bd641f06fc77d36b3ce20ae09c6e3651c8886abd967ac76542	v1.11	BDBALL_V111_000149
BDBAGG_V112_000947	f09ff8acb131da88e0006350fb4f104fb8aeceaefff615cd7e0950f48c3333d8	v1.10	BDBPAT_V110_001684
BDBAGG_V112_000948	d43d159efad7205c8da862f949b071c1b31cb4eaaa2c695f527b9beefec526b9	v1.11	BDBALL_V111_001017
BDBAGG_V112_000949	6d289a9dc7d7bb32d04ccf37a6abb7e99228823aa3c67b32705cd7ea3e3d6f35	v1.10	BDBPAT_V110_002053
BDBAGG_V112_000950	731beedc51dd05233202c07fea9102eae1ad7d640dc40644d99a47d36f0472b8	v1.9	BDBPAT_V19_001773
BDBAGG_V112_000951	10bc8f78919081a4bcb61b38fc5fea01cfc5639301fe41c04e9c2c540ebacd19	v1.10	BDBPAT_V110_000978
BDBAGG_V112_000952	a8d9727b8147029173e3554f7c7f5173a216b02682da2481544db16b1be34d08	v1.11	BDBALL_V111_000966
BDBAGG_V112_000953	3476585d84f80fbc28c7422a6ae8add30c52f630206b321af62b57e503e20e2c	v1.10	BDBPAT_V110_001327
BDBAGG_V112_000954	ccfc2432001bcacc27d59db0e47c40b618c258442ca675b6ddefc762cae350b6	v1.11	BDBALL_V111_000622
BDBAGG_V112_000955	ef530ffa4f974bfcaa9857bb5f8fc9e789a85b86b8694946c7957ea43ac1c84e	v1.9	BDBPAT_V19_003648
BDBAGG_V112_000956	0fa3d9227490bb63c86f75aa6021ae966c06f7385dbf98427fa1b06d6a5aab4a	v1.9	BDBPAT_V19_000210
BDBAGG_V112_000957	204f1253a1e2b9093788295994e05d7abab7d0afd991a370daf3d82b48e9d5c3	v1.9	BDBPAT_V19_000470
BDBAGG_V112_000958	e11f5127201ce05856a4dc1489ff1bc4caba85600b0437bad89cb04ea0eab098	v1.9	BDBPAT_V19_003413
BDBAGG_V112_000959	0dee22451b817112841aad096f52a3686e06b1b8305047de7c7c6f6c31d93348	v1.11	BDBALL_V111_000280
BDBAGG_V112_000960	8a41be7cbf09aca1dd0d4f86bcb8c4a38019e2df25e97d85c485b72be42aa13f	v1.10	BDBPAT_V110_001798
BDBAGG_V112_000961	72e52884cf8c912444bd1be947f1cc10eed5483270a673e23730d5ea3e20bf53	v1.9	BDBPAT_V19_001768
BDBAGG_V112_000962	d77a4685aa507576be30d9f456934bc71495a3946c75e7767132d1c8d7f30390	v1.9	BDBPAT_V19_003270
BDBAGG_V112_000963	b0707dcddfc450a94357bbeadd7740694f65a915abd5813c0a03c13cbf7581f7	v1.11	BDBALL_V111_000397
BDBAGG_V112_000964	4533d8054fbe107609746dab4e6c5efa84abfaaaea7e63e46947699d778ea759	v1.11	BDBALL_V111_000110
BDBAGG_V112_000965	7ca8febead8e504ca7a19b960b964b6a874f3067b02b4552c7ac1e3ee11cd425	v1.11	BDBALL_V111_000230
BDBAGG_V112_000966	ef3b06ff4d98545953d7d9daf1239ee534d5c654d20ef7d30a14fa6098e3f500	v1.9	BDBPAT_V19_003645
BDBAGG_V112_000967	720e40dbac3912a9b304a9fd73966fb1be3fcfe3e66083924d7a2cc589d2d238	v1.11	BDBALL_V111_000222
BDBAGG_V112_000968	50f171c6e8a7f0a01fd8fd6e901210d7758631a2fb5ce09bc47ce8e939e251a0	v1.10	BDBPAT_V110_001643
BDBAGG_V112_000969	69728d10dc78c02d2aa1f10306e9a390763c2d1afddad92f7cdc61a4337890ff	v1.9	BDBPAT_V19_001633
BDBAGG_V112_000970	c36cdf4a2599959a8df5a7675085515bfbed35b04966559235ff85276c4687d8	v1.11	BDBALL_V111_000275
BDBAGG_V112_000971	efd89b71f7153bcdf9631727cc17108e1e001dd8c17bbca3b17e19007fb1d866	v1.10	BDBPAT_V110_000849
BDBAGG_V112_000972	7c731554f89c97b7994022a9338e14697119c14ca1456604079bc437918d9c00	v1.10	BDBPAT_V110_001268
BDBAGG_V112_000973	0ff7078700c618ea5382347fd5b58cc652c2f08238376666f7a220e765cb266b	v1.11	BDBALL_V111_000823
BDBAGG_V112_000974	224443b0e9d92e35e36b1cd00750368d3a9b67c91f9777dc61a2bb4ec1626ad8	v1.10	BDBPAT_V110_000274
BDBAGG_V112_000975	3b01f4358ff07a98a456514df5b2bde900535b5aa12d6fe698f5ceb8621cd0e3	v1.10	BDBPAT_V110_001924
BDBAGG_V112_000976	542dd1e5f94822fcc0410c4bbea0f2b997f0b285c11be6cc1d1e3a98fdaf5563	v1.10	BDBPAT_V110_001388
BDBAGG_V112_000977	3ca2ccce7910fc20668c1e0b53044560ba0691432e7b2ac062d5de9b3e6e6c95	v1.11	BDBALL_V111_000653
BDBAGG_V112_000978	5a321e498ba732d4b284f7f21c6a112f073f41c1f2717c568373b615376276d3	v1.11	BDBALL_V111_000041
BDBAGG_V112_000979	c01c3c8d964756e28ac151d6795c415cec59fe5fded821a46024d254b2462ce9	v1.10	BDBPAT_V110_001764
BDBAGG_V112_000980	c1aa37fc3bd3c98450974f7c5a572d0cd55caf81a781d354036fa60e558c934c	v1.10	BDBPAT_V110_000866
BDBAGG_V112_000981	da28a63fb092837508ccdaa20d30b2b77db59b302605dee4befa840e30d9a3b3	v1.9	BDBPAT_V19_003307
BDBAGG_V112_000982	68381e62f7fc982c1b5bb8d19df88c270ea535e4fe4673debfbd45c3b3cdee15	v1.10	BDBPAT_V110_001748
BDBAGG_V112_000983	2afc53c765eb76c8c5b91b6cdfd6067372923aafaeed6f3fd7322ac04e7aae2d	v1.9	BDBPAT_V19_000634
BDBAGG_V112_000984	05462cc14112f8cf8eaba3514c16d704e4f2c25490873a188f0c784510128d1f	v1.10	BDBPAT_V110_001562
BDBAGG_V112_000985	82957d54e863c286c5480cc2a996ee932f63c0ea0f7ec2c602ac7cb7ded42081	v1.9	BDBPAT_V19_002004
BDBAGG_V112_000986	b7faf7b581da6e2114ded17fd076052e1b793f5dc49ed6a350a4f4ea421731a3	v1.9	BDBPAT_V19_002809
BDBAGG_V112_000987	3525dcf2dfa051e7e34bfc6dd4d148cffde35cd05b8759e849b7c6beec1211f5	v1.9	BDBPAT_V19_000795
BDBAGG_V112_000988	82083754359e66973d2cca3679d56c45a54ef32d5e0199dafbc6546138e06c6e	v1.10	BDBPAT_V110_001630
BDBAGG_V112_000989	ac6d70283f81c5cff427f0995da59d4b766dc8e5649eea9c42cd0d3a92605270	v1.9	BDBPAT_V19_002635
BDBAGG_V112_000990	e8d4a3229f9508937dcd76da050d8dd919adb9593c853daa117dfdef64b48506	v1.11	BDBALL_V111_000674
BDBAGG_V112_000991	23c574255b165bf5070ac268192e1919100ce11161cc9140f2710a5836800ac3	v1.9	BDBPAT_V19_000513
BDBAGG_V112_000992	91c8b4ede295ff74aab14ea3eb404d45d0ca7975957a835bdb6bdc87c04223d0	v1.10	BDBPAT_V110_001418
BDBAGG_V112_000993	a48f8d9ad9c0a852111ee6a6a948036e6e5c9fb03a7874f82c20ee96a498e78c	v1.11	BDBALL_V111_000015
BDBAGG_V112_000994	fa619fe57b3715e2b148a048109a852fe6df84ccc714cec8afe9d1b1f9e4f29a	v1.9	BDBPAT_V19_003785
BDBAGG_V112_000995	90b4a55326c3ccf7ed4d319fc7a5ecaed9da53d59b1ea24ef1f6a0d360788ef8	v1.11	BDBALL_V111_000499
BDBAGG_V112_000996	26c4c0a1035259670133da7be774d125a3c621394778701b0ead8adb4fbf4163	v1.9	BDBPAT_V19_000572
BDBAGG_V112_000997	21b1bf80875610be14d5e364135988e1d2bb03af656d25f71a43bcbc504348de	v1.10	BDBPAT_V110_002279
BDBAGG_V112_000998	7ad5ae8642699b4ce378dc69d0100253522caea315068424822da5c1d8596e48	v1.9	BDBPAT_V19_001891
BDBAGG_V112_000999	64241f8bd86bf08d5dca302bceda7229099199cc9e9052ece76aea36772ffafd	v1.10	BDBPAT_V110_001958
BDBAGG_V112_001000	b1acedf83e2f166662c48f323d5bbe70951a3f3aaeac84575f5742057b1071ad	v1.10	BDBPAT_V110_000846
BDBAGG_V112_001001	a5ff628d26cf6386d8d50e192a5e4f8fe119b268ec23227f75f4c3335c9adfba	v1.9	BDBPAT_V19_002525
BDBAGG_V112_001002	0955238ff0afde421250a2ec3555929121943caa75ee5e90d092cefe3e5b1b6a	v1.10	BDBPAT_V110_000140
BDBAGG_V112_001003	1388abdc62aff978e619c238750035721b813b72015f3f203ac1a62b91e60874	v1.10	BDBPAT_V110_000016
BDBAGG_V112_001004	01c0aa6a644351226b11f0989948fa06ecd487079b46e3a1c0ec7cc2fa72adb3	v1.10	BDBPAT_V110_000025
BDBAGG_V112_001005	6858d30990e1fb90769d6afb8251f19dca3f51b3517fd4c3c7fcbb3db4be5c25	v1.10	BDBPAT_V110_000946
BDBAGG_V112_001006	fffe5432b7bf90ef797562b9917979580563ebe09acd0d0c2af49ed19ea0ac51	v1.9	BDBPAT_V19_003865
BDBAGG_V112_001007	9960b9ebc3aec0d3b488cb92908b1a18af0ab78fe1111a5d176088b272bc6bce	v1.11	BDBALL_V111_000883
BDBAGG_V112_001008	4a8dd5786c7ea8bc967d30b6cb254fd7e0ae69d8c52ed873d0a8be55d549fdab	v1.10	BDBPAT_V110_001475
BDBAGG_V112_001009	fcab4e2f82fb53da2ac8c9df542f182507c78b945882ae5a6db085b767620912	v1.10	BDBPAT_V110_002292
BDBAGG_V112_001010	2105be82aa3082fd7ea0f682fd71fd75c05f015c930268ec0848cbc061b3acc6	v1.11	BDBALL_V111_000046
BDBAGG_V112_001011	2971a2983f0b9c2c2ef2a59b7cb7c80e1cc5bc6ac835b6e22128a6286feb0266	v1.10	BDBPAT_V110_000636
BDBAGG_V112_001012	15ce04d82f28e9ba430b16444934df20f20fab7413bc2e7e5170eaeddc1dbe35	v1.10	BDBPAT_V110_001161
BDBAGG_V112_001013	092acd39be91ade765be7a4f1a007afa0de9f0a422a31df4eb2407e43068cc12	v1.11	BDBALL_V111_000306
BDBAGG_V112_001014	2c5aa9c53c759301c9f5c6ce4a893331cbf09ab7c415b6749c1bf84ad60d9e14	v1.9	BDBPAT_V19_000659
BDBAGG_V112_001015	7d6a971705c0374f86a8b87fa9579c32917ff8904536a6be8daa18a1944b61d8	v1.11	BDBALL_V111_000817
BDBAGG_V112_001016	d9270eaf8de16d70087d27b8842b317a99bd573486beac72dc08b89c6d746596	v1.11	BDBALL_V111_000695
BDBAGG_V112_001017	b350e5452519cf35a3fe7a191ee0f0f0d985e5f501b8a80d1aed621d4d0a305f	v1.11	BDBALL_V111_000731
BDBAGG_V112_001018	55790950a1f3b5a43d92fb47c8212aa04163848ffe9c8793f8a8f430c0a272a1	v1.10	BDBPAT_V110_000484
BDBAGG_V112_001019	6f60c3d45a2c15f52ad066a4728663d22b60e7c3ebad410d9cda8fe20d5752a3	v1.10	BDBPAT_V110_002169
BDBAGG_V112_001020	077449def2b78d20d807650662cab3648405469a23b057ad80c3c361a95cfe5b	v1.10	BDBPAT_V110_001963
BDBAGG_V112_001021	c1aaf9c83ae52f1358658559c1bfa66a3f2622271a295bd81a3980b6879b7d1e	v1.10	BDBPAT_V110_001906
BDBAGG_V112_001022	058d5c505d08be5e5a7ac2988dc09121eb10b7b5d4f29b1069ded2afbaa5f583	v1.10	BDBPAT_V110_001734
BDBAGG_V112_001023	5e7d82e9a7046b2618f593d025322586df8920d89a6d115b1d6a318eb2a48b53	v1.11	BDBALL_V111_000881
BDBAGG_V112_001024	596d176b1e6c8017cf321c9073630078c82012fd194852b8f4f85b94b946f1cb	v1.10	BDBPAT_V110_000599
BDBAGG_V112_001025	4edfa5f6016afd5ded2b743a161c78f950214b61a14280d306390512fc24c023	v1.11	BDBALL_V111_000904
BDBAGG_V112_001026	40f7a2d3865df745586928f2db8c6f977ed901adc2fa1807d2f450fd1e833fd3	v1.11	BDBALL_V111_000604
BDBAGG_V112_001027	30ea049ceb97d418ed11f2da889fcdc8c084800b9023d2b02344c486d70f7047	v1.9	BDBPAT_V19_000736
BDBAGG_V112_001028	894919c26010f30ba0a6bec1fed5733170d32dba8040d67e5a0d25e2750ff26f	v1.9	BDBPAT_V19_002095
BDBAGG_V112_001029	3226d0c836c6f257536724b16aa07dbacb3a2a724655a30ea2269db546413634	v1.9	BDBPAT_V19_000754
BDBAGG_V112_001030	e28341360428cf6bce2a1e1d593be30b9008f70ceb4192b7df26d6921dc36c56	v1.9	BDBPAT_V19_003438
BDBAGG_V112_001031	d71e4fe486ca974524c9e659aa6c82727d918620012dc57c71d7e223d230a856	v1.11	BDBALL_V111_001035
BDBAGG_V112_001032	9687f9c7e07bf2a7cccf1d56b3e566c9bc1cfb2d9530065d88d087c5e6af91fa	v1.10	BDBPAT_V110_002282
BDBAGG_V112_001033	000169274bfc04d2d04f93416f5e389384e5e7e40ac36618f94223dcdca0527d	v1.10	BDBPAT_V110_000012
BDBAGG_V112_001034	96778282c8b6ebce1c532d74c8fa69dc08022a49e9253b9f5a7639a7c406844a	v1.10	BDBPAT_V110_001513
BDBAGG_V112_001035	e4782ed888a9ed6e0c223da2bef1873a217df1744e237f0d0dfb84110552420b	v1.11	BDBALL_V111_001073
BDBAGG_V112_001036	4cef0811bc9ab4c22514f486fd6cc0e939521f2723f275e332bb57a3b1d590c4	v1.10	BDBPAT_V110_000480
BDBAGG_V112_001037	99894fc447b346302b5512663165ee40c5c7fc9e08b7e129fc4828465629e0a1	v1.11	BDBALL_V111_000027
BDBAGG_V112_001038	174697737a290f44184da2ba1000a319a5cdb2237e5f119bcbe50ffa1588c943	v1.9	BDBPAT_V19_000327
BDBAGG_V112_001039	db85266d99ee9164103c0269b75651cc801d57d9d9dea22381952b12bf914b3f	v1.9	BDBPAT_V19_003328
BDBAGG_V112_001040	93cd488cbad3cca0ec0af5b6e3547b01adc3268d2aab0a90a28f5e30b49d1718	v1.10	BDBPAT_V110_002399
BDBAGG_V112_001041	2f3ad1cf213c7229aa19aa043201c3691f692776b402c1872820f0822f2be5a8	v1.11	BDBALL_V111_000758
BDBAGG_V112_001042	c984d67a8b880999e2178f3328ff73d05f4140d86b8ceb772f6d6374cfaa78bf	v1.10	BDBPAT_V110_001096
BDBAGG_V112_001043	59fd33e395d9da2167d5aed6c60d0e88b09cfd1ca73b62a35e796bacc3c81ff3	v1.10	BDBPAT_V110_001804
BDBAGG_V112_001044	f2ed81acb62b6be93094a7bf712912eeeaf9f8ec2a939b160c6857e3375e89f4	v1.9	BDBPAT_V19_003698
BDBAGG_V112_001045	a11940c17a4e82e98d110dee31cdc4e82a48216f337654961dc0989ceca0ee2c	v1.10	BDBPAT_V110_000611
BDBAGG_V112_001046	d518c11374469410b6926c53128d6b37bcc903b2787d58d482f27fcb3e1f14b2	v1.9	BDBPAT_V19_003233
BDBAGG_V112_001047	c5bf481c50c52100ef72b91296d9397f3daa0916222218a33c89dbd5163ceedd	v1.9	BDBPAT_V19_002994
BDBAGG_V112_001048	7436d3f686e11fece939c42a7842d08c1b8795e61df2fd8732a3612c3992e477	v1.11	BDBALL_V111_000246
BDBAGG_V112_001049	515aa5dd1794633dbaa205e2daee41d46946f78f3c244acae8c0993fed7477bc	v1.10	BDBPAT_V110_000563
BDBAGG_V112_001050	3ba05d5140dd7fe566ed36bfb9e353271589b2afaa39027292810508a2caeafa	v1.11	BDBALL_V111_000296
BDBAGG_V112_001051	7a966cbe6edd50186c964ecb42aea64aaa2ae1756d83b3e6a1a60b5dc1997951	v1.10	BDBPAT_V110_001961
BDBAGG_V112_001052	241da2aa6e3f2817ea0488f478012ad917b91e2bde2eb9dec2670c9620b31c30	v1.10	BDBPAT_V110_002397
BDBAGG_V112_001053	418b5fefbdc5639c93158b3c87ef1db53a1beeb80141d4213359f90d927c732e	v1.10	BDBPAT_V110_001274
BDBAGG_V112_001054	1e122b7cb683857c76e9fba61bfb3189a59de78f053222fdd2314427d1fe9f57	v1.9	BDBPAT_V19_000434
BDBAGG_V112_001055	35c8b5114e4ba98fbce995069fd80f7c785e586c370bfafea560dc7cfb1a6446	v1.9	BDBPAT_V19_000808
BDBAGG_V112_001056	ad5f1586eb565be193a522a79ead598a4014b195e9a47d4ee07de7260d2f88f7	v1.11	BDBALL_V111_000460
BDBAGG_V112_001057	205aba91aecfbb33373a67e1ee72c988603a7a21300acfe950d1968199b001ca	v1.10	BDBPAT_V110_000496
BDBAGG_V112_001058	44ebb8580dbabcce8bf04e0872540c260e80bd0103ac3f6b264b9bcc8b6a326d	v1.11	BDBALL_V111_000048
BDBAGG_V112_001059	28b7f7f0432acfac2819bd182d1d29345ea83412bf6a3baedd58417047d75f3d	v1.9	BDBPAT_V19_000596
BDBAGG_V112_001060	2ed922e12c3b366ab29473bdf1fac75c4e9bbc28a74f01f91a5b2300317c1854	v1.9	BDBPAT_V19_000694
BDBAGG_V112_001061	bf5d814c1795c42e4c2ea180427983aa3c43d26a66489c01b537e18340157a57	v1.11	BDBALL_V111_000811
BDBAGG_V112_001062	ccd11ce66114734eb97661c5cd794766d8de8204bec87b185bd35eec08618017	v1.11	BDBALL_V111_000349
BDBAGG_V112_001063	1422964b9502a4107b10ec2e2efe1dbe5298d2dace9945ba3064e8fcbf737d5b	v1.9	BDBPAT_V19_000283
BDBAGG_V112_001064	a19c5ad1f1c96f097c237a5cbba84d7aebdfaa95e489dc35e4be578bf17dbee0	v1.11	BDBALL_V111_000425
BDBAGG_V112_001065	379e00b4534ffb3d4e6d1fcc5930ef409986bd016cc0a7c849be94de3bf89dda	v1.9	BDBPAT_V19_000839
BDBAGG_V112_001066	ae26de5f170aaf8718d826c39d6e6704748579fa483573e0e6328abcb17f9ad6	v1.10	BDBPAT_V110_002449
BDBAGG_V112_001067	6cb4fcbb336f94e2be505a9cbfc282f43684499621e373413adfcf736da07d8a	v1.11	BDBALL_V111_000952
BDBAGG_V112_001068	e257c9c6f00c3aca0a8cda6d9cb805c50fb4ef2e1f2568216dede1f9114d58fe	v1.11	BDBALL_V111_000890
BDBAGG_V112_001069	c7002b8f405196116c1a9d3153c877c51ca582bcdf30cd8b17dc1e7c05652938	v1.9	BDBPAT_V19_003014
BDBAGG_V112_001070	b04bfc9d687bf59ca8cc0b3f2a510b7e41057736de011638f01eccbacfc66e37	v1.10	BDBPAT_V110_000762
BDBAGG_V112_001071	854d705f6649b4dcc144f3896a84712036718f510cc0c13962100672eace65df	v1.10	BDBPAT_V110_002069
BDBAGG_V112_001072	c099d364c0c7b1f2aae5f60012d4eaec6343a6a7f280a04381db2a6c156bf2cb	v1.11	BDBALL_V111_000779
BDBAGG_V112_001073	9622df69b62c295f08127cb748964d4c5ca3663d548010b0ef383a219793524e	v1.10	BDBPAT_V110_001407
BDBAGG_V112_001074	84452f8bb668d1341b3eb44000f357bea6b666252e7688475c21062d96cb4ca5	v1.9	BDBPAT_V19_002027
BDBAGG_V112_001075	54c0a3d93abd7c393f907860429dc9abc348854e6f3fd87a3adebbc94ea6c929	v1.11	BDBALL_V111_001078
BDBAGG_V112_001076	749536dfc28ae42203fabd5ecfe7a785c8fe5c8dd34e9bf7e06040d9b3b8e28f	v1.10	BDBPAT_V110_002268
BDBAGG_V112_001077	b2f292d13ee28aa4ea70052703bb414be7268ade90a94333a1db2565a9db530e	v1.9	BDBPAT_V19_002729
BDBAGG_V112_001078	56fd30e2f9b8393a9c4c5149aab9b4a01333c6d39ef6625b16300f727706a7ce	v1.10	BDBPAT_V110_002131
BDBAGG_V112_001079	3ed1239445999a25c0f9f04ad89fb91c106e639cd384323def479b44c2264adf	v1.9	BDBPAT_V19_000940
BDBAGG_V112_001080	b09902dd8a1becf1809f0968adba953e27cbe40143ab85ea1819f67eb732b190	v1.10	BDBPAT_V110_002476
BDBAGG_V112_001081	c45dfd80555f640e9fecafb9dd8905c4de1c6dfc7bd9348d61fcfb0c5aedee61	v1.9	BDBPAT_V19_002970
BDBAGG_V112_001082	36e33468f9612713fb10604336689af9a3908c5c5fe2d01862da6b8da4233b20	v1.9	BDBPAT_V19_000826
BDBAGG_V112_001083	1339bb0a8076a187b082790abd6870e4d116ad6227a536946307eabb3f24500f	v1.11	BDBALL_V111_001046
BDBAGG_V112_001084	954d89711c4966c33d3173d60402c0daf9ec20063696b966d9342e44a3816724	v1.9	BDBPAT_V19_002284
BDBAGG_V112_001085	95133e563021dc7831528a4d4ee348760a0c85db2d33d8d4a33d4ae482ec1971	v1.10	BDBPAT_V110_002453
BDBAGG_V112_001086	fbf5fcfc5a9fbb13257517a93b0195a7ce70850db3a604f6547d6c8736c5d64d	v1.9	BDBPAT_V19_003822
BDBAGG_V112_001087	7e59a31a9a624da3ff04e7990ce1ee62a486462c9b0a77d9c388954219332365	v1.11	BDBALL_V111_000406
BDBAGG_V112_001088	17926df3b71a62b1e42924c3ce7b311fc9e45bc8d1d1b94845a3541f84f247d3	v1.11	BDBALL_V111_001047
BDBAGG_V112_001089	046a6ff9e491321d030be703a21eb4f2e0aec28becba7bb4a490296d6b53f17e	v1.9	BDBPAT_V19_000067
BDBAGG_V112_001090	af8b7bcfc12772d2410b022c08c5365d1013f4f4cc693f7c7288330095b9fd4b	v1.9	BDBPAT_V19_002684
BDBAGG_V112_001091	fed9312356ceaf46db873afa11460511148b153330900ec201572ad12a3a19d7	v1.10	BDBPAT_V110_001808
BDBAGG_V112_001092	241322567786b4fc67acfe0e39a1a290a11228c5ab0c8f867a7d7aa2a5d0feeb	v1.10	BDBPAT_V110_000189
BDBAGG_V112_001093	e25f579bcfa02e5b40d59489b897e7cf73d66f86b865cb2725cedba24464a568	v1.11	BDBALL_V111_000174
BDBAGG_V112_001094	f6a0bddc62bed02678c4866ac331720f9830429bf7063a252b8c62d68466929d	v1.9	BDBPAT_V19_003743
BDBAGG_V112_001095	9d960bdb0e30ab724260fb100b509110e913b739b7a9b36f22609bc7164a9b12	v1.11	BDBALL_V111_000199
BDBAGG_V112_001096	d679120b32ea309b820a77836b80876ff21ab57ec55c0907eb037e93fef3888f	v1.9	BDBPAT_V19_003247
BDBAGG_V112_001097	8fe2e337ffd1e9849ce228b41ac38ce10fe05a69f5c16d0ad96872ea087b6a33	v1.11	BDBALL_V111_000378
BDBAGG_V112_001098	119dac63d6c39848bc98789285f211642703e7eb631abac23cde2b9a5ee2bb90	v1.9	BDBPAT_V19_000250
BDBAGG_V112_001099	01394df758ebc102277b02967481657ef5081e12760a8c48eec1a172bf06639c	v1.9	BDBPAT_V19_000021
BDBAGG_V112_001100	bd4443bcadba484154cf5b7b4652eba400995cc9bbe99aa4552cb3dda0e4888e	v1.11	BDBALL_V111_001084
BDBAGG_V112_001101	a982029acc855993bc7cda2e19724358f2f117222944bfa6e652a3e673c81b15	v1.9	BDBPAT_V19_002584
BDBAGG_V112_001102	3d524a63f8b184094213abd2518a1536177a47c572a83d33198a48d7d17488ab	v1.10	BDBPAT_V110_001474
BDBAGG_V112_001103	5f46699963d0012d3ce6c743f8ac81476b3b41d81c57fa173c2ec5a3d2c26573	v1.9	BDBPAT_V19_001482
BDBAGG_V112_001104	21bb2ec5571d0651d99e52ec4ce610efb70124b042fa02b5c35fe53c4f5ab083	v1.10	BDBPAT_V110_000811
BDBAGG_V112_001105	348693577a982ad5d3379914878ce4d15b34840acab0a1ad73b6e1b6a083981e	v1.9	BDBPAT_V19_000792
BDBAGG_V112_001106	49e1203fb966120af4e4395758e130353290cfc40497955b7e0d1627c6cd1c27	v1.9	BDBPAT_V19_001130
BDBAGG_V112_001107	8800cb831e70751686f39250cf87880bb5cc08b5731e24ac48ab9f11c8a34512	v1.10	BDBPAT_V110_002409
BDBAGG_V112_001108	77918663d220f2df157d84f77bbe6a8753cee11806cae73b6ef6408e7b789164	v1.11	BDBALL_V111_000677
BDBAGG_V112_001109	17096ac3afccfa466bae14fa1284f29199c6c07196bd4fc3cef040ba38ae3f2e	v1.11	BDBALL_V111_000938
BDBAGG_V112_001110	6bc1d349b42b8588a3da00464dccef4f98e1d3ff7255b47de53857dd35cc468c	v1.10	BDBPAT_V110_000286
BDBAGG_V112_001111	09502a7fc86070aa959d93c268f89713385aaabb182487ae769b20ad1da60947	v1.10	BDBPAT_V110_000107
BDBAGG_V112_001112	76df49bb60843cb8156c70abe9496f769d06cab7c2f41a581f5534656d9bbad8	v1.9	BDBPAT_V19_001840
BDBAGG_V112_001113	6753e3e6df24bfd7e9474768d9f851a7129ca66c8379ab1c2bc289ff44c91682	v1.11	BDBALL_V111_000878
BDBAGG_V112_001114	a0a5a245c2ba0e3710a091d6af35e6833ea8a6262e204cd34f58d239255bca3f	v1.9	BDBPAT_V19_002447
BDBAGG_V112_001115	b00ce4d70f2ef357dc5ffe3afd2b310e7d01176ab58ca99e150a708377045fd1	v1.9	BDBPAT_V19_002688
BDBAGG_V112_001116	86278a2928896d0dcecf8ed63405afe96a9f32d9c68f0689dde4518b18522025	v1.11	BDBALL_V111_000941
BDBAGG_V112_001117	1136881896bf4e9c9aaacd6034865fbb281795ae6475ec816b3694749adfc1d1	v1.9	BDBPAT_V19_000242
BDBAGG_V112_001118	8d3d5974e4d1e8bb07664a40dfd97f5d9fc44737d9be90991b5577e0e5fd7c3c	v1.9	BDBPAT_V19_002159
BDBAGG_V112_001119	de40f0873641541f0a94d8ee81850a525c5a8606dab6f403f80dc5d9a7b13502	v1.10	BDBPAT_V110_000907
BDBAGG_V112_001120	726a49a5cdf6f81baef86f894f9f0e22e799bdb981ac7cdd3439c45aac6be720	v1.11	BDBALL_V111_000312
BDBAGG_V112_001121	87e9c4d4c7ac48a9a477e91000f619fd95cf4ee85f26b71f91cc95c37bad0890	v1.11	BDBALL_V111_000617
BDBAGG_V112_001122	aef40c2dc6a1a94ba0ffa4fe9f08ccba0631f5104c31124625c9bc7282fc5c77	v1.11	BDBALL_V111_000992
BDBAGG_V112_001123	77210686fe55b0a7617b1fc5f40d55b2348a0208eba3bb70eec06be02c58b2ec	v1.10	BDBPAT_V110_001894
BDBAGG_V112_001124	440b63171dfc169e1ec0a99a6afdd12579644c8aa72e23e4024b1a0496e2225d	v1.9	BDBPAT_V19_001027
BDBAGG_V112_001125	33de670022ed2e81898ec7d5c6be74e7fd5a500e69d1073f434375bcc48973cb	v1.9	BDBPAT_V19_000779
BDBAGG_V112_001126	3924e20b7198d12e211c8e67b3d3dcf5a5733254240bc3ae7313581f60aab498	v1.11	BDBALL_V111_000320
BDBAGG_V112_001127	c890bec771545b02357a3f2d9f6fc6aac421ab8c9169e05bfc74e43e7cb86171	v1.11	BDBALL_V111_000748
BDBAGG_V112_001128	bd6093f481d155b72fdc79dd3d2f4939c3446e2dd867bccd19e0be9a46301e66	v1.11	BDBALL_V111_000028
BDBAGG_V112_001129	82546569e940249efe52e95902e752af5becd825349a522bb2c9d46ec8c1606f	v1.10	BDBPAT_V110_001322
BDBAGG_V112_001130	d7b0d3aa0976a46121ddb20e7e5c68c7664d6d4086e69ddba8542efd3af54051	v1.9	BDBPAT_V19_003272
BDBAGG_V112_001131	1c42783a9027b91c7eb84af888d1aa486fd75c40e874921395015408af79cdac	v1.10	BDBPAT_V110_000138
BDBAGG_V112_001132	0ff71272f22347222da206e0219ee6a607cce684147e9a9ce77dea77316081ac	v1.10	BDBPAT_V110_001324
BDBAGG_V112_001133	afb2569447b93ada79171e7c485d498f273a1c5d27eb4ea82a18fd02343f2da6	v1.9	BDBPAT_V19_002685
BDBAGG_V112_001134	437873cc7d988e61cfa4308dbc40bc2a9f174c1855b83e1e487ef9f474810b85	v1.11	BDBALL_V111_000237
BDBAGG_V112_001135	55936a0bb6242fbef2df08b9d2b1b7cb9d68f9ab3f54140feb42ac59520f1887	v1.9	BDBPAT_V19_001325
BDBAGG_V112_001136	f8cb1fcc5e83590028b27dc43eeea6f3f01ab550adc45e5d56c550b9001b566b	v1.11	BDBALL_V111_000119
BDBAGG_V112_001137	63e2f83ac570896ddad1dea8bf6f75e1cf303968d3988e54c238e35bf8ea2041	v1.11	BDBALL_V111_000429
BDBAGG_V112_001138	cf03ef00360be9c964633eef36fe97a223f2bb59d5271923bc968fbdbd97c7a7	v1.9	BDBPAT_V19_003132
BDBAGG_V112_001139	5ed57c29198a4a0721ab1952c6471708e2ae5ad41d54b990cc6adfad2cc8e4d3	v1.9	BDBPAT_V19_001474
BDBAGG_V112_001140	201149e01a1c327bed2b823c2acc1a01924f6cdd632047bf0f58a1414c8879fc	v1.9	BDBPAT_V19_000465
BDBAGG_V112_001141	97a0f6355d2ae597dfb791b70d9933c7da8c025c04866f01b0b52e633ad23193	v1.10	BDBPAT_V110_001911
BDBAGG_V112_001142	90636db4d5298602040925f143360ba58868c1877b20f650d21f45bfe13caaa3	v1.9	BDBPAT_V19_002214
BDBAGG_V112_001143	27e92d8bfa606d5a009120d6f3952db40d2cce77010cce91861453fc2c041573	v1.11	BDBALL_V111_000353
BDBAGG_V112_001144	063c50663891b59821a93e109f549074f982cae39fd8339e8346559d8a3f03b1	v1.10	BDBPAT_V110_000075
BDBAGG_V112_001145	bc4b0247e53f60570baaaaa93f7f6bbd2a8182837a625e69d271bd78cecee43e	v1.11	BDBALL_V111_001079
BDBAGG_V112_001146	2c77f919bee23391f9e6daea555de67d5bd6ce31372b5875de332560b8d2450c	v1.10	BDBPAT_V110_002040
BDBAGG_V112_001147	7efaaa2331820148284491cdf519037215d94cc7dc944c1cb4d3b41de5d51be8	v1.10	BDBPAT_V110_001449
BDBAGG_V112_001148	727e4ba217bfbf561a57db6396cf4a6fcc0259bad59d9f02161db1e2f4bfdc32	v1.11	BDBALL_V111_000993
BDBAGG_V112_001149	91f1fb58a95df3d8813d8688c6e553552a1a71e40737e09dafd0c4e58678412b	v1.10	BDBPAT_V110_002218
BDBAGG_V112_001150	ee8e470f100450c611d2a8bce0846855d00aa4c98f6cc729255c418cfb41c1c4	v1.10	BDBPAT_V110_002243
BDBAGG_V112_001151	071a8400fa3736f62e27804b1607deb10b79bf7d1074b236dfd9abff15e43393	v1.9	BDBPAT_V19_000095
BDBAGG_V112_001152	073d5b8d8d6f075609f34e8809c20771925c1c3e820e04b789886e48a3f2dd80	v1.10	BDBPAT_V110_000539
BDBAGG_V112_001153	41a926c3dfe2dbfaa1a0f74a6bac53104a53f5bd1c610a65140ea90a872f3356	v1.11	BDBALL_V111_000470
BDBAGG_V112_001154	620a171aa6a3828ce051c79b6e536fb27f3b518f2dc81778e428830a9ad4d28f	v1.9	BDBPAT_V19_001529
BDBAGG_V112_001155	0cc799cf1cace82b8c9dc983daff15b4cf7acd72b27e8bc5dc9b7f564b2d0708	v1.11	BDBALL_V111_000360
BDBAGG_V112_001156	f2d0babd9031d560290c06341e3d0c00767811b85a0cd58728f0ac4a86909304	v1.11	BDBALL_V111_000800
BDBAGG_V112_001157	c7da3516f40899dd80b7f6567c963211b25ce6b58cb18635c1a977ee7f1beade	v1.11	BDBALL_V111_000243
BDBAGG_V112_001158	29e6b9668c50ccaaa801923465e24b59f0532eaf8df01f47d7a38c764a33f0ad	v1.10	BDBPAT_V110_000780
BDBAGG_V112_001159	d5500a92cd8e5af4bb4b324f89dd081d040450361d507472441ba91f0a4d07fb	v1.9	BDBPAT_V19_003236
BDBAGG_V112_001160	65bb4f1a67189ec8464aff919c542ff162b3021a8d7fe31e4a6c875b3922520f	v1.10	BDBPAT_V110_002385
BDBAGG_V112_001161	e105c19a648d2da5a7ab74795f2c4d6565844bd50cfa2772ca3b069af45189df	v1.11	BDBALL_V111_000867
BDBAGG_V112_001162	41a3d3c7934b5bcd9eac1defeb7dfe010372b62209271718abc3517174049f36	v1.9	BDBPAT_V19_000979
BDBAGG_V112_001163	c82bb4219d85b988b16886bca5c2b90423bd6cf97a86ae6210bd28d0266da996	v1.9	BDBPAT_V19_003038
BDBAGG_V112_001164	3c8a5912d060a76bcec61a713181b436fc26cf8debdad570606248b6b4954332	v1.9	BDBPAT_V19_000905
BDBAGG_V112_001165	ede5b6cfbcf315c4cb3a4a0c27244cde25c96146a8f4eb4e32c981aaeb509a87	v1.11	BDBALL_V111_000889
BDBAGG_V112_001166	2c4df24bda74aad9888fe9f815f567c4d161afa6ae8816b8697e520e9b18454d	v1.10	BDBPAT_V110_000922
BDBAGG_V112_001167	d0c263d8e26f7c70c4605bca8ed9b0146ca63e4a766e918030dfb86475da2f53	v1.11	BDBALL_V111_000665
BDBAGG_V112_001168	d7a4c0f91e5b453f541623a743bfe63bf8d2fb71111ad769073c5213caf1be55	v1.11	BDBALL_V111_000511
BDBAGG_V112_001169	b70b63f8682c80d2a0381faf90bfaacfb71e50a1aac9cf8740951fb0008cae88	v1.10	BDBPAT_V110_001461
BDBAGG_V112_001170	1ff6b694af5e3d7836382d1fc5535bd7f94acb30be2cb14257b9a1699e20d494	v1.9	BDBPAT_V19_000462
BDBAGG_V112_001171	fa93803bf67dd6f304a2316f951a7a78ebde5c2521c866675164c65356a170c1	v1.9	BDBPAT_V19_003790
BDBAGG_V112_001172	b6330a642f7d295adf400f34114d1cd9bc1b2d4a3e00027514a93a4050e80c72	v1.9	BDBPAT_V19_002779
BDBAGG_V112_001173	89ca3dbdc836ccd84e137d1bb1c7e2cbe3a180262633c260e0c6f29f6a623b53	v1.11	BDBALL_V111_001051
BDBAGG_V112_001174	eb9b90a19d9f66c40bb63fb82a06c1bf76fdbf7a2fd606d76b2eecf4726aaa17	v1.11	BDBALL_V111_000911
BDBAGG_V112_001175	2b1533d073d0946d480cf99e8c4c201778ff0b1484ef92a8f7c9f3ba74f75cc7	v1.11	BDBALL_V111_000376
BDBAGG_V112_001176	043029489e232e283cf1847ad75978f30668edbf665febf21eed11bbf44949cf	v1.9	BDBPAT_V19_000064
BDBAGG_V112_001177	4fb4c15ffb5bb2e2eac578f422cc79089536f5f542dd3d33c487249f448edac8	v1.9	BDBPAT_V19_001244
BDBAGG_V112_001178	674aa6525d5cdca267494cf3b3cb535fb6d1975cfa2e8b5edbe7af40acd0791c	v1.9	BDBPAT_V19_001607
BDBAGG_V112_001179	e4c36c62d0b4a2548e2f45b678edc4d8fc897abdde11076cb3e56ca478b5959c	v1.11	BDBALL_V111_000631
BDBAGG_V112_001180	53587069c8244a6d85ba3a1efbd0da7f650510cd6ca5c2e727f76cb4b94dbbf3	v1.10	BDBPAT_V110_000607
BDBAGG_V112_001181	16718e18bc285d216f6b6a35737b893d60ad659d6817c61cccef13f9d40d2324	v1.10	BDBPAT_V110_000293
BDBAGG_V112_001182	873293402070e7df1a65326892d8d8440577eff07a260696e8e371a690ba6407	v1.11	BDBALL_V111_000963
BDBAGG_V112_001183	251f6aa6485c00b730d518f20ae6823b73fefd5598f399b36e2a6d94e2db91db	v1.11	BDBALL_V111_000468
BDBAGG_V112_001184	5673b0297082874acf00ac1002e564d39c0c79aba51c720320deee1b86c6ef9d	v1.11	BDBALL_V111_000368
BDBAGG_V112_001185	9219d093308b25e910caa8517fbb8d1152aeaaa82484685cf8e43d5e60b9d6bc	v1.11	BDBALL_V111_000552
BDBAGG_V112_001186	7961f04e6a6225cccafecb1e869f2e919fdae873f54e5e417e5d06e5fa0608b0	v1.9	BDBPAT_V19_001869
BDBAGG_V112_001187	09bd3898ba3a76dd120ed3a90f5d82d11526458f78c57cfe402ea31ef941bcd6	v1.10	BDBPAT_V110_000556
BDBAGG_V112_001188	a7f4def94d7eac7f5db1c63aeb37f0bceb6a25c756e436f77094cb997f821923	v1.10	BDBPAT_V110_000627
BDBAGG_V112_001189	a444c1d916fea4f711ade9c43896e639798530843574ad81ea4f41cc9985a873	v1.9	BDBPAT_V19_002496
BDBAGG_V112_001190	b877edcd7696d0e08a9ef57c36f2bf21a9f650c58edfdaf5ebce4335bc4771c6	v1.9	BDBPAT_V19_002815
BDBAGG_V112_001191	08950cd247669641c88ba6e45f67115b41e9e578fd62b26fb941eb40765f9e0c	v1.10	BDBPAT_V110_000620
BDBAGG_V112_001192	ef6d2b48819c502df10d6b4a98f657a77145ced9141e47ffcac9899b567c0d89	v1.10	BDBPAT_V110_002439
BDBAGG_V112_001193	1ae5e4af9b5ad2832500c8b2915df73d0a9ac4a4d5fb37c80c613c73c8cdb040	v1.11	BDBALL_V111_000506
BDBAGG_V112_001194	9b0a8f7681dca32ae3ac1dcee7e50644a75170e24ae5e775bb3fd3c757198718	v1.10	BDBPAT_V110_002289
BDBAGG_V112_001195	75fb7f9eb9602db0b96670042e5bb94420f69c668b4b46c0f89691fa899830a3	v1.9	BDBPAT_V19_001818
BDBAGG_V112_001196	5cc247ab20c7810697fe37fb9777cc120d93bccbf0c70017e68a4d269dfea814	v1.11	BDBALL_V111_000356
BDBAGG_V112_001197	d247abf426a5353d1fd454ac6e4273f5985a129a8a21702a1b093ee90bd625b6	v1.10	BDBPAT_V110_002034
BDBAGG_V112_001198	a271f0dccf6fab8fec89f73f0b330240254e647d6fd38b20d837378b57af241e	v1.11	BDBALL_V111_000536
BDBAGG_V112_001199	b92e3d8e07310a4bbf06131ddee404290c7c5d9f7545b5490cc1536cb49e0722	v1.11	BDBALL_V111_000313
BDBAGG_V112_001200	60ebd101c8ff4df514dd1dafe9fa28c6ac2db0c7563a6dee2536057e3b7b1628	v1.10	BDBPAT_V110_000379
BDBAGG_V112_001201	5e04916cfddc78302243aa6600e9d197a85a2c7c9e29f10de31e7fe3004bf434	v1.11	BDBALL_V111_000129
BDBAGG_V112_001202	8c9cef2d04f2c98bd6e16532779c7e838c917f2fe3fd2c1fe5bd0e6c6dd5e097	v1.9	BDBPAT_V19_002149
BDBAGG_V112_001203	b450a16893d8b2f41cfd4550e6dafc4ba9b5808702a01d09ce7581250d77ade5	v1.10	BDBPAT_V110_001618
BDBAGG_V112_001204	5924f9c0452beaf99d6b91333a54af04976b536170c75b513b04ace2b0cd0bd7	v1.11	BDBALL_V111_001068
BDBAGG_V112_001205	f568b7dbcf90b3357f18f1f41362d6212dec3b4fa61562a9adee12595d3305b2	v1.10	BDBPAT_V110_002155
BDBAGG_V112_001206	0d3fdae20ce47085b37e6b6bde1158851cf53a537d09c16790a3373bf9f1b752	v1.11	BDBALL_V111_000361
BDBAGG_V112_001207	051e1dfe2e4c4055a73901ebed0ed11663532052196720884ffeaf15609c528b	v1.11	BDBALL_V111_000208
BDBAGG_V112_001208	46f5ea84622d7c831c5c55efdf23efc797a3d034c1394f71506f84be75333d89	v1.11	BDBALL_V111_000016
BDBAGG_V112_001209	9a18468b707374fc73b1573a3176824fb0fd66b25a8a53fd61b5b8b5cc69a877	v1.10	BDBPAT_V110_001207
BDBAGG_V112_001210	e9a726c081b348051c16bf02ee3a4420ab72b3d1d915692441420db0e800ffd6	v1.11	BDBALL_V111_000588
BDBAGG_V112_001211	c633db44c81cdcd06211b6622195ba0e06e26dead572ba3b80fab2de67495143	v1.9	BDBPAT_V19_003007
BDBAGG_V112_001212	1d4533447c43b6367ac2d8ffbe34eb657468757f016a93e98c677d71cde68240	v1.11	BDBALL_V111_000399
BDBAGG_V112_001213	7a7e35349d7a5d0a0481736dd25a380cc735e69f4e045d51701613c14ce85e11	v1.11	BDBALL_V111_000671
BDBAGG_V112_001214	a6bc4b5d022d7e308d7ce29bc3214d115b2219abbb0340777d37b6df6567f5d0	v1.10	BDBPAT_V110_000775
BDBAGG_V112_001215	26769505cd43fc1be8ae77647a5552b4a3b1571313af74a6da25dbde09afbe7e	v1.10	BDBPAT_V110_000591
BDBAGG_V112_001216	cc64d9547ec4f7bfa69c8ef197f726e26bde8e12d65b8abe9fbbbb4647024953	v1.9	BDBPAT_V19_003105
BDBAGG_V112_001217	53ddd35269fabb1f35a2df4a02875bab3106c03ddc09d4dbb7d83e955dd8e5c0	v1.10	BDBPAT_V110_000327
BDBAGG_V112_001218	138cb566bc973d9f016c456071a356897824f5c759fa35c4e6c62e32e778b4f9	v1.10	BDBPAT_V110_001606
BDBAGG_V112_001219	42dbb44b2a7e984b1e4b73b5f6aa7cf7e5e4cad506cf04f5510de230c87ddeaa	v1.10	BDBPAT_V110_000876
BDBAGG_V112_001220	051f484f5408aa9c079c1be654c1a5bf3d0a0e9a26de36af356389fe77692928	v1.10	BDBPAT_V110_001517
BDBAGG_V112_001221	8da43580fd9fbb8251edbde437a919c28de33a6add0a00ed6f0b310325d4eaac	v1.10	BDBPAT_V110_001369
BDBAGG_V112_001222	2fb8719b855f96a65b1ec9e5b97271ab96c8e445405fc8acc54c1be2b84c0d6f	v1.9	BDBPAT_V19_000711
BDBAGG_V112_001223	0bd78f6acdcf3e0f56b3ceb4ea397db973d951ae540d7f3e36b3577ce3607eec	v1.10	BDBPAT_V110_002477
BDBAGG_V112_001224	98ef657db38930d9e496a32d6de8886afb8efb87c9db3e484953ed87a6d878de	v1.10	BDBPAT_V110_001152
BDBAGG_V112_001225	2b42ce042638a7560c95fbc71483ad54421d00646ecfd33d6a40bfc6e97ea326	v1.11	BDBALL_V111_000220
BDBAGG_V112_001226	bc51bd14670e033258a098ae08d62d94e631727f43d6ae4f8adc63757578f8be	v1.9	BDBPAT_V19_002860
BDBAGG_V112_001227	0ec9211a7180661ddf988373e783f8ef2193dbac0103b9fc3b3b58caa5fbe2a9	v1.11	BDBALL_V111_000370
BDBAGG_V112_001228	2a564a20c9d43c5756251e2b36f7cbc850eb5ec1bf0f233bc0a38aefd0cba7cf	v1.10	BDBPAT_V110_001932
BDBAGG_V112_001229	487499113a053eaa33e57fe05bc23a2cbe2bae8af0863f0be0d0aa4efdab89ba	v1.9	BDBPAT_V19_001100
BDBAGG_V112_001230	f8cb9bc0677722d01f3d41978c36b9baa942e9055a92a9ff57ddfb84b55bfb8e	v1.9	BDBPAT_V19_003769
BDBAGG_V112_001231	672dddfc0442c1bef51fe6c4e5b13169b75713f3d07db919eb46297bdfab602e	v1.10	BDBPAT_V110_000764
BDBAGG_V112_001232	84f17b49023642bdb7aeb29051d130c1746781345fe85994939dedf189689261	v1.11	BDBALL_V111_000546
BDBAGG_V112_001233	a5ddf6a249bb7973c5bcb068e8d2baf1f6111b9a06457e9363068d3b90b799b0	v1.10	BDBPAT_V110_001364
BDBAGG_V112_001234	0a2c548f43b23aafa952b323b617223f07d87f3285bc1c5af857276585741320	v1.11	BDBALL_V111_000136
BDBAGG_V112_001235	78f9e5e5e22ed0b367facf2cd642c4b5e477efc699a07ffca9e3cf375121db18	v1.10	BDBPAT_V110_000570
BDBAGG_V112_001236	8c545998ae71236563cccbaa96db6f14b7b521dc1b339f1ab8446ff2ab85f8e6	v1.9	BDBPAT_V19_002144
BDBAGG_V112_001237	7d4ee6fb26c7cb50ebe927ac63b90b2d4c8fac1d56540fcd33b8fd9ddaa5dbd6	v1.9	BDBPAT_V19_001935
BDBAGG_V112_001238	6f66fd655866e10926873a9360a72d153f7d575b6ac4872069a0aea229d4988c	v1.9	BDBPAT_V19_001719
BDBAGG_V112_001239	9725389a21df766b1cf406564d7839787b7437c88ea102150b7c59e2b2d6f685	v1.9	BDBPAT_V19_002314
BDBAGG_V112_001240	a1fa547dc477220d0f826763d97d3b38fe651eb53413baaf0fb66bedc22548ee	v1.9	BDBPAT_V19_002462
BDBAGG_V112_001241	7696c24377051fb8505212e59636e594cf3ba68c4431380ee7e97ebeaec68061	v1.9	BDBPAT_V19_001832
BDBAGG_V112_001242	0bd6383fd677f3eeb175b52eee99534cc6ad72002fb2b4cd671c969d8e43e820	v1.9	BDBPAT_V19_000157
BDBAGG_V112_001243	55322ae06ef0a5a608d070ea0ab1781a56e510e7772bf414b6c73e348513fadb	v1.10	BDBPAT_V110_000735
BDBAGG_V112_001244	fb50e58e2ff1c55373e48a1f3ce53ba09e54a17752ff24684e1fb28dc806f1f1	v1.9	BDBPAT_V19_003810
BDBAGG_V112_001245	d761a90e23d4645aef885e9abda90a256db698fbff6af1cb07898e5278a96f6b	v1.9	BDBPAT_V19_003268
BDBAGG_V112_001246	cc5c33ca61c2c726a7bf19f995ba33f30e79b2397779cb1ff3bb60ca9930663c	v1.10	BDBPAT_V110_000976
BDBAGG_V112_001247	a18e89a46367680fc62bcb5b16acc11efe6e9f8ab964c4fafeca237cee84345a	v1.10	BDBPAT_V110_001604
BDBAGG_V112_001248	c64989517018a3ec401bf64d0db5c3f861963f11fbb1f62cb17d2caf9152b431	v1.11	BDBALL_V111_000595
BDBAGG_V112_001249	01f6a931fcf7b75bf459b86d3ad5817a8685beebf75abb565847c642fad0ad02	v1.9	BDBPAT_V19_000030
BDBAGG_V112_001250	79692332fc8c10e4df2b45164534cb9b72130463e53512237b3f276548b6f734	v1.9	BDBPAT_V19_001870
BDBAGG_V112_001251	1ca002294aba521e8ebbadf7ce3127823ec5c46fd6fc13a2cd74ed8cfc006864	v1.11	BDBALL_V111_000461
BDBAGG_V112_001252	93b1cd120c71467c7147b16454b7ff0c392ddb7bb4d95515bd718126df28c9f8	v1.11	BDBALL_V111_001087
BDBAGG_V112_001253	2b9637ab868f1161f46fbfba8a20b597e30dbcd0a8a79a3e1a917e31049bb952	v1.11	BDBALL_V111_000573
BDBAGG_V112_001254	328ef65a09235442ac8c6d8ce35d674b5a910e0fc3f7546e60e4922bda73424e	v1.10	BDBPAT_V110_000589
BDBAGG_V112_001255	40279fc4035b1ac8725fa08ec21af64b8712230c41c9f455fa8a3976010d10cb	v1.11	BDBALL_V111_000694
BDBAGG_V112_001256	e1757b106d51ecd510c9234244f4d7f6c4264186625170d5ae4ec1c72dfb4a9e	v1.9	BDBPAT_V19_003418
BDBAGG_V112_001257	d3cc28ecadd7e454c83397d3096b0049c0d76128411b00189732abd62eb3c8fb	v1.9	BDBPAT_V19_003214
BDBAGG_V112_001258	19f55f9a95382c169028e7c3bdc1cebc262438867df5a216638d1d9fb8e78189	v1.10	BDBPAT_V110_000736
BDBAGG_V112_001259	49bdf2fcc35949896749167a6547d195972ee402a75039c0119d859005272991	v1.11	BDBALL_V111_000171
BDBAGG_V112_001260	6a418b155c8a241a934c70ca6b6511d824cb36646768801d77f9fba6fefdec78	v1.9	BDBPAT_V19_001645
BDBAGG_V112_001261	f627ac33d5b4182a041b4767aa3fc97c21fb7511dccdb9a5254dd0a94a04c025	v1.11	BDBALL_V111_001001
BDBAGG_V112_001262	9aa293962d8c8b8ca8cecb973088eb9ee75f87dfa15af6abbb398b8a4831e57e	v1.11	BDBALL_V111_000627
BDBAGG_V112_001263	651f920909f2dfda9c5359334e6a1dc6f947e7e61932eb2d086f0bfca57fc670	v1.9	BDBPAT_V19_001571
BDBAGG_V112_001264	31684de0300fef8c3e9fb4c9e39baa5e2e1cdebada8c09fafd7cc8d97e42c915	v1.9	BDBPAT_V19_000746
BDBAGG_V112_001265	1ab5c1a8faa6c03c68b6fc1c5f4e713a2b647bd213634d06d3cd2ff264efd2c9	v1.11	BDBALL_V111_001038
BDBAGG_V112_001266	8d47e240398342b33ec11ff332fe14475fe88fea33b6fa6b8a42f330a303c5d7	v1.11	BDBALL_V111_000052
BDBAGG_V112_001267	52a6db963894eb5a40bf9f31188f8868db54698a84c098d788b1277484e901fb	v1.9	BDBPAT_V19_001286
BDBAGG_V112_001268	b638d73a8317f01d4686c8ee1584bc15e61d6ea05c9bb1fd64045167d9321418	v1.11	BDBALL_V111_000198
BDBAGG_V112_001269	b814aa527d8ffb975113225ecb853113c56a712bf2eddb9da49813ae213fd03d	v1.11	BDBALL_V111_000043
BDBAGG_V112_001270	b14640510fb911e315e0b39697b6ae170fd79f322baaa14eb6efb423f35279c1	v1.10	BDBPAT_V110_000614
BDBAGG_V112_001271	1d233dca35bc2e60d2cffbc7994a5c52b1f48426566a864a12998d7e18664461	v1.11	BDBALL_V111_000345
BDBAGG_V112_001272	9a0720bd12e3dae5b25fb661f55ccdfdef7d992261d8c4b8623a01414c7a608a	v1.10	BDBPAT_V110_001601
BDBAGG_V112_001273	d455a3dfe486e2b5ffe00be3df2ad8be77582cf7157d2e5a1e4d6efbf2893764	v1.11	BDBALL_V111_000572
BDBAGG_V112_001274	dce98eb5c177127a9ef8fac434fd3f206f0f1dbbeb1fe50b2c44bbd4a55236bc	v1.11	BDBALL_V111_000857
BDBAGG_V112_001275	36322b4766b3f471c081fa9d9dbebff0bf5a0d58d396c3985b0f1293c8221526	v1.9	BDBPAT_V19_000814
BDBAGG_V112_001276	888fff73ae3d774503b0ee993b2d4a971a2c85579a54346dae2b55c28fb26e82	v1.11	BDBALL_V111_000489
BDBAGG_V112_001277	d6b00b05c9a48a295e29843686d249645c3eebb0ace3eea9a681ea1df20678df	v1.11	BDBALL_V111_000799
BDBAGG_V112_001278	f18d1c696ca25b34ae5cc0d5c844590bdb683b450f5957afa0840e08bc40b349	v1.10	BDBPAT_V110_002274
BDBAGG_V112_001279	9d901c636474818f75d702322c0a47ac6463c5b3ec75e4334ebf9a857eb435d2	v1.11	BDBALL_V111_000414
BDBAGG_V112_001280	61946894576545823711ae7eab7c38ef31dcff5891e7b20e93de765e65d34fca	v1.11	BDBALL_V111_000698
BDBAGG_V112_001281	f87b621c8bbca9cd9ed5dd8b8dc4b58ee6f5296a3c1e9e3034bf8d738e300c87	v1.10	BDBPAT_V110_001036
BDBAGG_V112_001282	211cef387ad4bfcd4413b0624e3de152ff2b2716978df0c186d67440d5839e56	v1.10	BDBPAT_V110_001370
BDBAGG_V112_001283	524324b0fa9a2218b54bb6ae13d1c1040ab0ed4c7b681843f3b28d06fd2ef321	v1.10	BDBPAT_V110_000122
BDBAGG_V112_001284	6ebfe217161b5eb79a565be7877019a6adef9ac3d15061435eb1cd161e79edec	v1.10	BDBPAT_V110_001738
BDBAGG_V112_001285	165337ff2b9488096e939a9db5134e390306e396688cc151f7ce8c49fa0c7708	v1.11	BDBALL_V111_000003
BDBAGG_V112_001286	95bed24d5c242db7424c3c5388e6f54beee93edb5ad0d363d16d41fb6a8018bd	v1.11	BDBALL_V111_000606
BDBAGG_V112_001287	19c4433f577c6f0834dcd7a749ecda9f180bf5a70b46d902e26115fc15771416	v1.11	BDBALL_V111_001065
BDBAGG_V112_001288	4ab41fabdf8854dd122e03ae559e43ed2b2c2726ddb0e68a9db7b6877a90043b	v1.10	BDBPAT_V110_000272
BDBAGG_V112_001289	2bf8950e2ffc2388ab256ff1b96184734de57d9291966c0e1bd9471688eaf4b1	v1.9	BDBPAT_V19_000650
BDBAGG_V112_001290	a29f85331faf48687e8a7b255ef17b7128137e3357852a358562e448527e5f69	v1.11	BDBALL_V111_000954
BDBAGG_V112_001291	716ee661cb79d9dd4f73c7f6202fbbe0d2b9160443632f38bef44952cb71513a	v1.10	BDBPAT_V110_001888
BDBAGG_V112_001292	60c0e49e22c2d03591d05b0e60e855e717f1da68da6d30b4c01a2c695bab365b	v1.10	BDBPAT_V110_001576
BDBAGG_V112_001293	2a6c65a93baae6b17bc587b03fa1c7970d6867bde4ec387ac3e3bb51e8e4eb69	v1.10	BDBPAT_V110_000321
BDBAGG_V112_001294	4b24f709edad23a1ab2f20d609728fbc2554797cc0960d77bc456bc18325b9af	v1.11	BDBALL_V111_000797
BDBAGG_V112_001295	486ad2c888cb755673f8e980fa3b39f9591f4ee11a5414ac128bf6080bd17721	v1.11	BDBALL_V111_000342
BDBAGG_V112_001296	e457dda0ee7cb545478f451f8667b14964b2da1d4dcbbd1603d64bcfe368cac4	v1.11	BDBALL_V111_000210
BDBAGG_V112_001297	e6e18f8dc9a39d6a79b6121c4225cfd6b81d987ea59da626e2eebc992f51b320	v1.9	BDBPAT_V19_003508
BDBAGG_V112_001298	ab9909713cd66a34e5b86d6f5592b16c15f89fe845cfc45d6f518af062dc31c9	v1.10	BDBPAT_V110_001647
BDBAGG_V112_001299	58dd9b20e67eefcff8a91174513ea84b0abcf42e4cfffb005adabadbdf0448c2	v1.11	BDBALL_V111_000405
BDBAGG_V112_001300	307c88e3b8a6231061ef467c5c2b048b3f79786923f3a6beff445368f10ad302	v1.11	BDBALL_V111_000156
BDBAGG_V112_001301	7091e2b285acbec34b7a1100b2c5d0f00bc5cae93317878bca04446839c76f75	v1.9	BDBPAT_V19_001737
BDBAGG_V112_001302	0efdff62114c927c9ac494b0db8ac46c110822b95e375ea189c0b89f3ba96ccb	v1.10	BDBPAT_V110_000434
BDBAGG_V112_001303	d039d8227bc7e7a825c8e1b06157550893aeb75b1be4c714455ac446faedc8ff	v1.9	BDBPAT_V19_003159
BDBAGG_V112_001304	ea2306298c71e3b919f9e0160bc6b277aad93b7f56421acff318f2458131868a	v1.10	BDBPAT_V110_002123
BDBAGG_V112_001305	036efa23915f87a059f13be7905335fba719cd3c8a87dc9a904bd89e0dc60f59	v1.10	BDBPAT_V110_001218
BDBAGG_V112_001306	be90d1ced0700f32c4eff524a59d3cd280e27ad4cffbb8c9b3bdd70e1d4debe7	v1.10	BDBPAT_V110_001775
BDBAGG_V112_001307	2940ba9f09ee7937d31459f9ba49f43617776891f81611a7453e7ee98a12ef2b	v1.10	BDBPAT_V110_001168
BDBAGG_V112_001308	067b40dfe8583eff0f08eb8f882904be29e18f23f0268b8df8d22fca444c2ce0	v1.9	BDBPAT_V19_000089
BDBAGG_V112_001309	bdbec944ae32b58b0aa65097fa078e00c961fe7804d39e2578a249a98307b949	v1.9	BDBPAT_V19_002879
BDBAGG_V112_001310	4c97253f2d853275df2e05cb555bea5a1ac62362e7b66419284ac10a54d9d02c	v1.9	BDBPAT_V19_001187
BDBAGG_V112_001311	e727a1217756b3166abd600bc5e9901ad24c379f1d80bc233abf634041eeb154	v1.9	BDBPAT_V19_003514
BDBAGG_V112_001312	76dceb46875ce59ddd257d6167d67b517f23c2946b513241ced0f4f4d29fcf91	v1.11	BDBALL_V111_000868
BDBAGG_V112_001313	580c8a9f33102cb13832aeabc71b4a95a4dbce406f6aeb8d94fbc9bcccdfc6a4	v1.9	BDBPAT_V19_001365
BDBAGG_V112_001314	c941b64e10246283ede303d9d4b908c8307caba8a777cabb63bb861c537ddde8	v1.11	BDBALL_V111_000977
BDBAGG_V112_001315	a4bdca492885d083bbbc9eff11cee4127bdf14e2dcb955af6ebbe73375da45bf	v1.10	BDBPAT_V110_000937
BDBAGG_V112_001316	a346c6209e6dd28bd5c26eb85a4b3ed4639277a5f8085b0b779b8816753e009a	v1.10	BDBPAT_V110_002452
BDBAGG_V112_001317	04da95a7d00b6fb5213655e50a4d7c57a5144b240136ba2bb7d10b839b11e966	v1.11	BDBALL_V111_000177
BDBAGG_V112_001318	0f29f07916d58e5beab2ff2336c130114d89e43f4c96c15646fee1bf13fa2093	v1.10	BDBPAT_V110_000912
BDBAGG_V112_001319	fb33745d948c463a5f043670b734d9f74d6f98b0782cda5b37c4b6a47508a537	v1.9	BDBPAT_V19_003807
BDBAGG_V112_001320	da163393394e6d4b45c3c3e58532816bcd8d7594e1db9d4124f501e6125204d8	v1.11	BDBALL_V111_000815
BDBAGG_V112_001321	1fdb0d511b859cb09e963cd186caeaa84271d66fee414e8d345989e21ba086f8	v1.9	BDBPAT_V19_000460
BDBAGG_V112_001322	b6c150927190c54f753a3cfb2e3520abade439b9609829af4e79b6fbaa43f862	v1.11	BDBALL_V111_000295
BDBAGG_V112_001323	6ec94adcf79b02159b688bbd22a897ad7e516c3c381d48cd67f07112566e19ec	v1.10	BDBPAT_V110_001829
BDBAGG_V112_001324	640cbf061d675c7117a5ca9a8f19db74320110e7e78030e529569f0c6749c83c	v1.10	BDBPAT_V110_001292
BDBAGG_V112_001325	7b11fb929dff3608b39da1b605b7930ee8bbd9e85a7fab61b1cc24d84418d976	v1.11	BDBALL_V111_000105
BDBAGG_V112_001326	db9f6e72040b9ad5e13cd81187c6004d8108318aeb6333f4b15b04395a96888e	v1.11	BDBALL_V111_000838
BDBAGG_V112_001327	268ff5231a716d0972bb86e3abc177cfa508789b3b2c6f0494c727a20df7a285	v1.11	BDBALL_V111_000094
BDBAGG_V112_001328	1d91edad064ac64dcfe73f12d1f7af7c796744edbd45269e7948a4ed9034667b	v1.10	BDBPAT_V110_002000
BDBAGG_V112_001329	484b2d194ac0cef4fe60e13728f43f90b23441978e0142c8a299aee3515ba5c5	v1.10	BDBPAT_V110_001371
BDBAGG_V112_001330	5b46fbe7b613ee24c33920b4e40a06a02662d0ab8b84a7eabd0bd430ddbc9ec2	v1.11	BDBALL_V111_000516
BDBAGG_V112_001331	8af454caf794e97d098f3732b2ae299275768a735415af9e77e2e8ab84ccafac	v1.9	BDBPAT_V19_002124
BDBAGG_V112_001332	bf8f9c0c5ef89190baf7ae1c2415073cc9e6dcc176a5ea48db5e2158a266cd35	v1.11	BDBALL_V111_000623
BDBAGG_V112_001333	7511d50f2238a30fc85919902e5934488b7e9229fa81e4c3586e7942bac9d946	v1.10	BDBPAT_V110_001352
BDBAGG_V112_001334	540ee8ad9a1fb19107a748dc2b1bea50278ca8f402d57f8550d875eca2d0f101	v1.10	BDBPAT_V110_001795
BDBAGG_V112_001335	693bfd39416ab4cbf998d396779f81ae2a397c1c6a2257b8b86b2a5ec43fd6c0	v1.10	BDBPAT_V110_001981
BDBAGG_V112_001336	2850b41bdb416bf5d1d6b04f1e93a637b65c5106de7416aa172267969b4beb31	v1.10	BDBPAT_V110_001602
BDBAGG_V112_001337	10b506c43a0746a1a358ecf749f0de8c6f42df516f36cef1f6ece654f6a0dc84	v1.9	BDBPAT_V19_000228
BDBAGG_V112_001338	8b6c7800e9d5b0fc67a3a537f6d3292c52078dd14ca44a5025fb73a8f97dfaf2	v1.9	BDBPAT_V19_002130
BDBAGG_V112_001339	3f73a5e37370d7ddba2d9813fd85abaf779286798d27cdcf3c5db3406bc3b52c	v1.10	BDBPAT_V110_001397
BDBAGG_V112_001340	2c7216f5073d1587d23fe558c6ce6ddb143cc60e7da0984ffc5fcbb92a662562	v1.11	BDBALL_V111_000684
BDBAGG_V112_001341	59821104c4bcd19ce45a886201e7eeac300dbee479a353ab9b41b1029b96aa8b	v1.10	BDBPAT_V110_002235
BDBAGG_V112_001342	2ec62ad35e4a878233a320e85445631de940c3c8130c1e269022dbda895a6931	v1.11	BDBALL_V111_000455
BDBAGG_V112_001343	fc46849b16456126cdfe2568080e838f8b717270fb50414fc52fb554511af286	v1.10	BDBPAT_V110_001769
BDBAGG_V112_001344	04d738204834bb138a1e68fd3ccaca1eadb9264366fdc4042c369ad048d9d58d	v1.10	BDBPAT_V110_000050
BDBAGG_V112_001345	16f835dcc1866d800ac5c2e15ec55807d0ad062785cc170deb82e7c97268b04f	v1.11	BDBALL_V111_001011
BDBAGG_V112_001346	604718054f96a7898ee49c6398193458ed8b7c35721241425dfdc121c5187c65	v1.11	BDBALL_V111_000282
BDBAGG_V112_001347	7d7741d6eb0f71b2d40aa59a41f51274a61e7e5b82047ea417902d018331d92f	v1.9	BDBPAT_V19_001937
BDBAGG_V112_001348	9d9b09d027b85e929dc1c682c6e1ff7889d319b2ca9fda9fef865d8d47bd6764	v1.10	BDBPAT_V110_002372
BDBAGG_V112_001349	ca543141db6975bf313766cf683a5b415d9568a874dd6c7e7cc4a2e6bb3f9b62	v1.11	BDBALL_V111_000502
BDBAGG_V112_001350	449ea5d2b568ded6dfba1b85b45480736f69ae4001ba67d051483d4494654c68	v1.10	BDBPAT_V110_001493
BDBAGG_V112_001351	b7170e1b76a4877dea6d7587a82809518a01a541536f383841da5ea480d076fb	v1.10	BDBPAT_V110_001869
BDBAGG_V112_001352	8258d831c63d7c1a862be806cb9272ad90eb7cda36319c69f41953cda61cf6a1	v1.11	BDBALL_V111_000894
BDBAGG_V112_001353	a2724d266d4d07053720775e98e665c7ff6f9e1efc0a51d912e99180440d7c17	v1.11	BDBALL_V111_000170
BDBAGG_V112_001354	b18b2c96202719b5618cd703c7d09886ea63e54a7e159cf92c4626cdb5d5fe5c	v1.10	BDBPAT_V110_002406
BDBAGG_V112_001355	5fa85122ce80fbf17763c4bafa4a1d1285d2fdb57034f3cf871f05bc42844e1f	v1.10	BDBPAT_V110_001077
BDBAGG_V112_001356	6e41283d260fa38899f336224c97b43515770b06a56c67cff86aeedb0cfff8b0	v1.10	BDBPAT_V110_001695
BDBAGG_V112_001357	841b30ea5ddeab6ecddab10e9f628ab18da2f9fda32b71d3a0b6c24ee603a4c4	v1.11	BDBALL_V111_000504
BDBAGG_V112_001358	2b53814907b3d0ee29a9baf1cb74fc9936856de74612ada07f570a57368a2e94	v1.11	BDBALL_V111_000236
BDBAGG_V112_001359	d304422692f187440d8b3374b3a101995821f13a5fbdbab58ac7fa9fe6ed456e	v1.11	BDBALL_V111_000451
BDBAGG_V112_001360	0211c2aff358a1b1192bf1fa7c1196fbd013d84d64a1a9945980eff6f2833d4c	v1.10	BDBPAT_V110_000776
BDBAGG_V112_001361	9dcae446dc0d2090b36439b799306561fbc54b4c0d65153546067e34ac1a2f4b	v1.9	BDBPAT_V19_002413
BDBAGG_V112_001362	c00ef60cae6f5f2caf29d096a4e3d5c1fd4f4fa3463b4b5c977f273951adc119	v1.11	BDBALL_V111_000394
BDBAGG_V112_001363	e9ae4d284f538579d38f6beb1886731877dd39fd1d45b69b5f0637f12c8e8a11	v1.11	BDBALL_V111_000915
BDBAGG_V112_001364	80b27161c93d6954afcbde3075968ab4d46dadfb92a3434b875d99bad4791ae7	v1.10	BDBPAT_V110_000454
BDBAGG_V112_001365	d6cd9949aae96cf9e33f26466552d5cc5e412b61bf82e183e3c2ac52862a0d82	v1.11	BDBALL_V111_000638
BDBAGG_V112_001366	0b6abe18d3655123aa23fe90ae0c74e223d9f3a96aa9d3046dcda6537aa93c64	v1.10	BDBPAT_V110_000304
BDBAGG_V112_001367	03aac1a51304785c2fa748aef7dd1aa806493ad8d8facadb41bfbf53e6b553f5	v1.9	BDBPAT_V19_000056
BDBAGG_V112_001368	142588072d4434fdd25aaf948677cc32a1bbc17e23b567f1c637c1090be3ee61	v1.11	BDBALL_V111_001082
BDBAGG_V112_001369	a7cdf329e15727480bfab79916b86ad0735dabe0c2302e7e75a78f170ae18906	v1.9	BDBPAT_V19_002554
BDBAGG_V112_001370	48a26667871eb41c99ff19145ea121c6dc132d320d4b91ff4271b2da7682fdac	v1.11	BDBALL_V111_000789
BDBAGG_V112_001371	a55f975591a72226eb9df08fd6b9c8df7343927a41c85e713d5a72840eaca5cf	v1.9	BDBPAT_V19_002513
BDBAGG_V112_001372	2e152ab57371bcb608963507a7a036778c07d7f26656140b4080337ebb097290	v1.11	BDBALL_V111_000723
BDBAGG_V112_001373	5e373c1724ba10bf64a728df3bd63c68891f753c9e80de5174a19859257643c6	v1.11	BDBALL_V111_000261
BDBAGG_V112_001374	258fdf53662efb1e81919088618730cdf4d4115f83b1ed7e2c8afd8a26a6af90	v1.10	BDBPAT_V110_000549
BDBAGG_V112_001375	4b2e84efd5c38f29f34b14b0d788a4699bb3c88eed82c6d4fcd275d9e20917d0	v1.10	BDBPAT_V110_001178
BDBAGG_V112_001376	6f768cdf9c66cba4215542a4e96975d49640e482709477fcdb40d4f074bed841	v1.9	BDBPAT_V19_001720
BDBAGG_V112_001377	8bc1e19b7c98852438b0de59d3571f17f3bbbc4d3b5d56dec210407d5f0450bb	v1.11	BDBALL_V111_000341
BDBAGG_V112_001378	c79f29f582ab9455343740be5495dd954e3bf94ba3f27dd00fe5c9c13038e7df	v1.9	BDBPAT_V19_003027
BDBAGG_V112_001379	9fd6652c59c61a580693e7f9cb635a065404aaeaa503d3a32bf191682e9efe18	v1.11	BDBALL_V111_000543
BDBAGG_V112_001380	2c79ead3a16cc5d53f01000c21a427d72d6f7114d46f8a3c6516c4b7eb15893b	v1.9	BDBPAT_V19_000661
BDBAGG_V112_001381	571d4dea63c6004f481c2f4cfd1ee7c17a576906bd91ce3e4298182e63950d46	v1.11	BDBALL_V111_000346
BDBAGG_V112_001382	5272c6e2389047ab733a67e3557e7bfe2f2e0d3bf1e30d33d5b221a400aefcd6	v1.9	BDBPAT_V19_001282
BDBAGG_V112_001383	99b5c3525f6878b88d44ab1a37f7331c726d2fa3517cd5573e78c05b696b8813	v1.10	BDBPAT_V110_002226
BDBAGG_V112_001384	2470ae5f6ed93c45c6528d77859b32ff5fae663e7c0ce4d09e5239803e704142	v1.10	BDBPAT_V110_002424
BDBAGG_V112_001385	869ae0c2d7e1ebd8f2aa68752b71babc082285a2a91ee85d7c55fc58a14cd3a5	v1.11	BDBALL_V111_000747
BDBAGG_V112_001386	5595bb57ce871bb3ad41b5dbdbad6829f79d586a7664e418c02935ec3831512d	v1.10	BDBPAT_V110_001070
BDBAGG_V112_001387	7c8448cea4354cd277a36862ceaf03c79ed1d18ac97a94775b78830777d9bdd9	v1.9	BDBPAT_V19_001923
BDBAGG_V112_001388	9e839738049ef0e0b65ce4bbce4ad650e0679c4468c8c310befa02bc0989ed79	v1.11	BDBALL_V111_000587
BDBAGG_V112_001389	8ccc04f7c22b4096bcdc2c93474337808c7316f6b7323ac88bd378d24a0d9414	v1.9	BDBPAT_V19_002155
BDBAGG_V112_001390	0b10b39d8f19556dffda8f807ab2da0779150d9b509756e888d35ffc0ad98289	v1.11	BDBALL_V111_000139
BDBAGG_V112_001391	eb0ff48b2d94f3a6ddf3816bb6919ff9217f92ce3842a4506a28d4ddfa22173e	v1.10	BDBPAT_V110_001206
BDBAGG_V112_001392	ac9aa37f8ef5611dac1d32d2f9a03f6a30a9a2043241438de407f1d832b32b76	v1.11	BDBALL_V111_000971
BDBAGG_V112_001393	a76dfdd4729ad05a995f0ff31c669ce34e72b0dffbc14512764f0bcd0bcd8269	v1.11	BDBALL_V111_000524
BDBAGG_V112_001394	34fac4f9f55e8d79958317ca537c5d9e516fe7803d84267b9dec72d1f71373f4	v1.10	BDBPAT_V110_000302
BDBAGG_V112_001395	e032cd2d28c4fc7d22aec72f8a910aa3dcf0a7e1cf2b6b809db016e8807f8c50	v1.11	BDBALL_V111_000713
BDBAGG_V112_001396	a120073f5f654e218ac6f2b120d853f001fd783537a57ca7b595604e4bd06fa2	v1.11	BDBALL_V111_000908
BDBAGG_V112_001397	2fab5613fbad7ca252533eb492e30287c84233592112b0351526db118acb670c	v1.10	BDBPAT_V110_001308
BDBAGG_V112_001398	3150cdb0601d6f86cbfb746666d133386ba6f3b7ca8f0166f0a96cef848ac2a6	v1.11	BDBALL_V111_000379
BDBAGG_V112_001399	a557375fcad28661e3cf9b986e16d49d67dae0855255297e15950ba8a236a6a1	v1.11	BDBALL_V111_000195
BDBAGG_V112_001400	a23a0967080ad451f1db895d4206a954b76015dfb6375c13bf4cde6973340d3f	v1.10	BDBPAT_V110_001752
BDBAGG_V112_001401	398b3ead805ed7c3384d670903ccfe49d30f51c7062f0d78be641141f90297f5	v1.11	BDBALL_V111_001044
BDBAGG_V112_001402	f31de498076d6ee2013a431430b8ee7d7241fb07904b6f9c0e65b7e0317e197a	v1.10	BDBPAT_V110_000949
BDBAGG_V112_001403	1452442a6aa97672fa20cee16d49a45b7b29f5e5a017258829d7348c894a2c79	v1.11	BDBALL_V111_000876
BDBAGG_V112_001404	b8c649b10693a11f9e0cb27846d73ea5ae7ad1a4314f50c22a7d7f526980f3f4	v1.9	BDBPAT_V19_002819
BDBAGG_V112_001405	121aa5a23ab9f771ea270a6d977a3f14138e49672fbb2f4cd5439253497ae4f1	v1.10	BDBPAT_V110_000503
BDBAGG_V112_001406	60116098c65eb9d610287dcbd0bd638b298591508abbeda00493d3cdcf447714	v1.11	BDBALL_V111_000906
BDBAGG_V112_001407	1b18fd755fade6bc9beed5384718f50d8ed5fb78a1687376bed4bd627b3fc853	v1.10	BDBPAT_V110_000783
BDBAGG_V112_001408	ef734b472dde717947ee3e9ad7a063a3b245e32483d206ce55c040f6ad7c93d9	v1.9	BDBPAT_V19_003653
BDBAGG_V112_001409	e17126e3e44d730a6dee2943d797832024f37c45b3bef1878c310503d04fe980	v1.9	BDBPAT_V19_003416
BDBAGG_V112_001410	44e90e6668b909c51bfa0c748d3db5f5aea028353a4573c47ff1defbada02507	v1.10	BDBPAT_V110_001233
BDBAGG_V112_001411	87c63ffb7dd425f90a066464880d83a2cadee67974bb4d8380238933454501cf	v1.11	BDBALL_V111_000517
BDBAGG_V112_001412	157f2198a011b977f1e1b17ca65d8d8fc67e627e14b0908d99f6856cef94f76a	v1.11	BDBALL_V111_000891
BDBAGG_V112_001413	027c1a22eadf68ca1cd75ea5b6aa76bd90a6291445c525388e44d9cd9ae5cd0a	v1.9	BDBPAT_V19_000044
BDBAGG_V112_001414	97db4a286476d450ce359fe651dd9627d91012f8cb1fa7fce6a813122a46a1d2	v1.11	BDBALL_V111_000781
BDBAGG_V112_001415	97bc1a68800560d2fb04f3caaf125f18f8d1c7492c5edc252d60d99a7a354f71	v1.10	BDBPAT_V110_000537
BDBAGG_V112_001416	e288a7e9422b48f8593b528eae93b794f7cd81d6abd53161beda74baf434fad0	v1.11	BDBALL_V111_000197
BDBAGG_V112_001417	7472f0868c798371dbba59546dc27e1a863132951f27d7030fff9968b28ce524	v1.9	BDBPAT_V19_001790
BDBAGG_V112_001418	2ead54aef42971433841b41ed6cb94c046708c6ce6c6917b4dedce53f69e9df8	v1.10	BDBPAT_V110_001356
BDBAGG_V112_001419	1bdde2e16622d2835997d930b9dabad39f1752b3092e2464239c53a068676da3	v1.10	BDBPAT_V110_001891
BDBAGG_V112_001420	042623e3f386febacb5c5042a7abf5d53f5e634dc1158a0d2dfa1af048c542bb	v1.11	BDBALL_V111_000404
BDBAGG_V112_001421	4af1d20867d6b4e3f7343a1555769a8571a933446b5e5a1df1c328af71b253ef	v1.9	BDBPAT_V19_001151
BDBAGG_V112_001422	6f0ed41bf87883d083b8a0613d4abe678a54897725b7efade7979456ddd8ec80	v1.9	BDBPAT_V19_001713
BDBAGG_V112_001423	bd539d326ddbc6e282a1356b10eb8d92fc85a919c59ee85ecf86160066ab96b1	v1.9	BDBPAT_V19_002875
BDBAGG_V112_001424	57aefb8fc2f6eeaf3a82cf811470db3b7bacb0ec34c3ba1a2786a28a2b01908a	v1.10	BDBPAT_V110_001680
BDBAGG_V112_001425	3b5aa665f9b13dd6b82dd039be344013db622627294d67221fce58738b964f06	v1.10	BDBPAT_V110_001166
BDBAGG_V112_001426	06dbdf49782462468d84ca9a0488fdc7454ce8e55181946e00582b5121d1260b	v1.10	BDBPAT_V110_000456
BDBAGG_V112_001427	4abd307128d81f7ed6d52a90925c65aedea4010542852e32e297f2e07bf3d720	v1.9	BDBPAT_V19_001149
BDBAGG_V112_001428	320e278adb253c55db43cdbed72c88ae7484608e478c49df779066de0851bf14	v1.9	BDBPAT_V19_000752
BDBAGG_V112_001429	b73840993950d3555b8017fc937697e1d33d8e3c34d974817ec867d57703f157	v1.10	BDBPAT_V110_000690
BDBAGG_V112_001430	fbed47ad3d2f9d283991250b0cb600494a130f617f57ef7aec8e46c9ac1518ec	v1.10	BDBPAT_V110_002220
BDBAGG_V112_001431	28a4b50735f0f2651334a161706d22a73e9a2d2d33e529c9de56e39b2988cffb	v1.11	BDBALL_V111_000290
BDBAGG_V112_001432	e60fad9b8691b863b572568aa3534845bb75a708fe760a32941410087848665a	v1.9	BDBPAT_V19_003497
BDBAGG_V112_001433	9b5d5ac2ccb026425cdfcbdb0d524d232b4887dbf725a884dfd5aaf19dc79fa8	v1.10	BDBPAT_V110_001176
BDBAGG_V112_001434	b4b4b2f96ea7ec8a72c7b6081cf2a1695d3d448c469ddd1b3ae7310324139874	v1.11	BDBALL_V111_000707
BDBAGG_V112_001435	460d10fd1c3f374af5db520b04c0a97c5b099ca80a84cc37da7a3ae3d2594d60	v1.9	BDBPAT_V19_001060
BDBAGG_V112_001436	1bed5a611a31c55ae3f4bc4894a4b2ecc7723e6070cddf5a318d917ca8a89eaf	v1.10	BDBPAT_V110_000822
BDBAGG_V112_001437	088dc2ac7c1cfe252a5083abef5eccc68ac453fdf7234f90f7523144db33b9ed	v1.11	BDBALL_V111_000672
BDBAGG_V112_001438	075c14885d2482bec5593d227a632a6cbbcb2ed7b3f8e1c7286519eb396252e7	v1.10	BDBPAT_V110_000124
BDBAGG_V112_001439	73c3455185f5c992392f836abb6202e2010400d0f54cf2a9fcca96d3025d57cc	v1.11	BDBALL_V111_001031
BDBAGG_V112_001440	20b5e84f063a3dda657acd72b5d2f77fff981cc3b75e840d478385fd648b7e22	v1.10	BDBPAT_V110_000399
BDBAGG_V112_001441	82f87027c35579e5676f68a9d4fa6a23fa57b14de1fddb9ba00f3f166c39ed96	v1.9	BDBPAT_V19_002006
BDBAGG_V112_001442	706c98147b7d6d6954d002d3d99bbfe78a5e0327bbbe5bcdaa20e393f02976f2	v1.10	BDBPAT_V110_001851
BDBAGG_V112_001443	5e2f2e4674139254a0a74bd56b902f74b69859bece13c08b9ec3e87a2442db74	v1.10	BDBPAT_V110_001880
BDBAGG_V112_001444	4001d80dbfee5fc044f7bb801d5c92671b7f764f5dc3ff951f64468d79753d3e	v1.10	BDBPAT_V110_000572
BDBAGG_V112_001445	16520c1ca7ead250a029b2f380306ecc48c7154f475228d6c3b00228dfee6b9e	v1.11	BDBALL_V111_000590
BDBAGG_V112_001446	61ffc023d4d5160412c0c8b2da9dc3b119978f7a06ccf1bf8c58dbfe7df73b35	v1.9	BDBPAT_V19_001528
BDBAGG_V112_001447	72e2448c46db55fb4e3b2397a98b33b2e9dc6fbe0ed175d437a4fbcc4b9d25a7	v1.11	BDBALL_V111_001013
BDBAGG_V112_001448	47da29f2bdb5da50206935ead316ebd34358620ce45bd987ac16922ea9e83aae	v1.11	BDBALL_V111_000062
BDBAGG_V112_001449	b4fa5aed8eb0b5b71d0ece2bb0a61774e9f86d1a722c4f165aa757704a654c97	v1.10	BDBPAT_V110_000869
BDBAGG_V112_001450	fecc9b3b1956df67e45fa189ea3532c3b948d9d0a5f7aa123f094780bb02b25d	v1.11	BDBALL_V111_000914
BDBAGG_V112_001451	d4eb96e19268c89f35e0e158977d6409b9619973b527d5a5672de6cef5442bbc	v1.9	BDBPAT_V19_003232
BDBAGG_V112_001452	7e11e96fdd574b9a85231b51b53ef09263ace2f5b86a5fafffc5fc87474fb83e	v1.11	BDBALL_V111_000251
BDBAGG_V112_001453	07c4d7f30eb3c155cac40b10c329d0b05de1906007541987d700f38f6fd76435	v1.10	BDBPAT_V110_000174
BDBAGG_V112_001454	c75f6634c72988c6633788c9ea1b8853bfb87c7a50f8a442a2777023b8c54afa	v1.11	BDBALL_V111_000751
BDBAGG_V112_001455	d9e3028db135e6783a44bc9ac9a2e311efc2f66f5cda12c2c0bf01ded7411a34	v1.11	BDBALL_V111_000829
BDBAGG_V112_001456	12633487ce539ba67e33c3d79d03433b1ec79e289a9a9a32532146d03277596a	v1.10	BDBPAT_V110_000204
BDBAGG_V112_001457	19c9e557d65b1cad89bd04c4b073d75a4fbfa56ddb5ea4c8c91bed42d215424b	v1.11	BDBALL_V111_001083
BDBAGG_V112_001458	3993138776d27cbfe67d15b73d10faed806f7f5c5b52482afa4cc57d2f781aa2	v1.10	BDBPAT_V110_001244
BDBAGG_V112_001459	5cac166a0fb4dcf39fcacb720e6529f71789262d1cb8d8e1824dc13a72fb25c4	v1.10	BDBPAT_V110_001843
BDBAGG_V112_001460	2b4bee7757e9b5b3ab89cef80106c0c0ce1fb563593f00ef1111b1b4fd74ee0c	v1.11	BDBALL_V111_000178
BDBAGG_V112_001461	923b96303a186683a1e35031d04116de4afbeba0168c93b6cd02977ee6bb1d8b	v1.9	BDBPAT_V19_002239
BDBAGG_V112_001462	5fba6e3fd0b373d8afaf4cdeb2da873792644a742b8096bf93cef38a88e35940	v1.11	BDBALL_V111_000066
BDBAGG_V112_001463	cfa4eada27bf0be661954e8ccccb2344e009cd54e4d7d19ad811c8253237e11c	v1.11	BDBALL_V111_000913
BDBAGG_V112_001464	39e764f52031ce68390672d64733e9a2800286195c60abd9d4e6fc2dc83e63fe	v1.9	BDBPAT_V19_000875
BDBAGG_V112_001465	89f204c6ba61676656bbadb83f542e893d093a086baeacace699f080e44f1c30	v1.10	BDBPAT_V110_000966
BDBAGG_V112_001466	6f55b62c94535896059f930e80e66994d5d1f0c8dc59cde5822157b2fe5e944a	v1.11	BDBALL_V111_000899
BDBAGG_V112_001467	e8a8adeece186471bfc4af4a2ee63a1bfd06205429ed7155d5848e4fbca9a9df	v1.10	BDBPAT_V110_002083
BDBAGG_V112_001468	e2bf558660167921c540b1ba08dbbb8f4b709b9a85912eb764726f7ec5ce26ab	v1.11	BDBALL_V111_000407
BDBAGG_V112_001469	a5916ddad779c21f35f818ced6fa63d0cd4ceb6236d95ac114358559186664e7	v1.11	BDBALL_V111_000984
BDBAGG_V112_001470	0ce170791d663255b3bdf91f6787fbd929cb36650299c83bdcbac6e56365f1c8	v1.11	BDBALL_V111_000783
BDBAGG_V112_001471	217255977dc31e742a4c56c86a61c9b891622198b53fefae2c29cf7e5a146dc9	v1.10	BDBPAT_V110_000091
BDBAGG_V112_001472	4e5b6077c7335e6fc9b15009a4b7d1a34d62fab5989e307ef298fc23bc8040b2	v1.9	BDBPAT_V19_001218
BDBAGG_V112_001473	42ebf99bdabe73aec4f16f0733d05207cefc94efad49ad926f29b98557a08ea1	v1.9	BDBPAT_V19_001008
BDBAGG_V112_001474	366a678ecce0dc856c3e7bb6c36b675bd8fee23896f8729f5cc75a323f72cb34	v1.10	BDBPAT_V110_001456
BDBAGG_V112_001475	743e779e95bccae3742722b1fd018ef75f9f374722e639bde8b8e5649839f964	v1.11	BDBALL_V111_000410
BDBAGG_V112_001476	e2c32683de8ed277aa7d3ea3d4403f6fa36e2c9eae0a6a826834d410f77a59fb	v1.9	BDBPAT_V19_003442
BDBAGG_V112_001477	1102d77589a5ecb1281d002510d81d71ffe3b787b74af2e8c98eb6e08ca5c09c	v1.11	BDBALL_V111_000495
BDBAGG_V112_001478	f04462cc9b96b94c0d855706b7ba82da1182d7606b4119f33eec882f9cd74385	v1.9	BDBPAT_V19_003665
BDBAGG_V112_001479	34d31973e558e5be82949056149c1f2031614590fc035318aba4e70677ef16cb	v1.11	BDBALL_V111_000664
BDBAGG_V112_001480	837852f5995911802949d7aaec6fb3cc08b310f9a0f88f00819165f11f8b39ba	v1.9	BDBPAT_V19_002015
BDBAGG_V112_001481	983a0b1bd9316b2887f5d5581cc067b03e4e26e9de4f86742112fe4e990e6042	v1.9	BDBPAT_V19_002331
BDBAGG_V112_001482	5e4cfded7a583ef27f190c867a19316b1ae4aa632781c14d06de1be7aebbb1bc	v1.11	BDBALL_V111_000842
BDBAGG_V112_001483	adc58f29ea1789d730f3184087fc3f6d59ea728704be9f256c9db50b1ad03a02	v1.11	BDBALL_V111_000097
BDBAGG_V112_001484	37fa058b3125c387740e5de0f8e570b1838ed373ab84737d86d29ebb7c14869b	v1.11	BDBALL_V111_001026
BDBAGG_V112_001485	4e70ae2baaf370d68c05d0ce41cf6264971dd4d555fc9f749c533a195697d223	v1.9	BDBPAT_V19_001220
BDBAGG_V112_001486	de20283ede1e6ff1c8618d0a8c1849dc2b7a61872a9878e44494e3be8a806991	v1.9	BDBPAT_V19_003369
BDBAGG_V112_001487	a4ac4db3a4b981f3947aa735af3c33e4720913d9fb253e99d6aadeb61d6c9c03	v1.11	BDBALL_V111_000825
BDBAGG_V112_001488	b7ab561754e610ffbb02d328733d6a7c74e660dbd823b9af3ce48e0cbd55f25a	v1.9	BDBPAT_V19_002803
BDBAGG_V112_001489	f8bb3bcfa1da2ec708252fa3e3d3d42c15504b64bf6e7e7dceb5508550b5cf40	v1.9	BDBPAT_V19_003767
BDBAGG_V112_001490	0388fb2302aafd82a0a19e9c887d3123300fc49bfb1c86eb56753c754fcd5fbb	v1.11	BDBALL_V111_000186
BDBAGG_V112_001491	c8d096b9490dc017c8d94e24f6ff29a516a81c420fc3866bf32c6ac2504f5e5e	v1.9	BDBPAT_V19_003048
BDBAGG_V112_001492	5c55d7b38eb00c3181b39c319727be3cfbe9fc35cda225c8a6ba0ccc41f6422d	v1.10	BDBPAT_V110_001185
BDBAGG_V112_001493	b081845054a777c396c128a674a020225fd370f8beb13a82e526c2eaccb6683d	v1.11	BDBALL_V111_000193
BDBAGG_V112_001494	463ae139b271f29f61dd5cd6e932d7ab920064978f07731cc55c961ff6740bb1	v1.9	BDBPAT_V19_001065
BDBAGG_V112_001495	10fec2836727a9e1fca98c79c255061b13d82842efc213d80f26e6db8ee94cc7	v1.11	BDBALL_V111_000344
BDBAGG_V112_001496	e54b3fe25aec7c14f60727a3bac506f1f6d2472dac6ac54f14bfa6e7da65a79a	v1.11	BDBALL_V111_000808
BDBAGG_V112_001497	8dc679448e7f006126782857028e26d6eb160cde55128cfa437c3236f54af569	v1.11	BDBALL_V111_001041
BDBAGG_V112_001498	a0c0c88df354b3aedbfc29b93d64aafcc78d4761e715c1099cf8f8e91e3bba76	v1.11	BDBALL_V111_000560
BDBAGG_V112_001499	b1ca9b276c79b5ac53b1cd06fc1c8ff9f2c56d5c1568bd36202ea396a386244a	v1.11	BDBALL_V111_000746
BDBAGG_V112_001500	c9bcacd2433d9ec7d00b16a3d86eb5177e2e17ca5b35a3fb4505fcc562bc0aa6	v1.9	BDBPAT_V19_003065
BDBAGG_V112_001501	a987d01ebfa637b5925051b523ccbcd17624e15ef300fbf34bb389bcbfa15090	v1.10	BDBPAT_V110_002350
BDBAGG_V112_001502	a4c4c2ca1c3cdf383ad5cb46445644abca4c2d85767dc37991071d761902ef5d	v1.9	BDBPAT_V19_002504
BDBAGG_V112_001503	54ca6011dbbf47d7dd57aed0e584d485ff3348bcc83abba55253e1b2a75a40d8	v1.9	BDBPAT_V19_001312
BDBAGG_V112_001504	084a3b9df989772e8c84cae486cbaed103f60a172fe68509a85184814a12070b	v1.10	BDBPAT_V110_000068
BDBAGG_V112_001505	8d9d0f6dbfae1c5f5a6a7b35d7338f2b54b2897ddbb1799025ff0e28fc2ecfcf	v1.9	BDBPAT_V19_002168
BDBAGG_V112_001506	2a2e264f3136b0624d13da01949ff2449d4d197bdb9e1db399fd59ba0c8c4f2e	v1.10	BDBPAT_V110_001201
BDBAGG_V112_001507	0450e46127ee26fe6d60d0d4c4358940e9b9ccacede6be76b335955c0e5cefa7	v1.10	BDBPAT_V110_000166
BDBAGG_V112_001508	db04e598e786a987ff7d68e2b566f9e4e8c3be0cd00975b497a35ccc76af13d0	v1.11	BDBALL_V111_000413
BDBAGG_V112_001509	0b37077ffa69a8ecd0f314a9b1719593ae64b748e2812f312fd7b1b8430452c4	v1.10	BDBPAT_V110_000347
BDBAGG_V112_001510	4b21d224d813b1e2a437bcd8e57f022a4c54fb161136341a81aebe699e3f4feb	v1.10	BDBPAT_V110_001566
BDBAGG_V112_001511	8306330efc3642396515e1e581d919d528d20bc1b05328367116a32f2b0708ec	v1.10	BDBPAT_V110_001673
BDBAGG_V112_001512	bf3d0487b814b1bc71c730d187c858e1ef2b013902dbb72aab5715ac33725bb6	v1.11	BDBALL_V111_000575
BDBAGG_V112_001513	e19f4c6206546f8a6314afb775c0420d40c00eb6cf94a46bacf68af14ee7c5c8	v1.11	BDBALL_V111_000935
BDBAGG_V112_001514	3c783a1627e485dff092dbb09197618e2e1aa29389d5e3116592b1541b1ea54e	v1.10	BDBPAT_V110_001426
BDBAGG_V112_001515	6285d29a0d9936e36dc3cf0512b620e172cac8788e8070f491d033eb21608022	v1.10	BDBPAT_V110_000531
BDBAGG_V112_001516	81e62ef85bbb51336558c551ea5ddad1ea55a233702a4c3ba446f873fa65b095	v1.10	BDBPAT_V110_002281
BDBAGG_V112_001517	4b07716235f701b68457b731d8dd822b9e3f4362653fa91e55e9dd7708283a3d	v1.11	BDBALL_V111_000801
BDBAGG_V112_001518	84193560adfa6eb4a7f1e77d0055927227dc5846b1ad5d1dec008379df756566	v1.10	BDBPAT_V110_002469
BDBAGG_V112_001519	16d51e17057076aed5d3fb15746a61d5bc3ed606a1d4f5f034931e0cb0716fef	v1.10	BDBPAT_V110_000633
BDBAGG_V112_001520	1d6f1154f45b27ac2de821d6714cce1f120fd345f347de32580fe36161978fae	v1.10	BDBPAT_V110_000098
BDBAGG_V112_001521	3be91adf2278fc50ba6d84eadebde5a14db7e54fb082870ece2367d82ba41bc3	v1.10	BDBPAT_V110_001223
BDBAGG_V112_001522	311814371bbf73c40e13880af6a2a5006ad3169091898780fe45debeb95f7e70	v1.10	BDBPAT_V110_001359
BDBAGG_V112_001523	4f9d88fb312e82c014f0e1199a5cd55246e6b85d7dfb1eed83458092f0678628	v1.11	BDBALL_V111_000513
BDBAGG_V112_001524	9b1aa3f3f5a954c303a86cb46805e03559301e4b26c4b55659469e7e57ce6ac3	v1.11	BDBALL_V111_000668
BDBAGG_V112_001525	e1dcdf29921d32da2ed4baa76e099fdf725c746ef334fffd59fd21666af806ce	v1.10	BDBPAT_V110_002103
BDBAGG_V112_001526	9d4434a3863887e57c5e3ff01dc3766111e8ac707896dd76ec8effb8fe27157b	v1.11	BDBALL_V111_000416
BDBAGG_V112_001527	52d7d6a3e457186571cf62ef14818b48c24db5c1201235e7d5208e6fa78d8875	v1.10	BDBPAT_V110_001007
BDBAGG_V112_001528	3ffe3765b77124cd7d1a376c193f41fb8430f50db5c306ef52f652a7bccc0e42	v1.10	BDBPAT_V110_000396
BDBAGG_V112_001529	8d6ea5607343ca4dba0bd9989d16d304e5a84b646d09bf3e7b899024013c389e	v1.10	BDBPAT_V110_001531
BDBAGG_V112_001530	0a93645428607883a475c16c71897b0a31d1ac0587e205cc47e4e1383c6edeb0	v1.9	BDBPAT_V19_000140
BDBAGG_V112_001531	b9c31bdf27f2ff08799ab66eff9861aa82e52f5c2e10c8f91543cae12a4ed8d9	v1.11	BDBALL_V111_000127
BDBAGG_V112_001532	63f04a57e2b06d4f89a92f75e5642750eae3d2447a6b21880ee410c4d3d29ac6	v1.10	BDBPAT_V110_000411
BDBAGG_V112_001533	eb5eaf7f0d0b78ad1ff251cecd2d90b2d0b0f71d640252c7abfecb155c056826	v1.11	BDBALL_V111_000855
BDBAGG_V112_001534	2f1881e702af7cd3d2714257b63ecbd7adb4bc15ecb8bf807c7df10d92a0b23c	v1.9	BDBPAT_V19_000699
BDBAGG_V112_001535	772522dc815d5eac18772953bf08bae48f13038315d37e85e90cdc75308b421e	v1.10	BDBPAT_V110_001931
BDBAGG_V112_001536	665411b5badc27bae5f6ed448efc821578681db62d377ab8f94ad1a66f3f70ee	v1.11	BDBALL_V111_000491
BDBAGG_V112_001537	d96588676f77a72553eda0faacf71c1218b081d900f09d6b9eb604d0578cd0aa	v1.11	BDBALL_V111_000287
BDBAGG_V112_001538	0a94946cabdf576e2df8177a37f323d024baa0ac8fb0339c0eba685627bb884d	v1.10	BDBPAT_V110_000289
BDBAGG_V112_001539	0824b68d7587f55af923e075160d526e334c6fc5d4836fc9ab4c65ae8a83d373	v1.10	BDBPAT_V110_002071
BDBAGG_V112_001540	1e0a7db6d22ad2741a78575eae0f3fff9abc6482052262aca5d4cca3ae24073a	v1.10	BDBPAT_V110_002036
BDBAGG_V112_001541	f28eb1b8cc5d5677f237ea2a51e6e889c440691b57519ea4d2f6435f114f9033	v1.10	BDBPAT_V110_002305
BDBAGG_V112_001542	a6bdcf30bb1a941ccc96160365a2912c7ae34bbdbfcf05beab2e423df2edbe15	v1.9	BDBPAT_V19_002536
BDBAGG_V112_001543	007730504800fa95d7eabdc2fa3dc936aee6aaff9deb9fcb6f566b25599b94ac	v1.11	BDBALL_V111_000001
BDBAGG_V112_001544	03415d37db8be8a970cbfcd9f6aff57645080b7461a1429a6d1ba6929445a2c2	v1.11	BDBALL_V111_000242
BDBAGG_V112_001545	1964c2acb8c30a42fb29133d17c5971f85e1a67f1abb40f59a874710ceeec25b	v1.10	BDBPAT_V110_000646
BDBAGG_V112_001546	41b3f6c0c6cb0cb53bccab446284d6865310080aa0e3c0887b4fbfa63c54fcc4	v1.9	BDBPAT_V19_000982
BDBAGG_V112_001547	9e86a83d13490deed31e060d71d68609dd605aeaf4c21a4e45b3ad210d54b1fe	v1.10	BDBPAT_V110_002370
BDBAGG_V112_001548	b78c90684a178ebbe6d70b43f5da1fa66c82d087c8178ec1b5957214183c9d78	v1.11	BDBALL_V111_000682
BDBAGG_V112_001549	e67de4737a4512655dab1b47eff4cec1df75f33626dd1291889ab2b2c0c466b2	v1.11	BDBALL_V111_000351
BDBAGG_V112_001550	166da269c44097cedce5003d4eee5d73e4037b19557bcff7e88087d4074a01dd	v1.10	BDBPAT_V110_000554
BDBAGG_V112_001551	dc4c3f864c0ed9da0284c3cb41f703d4c39e02b1e9cd67deef7d30cd6af7c7f7	v1.9	BDBPAT_V19_003339
BDBAGG_V112_001552	70b17a747b4ac841f5fdf6c02943d458f6a1949d0eb1cf391ec9a45505538037	v1.11	BDBALL_V111_000487
BDBAGG_V112_001553	08537c20a2492e4a6598b35c1d1988fd9a4ee041698d6771a35437a09ef2e92a	v1.10	BDBPAT_V110_002107
BDBAGG_V112_001554	899d2b586f05a2d63e81df8dca1ea537d84a9921a7dc743603c8ca0c580e6244	v1.9	BDBPAT_V19_002100
BDBAGG_V112_001555	42b4898ac0b5685a7aceeef0caba831bf24e8caa660182d1521201c0febe0cb0	v1.9	BDBPAT_V19_001005
BDBAGG_V112_001556	4c06adf2185e82409197997c964dae4a46092b1f71cda0e3716ed29d65d721d0	v1.9	BDBPAT_V19_001176
BDBAGG_V112_001557	2f6dc9e8399cc091d2981a26e710ac782b03fc46c6c14531cea45892f402b506	v1.10	BDBPAT_V110_001255
BDBAGG_V112_001558	6b3a67195365133887b6b4a8e487b9861adc8508fd2653154dd0764111e96948	v1.10	BDBPAT_V110_000863
BDBAGG_V112_001559	e37e0137d97d45fbf4e09ac23b577647505be02630607919cae2f5fe8d318c20	v1.11	BDBALL_V111_000979
BDBAGG_V112_001560	4d47fb5384ceca21a065361d22ef0ab68fbcb74e41d2815ac84a33a4a7ec1179	v1.10	BDBPAT_V110_001694
BDBAGG_V112_001561	8ddcc3fc3e372be2cf44823e9ed8aac81352f3ba05979feed6dd02de0a1e0792	v1.11	BDBALL_V111_001069
BDBAGG_V112_001562	25aa3146b79a77065f11026dc470c76cb8acc890aa83c981f38fcbd2bb0c0cac	v1.9	BDBPAT_V19_000555
BDBAGG_V112_001563	408af83c707496e48a9a89fa50de150a1602b69cf7a3a64fa25894b82f5e8543	v1.10	BDBPAT_V110_001179
BDBAGG_V112_001564	7578cd22f6a5018b654cae6a3c22d10a0459fd2cb920951747a1fd21b2544295	v1.10	BDBPAT_V110_002299
BDBAGG_V112_001565	e02c042add61a59a673124d29e9242b6f43bb1ec8709db5ccddbac168d0a1d57	v1.11	BDBALL_V111_000912
BDBAGG_V112_001566	68ffc8b5ca880a996ea1f6d1d16a360a398863e4ebb5f9c05ed446b112720e9a	v1.11	BDBALL_V111_000928
BDBAGG_V112_001567	840db6db6249931f342f33915cc4d1c0a3fd3037992c75fc96ce78e6561b7aba	v1.10	BDBPAT_V110_001716
BDBAGG_V112_001568	c284f239a4939c5726c1954d63964ba94946d4e09a48b8829430727d114ba80d	v1.10	BDBPAT_V110_002020
BDBAGG_V112_001569	45ff3b9f32c44cc052c4302232c827201a678a349518d340978a71cf9a8b0027	v1.11	BDBALL_V111_000442
BDBAGG_V112_001570	150725e688393e90cb622faeeb2f4e04d216775cb5e5c140612d22fc6e81f413	v1.11	BDBALL_V111_000866
BDBAGG_V112_001571	a51436126fde9031edeafc2bf4da7f7d2757da26aa278bc5b4d2b123f4891c27	v1.9	BDBPAT_V19_002509
BDBAGG_V112_001572	9aac0b2fb34f46977e01f2045097bd6354ad4f72763ebf89581503072c724dad	v1.10	BDBPAT_V110_002258
BDBAGG_V112_001573	754e5f7ae97f9673f302ceeed1056e9407ee9b601189c7c8b79fc59366c223d3	v1.11	BDBALL_V111_001067
BDBAGG_V112_001574	7d95ead5abe42c47efe6a1a40fd702d40ec792a9927215e2719671acf0c84565	v1.11	BDBALL_V111_000893
BDBAGG_V112_001575	5af97ddf95ccb2bc8534d612f58cca8503e61a4f23867ae5c6b56a8fc345ede5	v1.10	BDBPAT_V110_001472
BDBAGG_V112_001576	a5ae4f3f58fe8c7a02856106730ebb3242a645e6607e852fd9874488193b12a6	v1.11	BDBALL_V111_000085
BDBAGG_V112_001577	d4a073f7b09366e6b21bd8d7673784cbb61158b43a0f3261b477d6af10e586c8	v1.11	BDBALL_V111_000936
BDBAGG_V112_001578	9ba69f5945b8ca49d6eeac119903a7a9dd6bb6a564f30a2dd2715eb647af7d1e	v1.9	BDBPAT_V19_002376
BDBAGG_V112_001579	ef3f534c09410b2f111226268e7a81335041d890358b251fd37106dc4ee3ba1c	v1.10	BDBPAT_V110_001787
BDBAGG_V112_001580	e66ada93677ba98c9a1ec304c7da633a80d9300c9939ed9e6ae4fe2045869915	v1.9	BDBPAT_V19_003498
BDBAGG_V112_001581	d7a55df9a2e3b140eeda484eb5774e1a02ebe6b1faa8d69b5503f5342c875efa	v1.9	BDBPAT_V19_003271
BDBAGG_V112_001582	dd5c8c34d3b423ad31a8948ea32435a98aae784a9ef9463a7b2498e45c4f1adc	v1.9	BDBPAT_V19_003351
BDBAGG_V112_001583	04184d46e32d8bd850c28cdc1d8becc6109c02b696e721ae45c08a572533cb15	v1.11	BDBALL_V111_000297
BDBAGG_V112_001584	5f67ceeac53f309ecf2f8a834d001875d3399e2feaea5d8cec686b7064ed821a	v1.10	BDBPAT_V110_001519
BDBAGG_V112_001585	c674c203c0f8e5b4da97ba93e8bf3e1abffc749fca0894118fc24b732bf52416	v1.10	BDBPAT_V110_001033
BDBAGG_V112_001586	3dd65f231e37aa0fbb3817e358a1be7f40430c10950ede0a523c30dab0abe47e	v1.11	BDBALL_V111_000365
BDBAGG_V112_001587	9353cb52cefcd721b722c54a72c253a642d67bec6db55d094a68e1c934b710bd	v1.11	BDBALL_V111_000035
BDBAGG_V112_001588	be3d7e1e3b5b665f9e8847bdf6a4d222e4820a24809a1087080f9374d87452a1	v1.11	BDBALL_V111_000531
BDBAGG_V112_001589	42c5027e559875cfb99da6629e5133068775a55fde6404198f399389d6afe49f	v1.10	BDBPAT_V110_000195
BDBAGG_V112_001590	4e8283f51aca519d8850400127d2535610783713daa826311bcf4f6c9a82ae59	v1.9	BDBPAT_V19_001222
BDBAGG_V112_001591	0626e18f800c76d3cf9b5d8c50b0cf5f80c1f81641b530a647ae9c4fc7a2afbf	v1.10	BDBPAT_V110_001776
BDBAGG_V112_001592	3c079d66658d77ac457646bdb214913cd66db423b4bebe4eb37bc9e618f8371e	v1.11	BDBALL_V111_000023
BDBAGG_V112_001593	dcfd69f2e385fabd2b0120ab04f11fcb91dbfc750e49a49a6cfc6305bd89c023	v1.11	BDBALL_V111_000305
BDBAGG_V112_001594	5f5c692ec4a1a11d42d01525b4c5781834283194a282885d12af307edc1f77c2	v1.11	BDBALL_V111_000500
BDBAGG_V112_001595	ff9f1895125b13ced101d3205afbfb10d5bdeca145cb3a7fb79933d5da3d3caa	v1.11	BDBALL_V111_000348
BDBAGG_V112_001596	654039354590bfa2f7c5d7404341a318151f6868fc5b619b27e85fa7f8571a85	v1.10	BDBPAT_V110_001893
BDBAGG_V112_001597	dc302ee7f3a98325b08c84387e57ee17f4eedbedeb1227232ac671d1135e72be	v1.11	BDBALL_V111_000841
BDBAGG_V112_001598	6f76bec82cf47ba633e263f97db549fd75ec3bf3732c4d91a5b7c268ee0c997b	v1.10	BDBPAT_V110_000281
BDBAGG_V112_001599	8f07c2051141ce608bb28c83e6ee046af4a34cfc6ac7a0a05973c029d0995859	v1.9	BDBPAT_V19_002191
BDBAGG_V112_001600	95d5db38b8b8cb21c057c97d4989911dcd6c515af970ceb68df6104040eb7bf6	v1.9	BDBPAT_V19_002292
BDBAGG_V112_001601	91494d498af1e16498c3afdb3f131ff9c21af3f763de1bc0ca00c8bb8cc938e3	v1.11	BDBALL_V111_001059
BDBAGG_V112_001602	4ab6faf7fe1de918f0592e50840351d3ef5d058e843ec6a312c103bb9c03c161	v1.11	BDBALL_V111_000508
BDBAGG_V112_001603	b8cbf18fc2b3223318805a6e9ac88a4661e37cb702131324d2c81cc9ee6fe0ce	v1.11	BDBALL_V111_000710
BDBAGG_V112_001604	8ad5df3b47ff33118639dc890d4a1bb0afcaf0d4e1b378eb44f178e589d45dff	v1.10	BDBPAT_V110_001524
BDBAGG_V112_001605	f233ebc303b34289e585f841ced604bea660b9eb064983f8731afa5a75be3a41	v1.9	BDBPAT_V19_003693
BDBAGG_V112_001606	17d60f832d89679ac108c6d9b67fb9994f7ea289a6ba4f6802138bb2dc8446d2	v1.9	BDBPAT_V19_000340
BDBAGG_V112_001607	0e5bc39e93aada6256f9151de6c9bc0ad6c916a6548db483c7440c62f3cd3387	v1.11	BDBALL_V111_000685
BDBAGG_V112_001608	3c078152c51c299b15af8fd6d141686dfe859b68118f4a1f2936fc84f5eb3bfe	v1.10	BDBPAT_V110_000065
BDBAGG_V112_001609	0e1ad2d37d74a7c01003dc15aa984cf933e4945272faa9b059562182a86b436a	v1.11	BDBALL_V111_000814
BDBAGG_V112_001610	b0952a9815290cb9710a62c911cbb4611b5dcc85fe3b779be66d3f8612a97bea	v1.9	BDBPAT_V19_002696
BDBAGG_V112_001611	cf072345d738289b867eef914b225aa2197aff698878cee790fe6fe9b664fb85	v1.10	BDBPAT_V110_001065
BDBAGG_V112_001612	20c41a6b81d241c8a0d6e92eb087c3e756ccad446df0516f9a4dfa88a2c4be37	v1.11	BDBALL_V111_000137
BDBAGG_V112_001613	067764fcd97343d89f4f0b94a846a59b1a22948f94f9ba60392b7b000652fdd6	v1.10	BDBPAT_V110_000123
BDBAGG_V112_001614	679fd1c73d294186cf023481ad8db9342ef0df0abef3cd4a0f33c62c85c75d12	v1.9	BDBPAT_V19_001613
BDBAGG_V112_001615	f4e86a4a4a1b1c00a68d19306aa180e38f3d31d374752c972e4cd8c38a028f6e	v1.11	BDBALL_V111_000964
BDBAGG_V112_001616	11f298d46a504ea1bac2baf2dac6e7c0149d7c783c9d3302e2f0950f3effd61d	v1.11	BDBALL_V111_000969
BDBAGG_V112_001617	ac9f2d12c34c6296ef710f7a91ee9eac850d0a9b17b479a745154dc91f5c2c98	v1.11	BDBALL_V111_000203
BDBAGG_V112_001618	73591c9c3f01861938486f2dcb9f20bcc269bc461b43d082044abce9bf7eb7a9	v1.9	BDBPAT_V19_001775
BDBAGG_V112_001619	9da38950ec260329b287e8d68d11e67c5a4bfcd215785406cb57dd7da0c690c6	v1.9	BDBPAT_V19_002410
BDBAGG_V112_001620	6c4b9713afd26938102ec92ab4bf83b3e9746a5e28409cf9daa0f44a6026460a	v1.10	BDBPAT_V110_000893
BDBAGG_V112_001621	128131fb5692d45ab423b5c73d46bdcf3a277c950600534f68ad56eb86d4c1d0	v1.11	BDBALL_V111_000013
BDBAGG_V112_001622	05d1716d2a23278dbef398f159553a799c436939a5aa04cf324ba9032aa58873	v1.9	BDBPAT_V19_000080
BDBAGG_V112_001623	b4c44fa47283932d72fec685e3e65a846b7a25ec7a21ba32f2448f514b8e5a0f	v1.9	BDBPAT_V19_002759
BDBAGG_V112_001624	4c9a6adb7afdb8ea49f88e8b6ee91e91a0dc6652d813ab3fae293f9a61b71c2d	v1.10	BDBPAT_V110_001987
BDBAGG_V112_001625	b36f8d9658e982a82db334b2d26ea21772396ff27a894b4d423825d9dd664f81	v1.9	BDBPAT_V19_002737
BDBAGG_V112_001626	b157c3dfedcf28de6dbe5a032d48ecd2f3c5d5e7abac1aba055340e63e1cdfbc	v1.11	BDBALL_V111_001076
BDBAGG_V112_001627	0ef97a1c4b960f395ffd7ffb2f17307b1ecc428fc6c09dcf60ddc9773e54c06c	v1.10	BDBPAT_V110_000328
BDBAGG_V112_001628	b072b9de8e205519b5a7fa64850f623941653e40f57519e6f80fe6eababca868	v1.10	BDBPAT_V110_001832
BDBAGG_V112_001629	dfcf065e6d64b648415c0f5cfa91bfe5300e2b56d944d1498e8f6d511a52d46e	v1.9	BDBPAT_V19_003389
BDBAGG_V112_001630	37375a189e90c180f0890288d67fa6e45847d8c7ab0894a783830853dfb22bbb	v1.10	BDBPAT_V110_001634
BDBAGG_V112_001631	933bd8157e1cb2b8560c542b732ce5066c3ecb169231b085017f39ac5c145f06	v1.9	BDBPAT_V19_002250
BDBAGG_V112_001632	2cb89b9c8d93a1cbf82f57f0f6e3d61c0aacd63fa0c52079656be09526d61920	v1.11	BDBALL_V111_000597
BDBAGG_V112_001633	3ce30e176393936618caa8693bf341b0506074a711a55a00121ba25c6329fc77	v1.10	BDBPAT_V110_000517
BDBAGG_V112_001634	9b06485009e7fc8d9d3bb648b219e3eb344bd3dd2511e1c94f5c438d83e36787	v1.10	BDBPAT_V110_002367
BDBAGG_V112_001635	92881e0db5a13f984db25947302bedab3955d5dfbe181e16968a1f727539a3ea	v1.11	BDBALL_V111_001077
BDBAGG_V112_001636	8eef245ee948cddc64b4da091edf1cdf647097c9af0e9ce95aee097590b11adc	v1.9	BDBPAT_V19_002188
BDBAGG_V112_001637	9180e88ca72200021236a7308640acda9366af025d2d1050797f833bca7b4ec7	v1.11	BDBALL_V111_000033
BDBAGG_V112_001638	19547ce6325b3547a6aaf57adc4b9fb0db733fae65418a0db28ac3955e0a8087	v1.9	BDBPAT_V19_000364
BDBAGG_V112_001639	0c2b24439701cffe0f068e78b16f553e8d29a48009b777ff9f00e36ccd499faa	v1.11	BDBALL_V111_000190
BDBAGG_V112_001640	ad10e3f4dbde7470f5fa9c8498844047620920d03400e404463fac57c5bad2f8	v1.10	BDBPAT_V110_001636
BDBAGG_V112_001641	02259b01ce548ce7b00170f81c32dea13d20bf27b4513a144399e01ff87efe70	v1.10	BDBPAT_V110_000110
BDBAGG_V112_001642	012298913241baf9dce8a807da81c244e9f5a971b0b7ce9c44543d829c2b8956	v1.10	BDBPAT_V110_000117
BDBAGG_V112_001643	14a13c8553fce2caebb25ca3974135379bfe1bcdbaf46721233f78916e063b7b	v1.9	BDBPAT_V19_000287
BDBAGG_V112_001644	fa53f8d97da5706b4041d272e96fb8ec7372465a7c5736f8d79a39bcd4ebde2f	v1.11	BDBALL_V111_000640
BDBAGG_V112_001645	9ad17d81cabb2f154230ddc0f6c15a4c6395c9e4d2426d123b5d75a57c60eee9	v1.10	BDBPAT_V110_002343
BDBAGG_V112_001646	732b7a834ffb48a45be7a694b442225254b67297721eaaad8cd63e84492b673c	v1.10	BDBPAT_V110_002110
BDBAGG_V112_001647	5e2e30bed8e5c2ea4cebc18e0a97774bef923704b01c9076d72e9d8257a6aa1f	v1.10	BDBPAT_V110_000459
BDBAGG_V112_001648	f50d469b2cdc74ca6727316e0b90ce4ffbfc2073e72ab3570daa80dbf9a4f077	v1.11	BDBALL_V111_000828
BDBAGG_V112_001649	dbd4cb622914c430529aacf26b20be8efbadc4891fd55afab0c5a8a4f862a5b7	v1.10	BDBPAT_V110_002015
BDBAGG_V112_001650	bcaaf882e6f1e096d87948c8373ef7ca3b67a24a0a7ac468a621429d77d1eed2	v1.11	BDBALL_V111_000108
BDBAGG_V112_001651	7030644c71aeb2a824fe45dbacc569dd08f0dc8e37b71492f5ff310a8a08b822	v1.10	BDBPAT_V110_001484
BDBAGG_V112_001652	4173e08619d69979649d20206cbc6c863890c34ad1c6c9ce5577957cd286febb	v1.11	BDBALL_V111_000613
BDBAGG_V112_001653	bf59558250b1d012610bfa54e4154650d1ed56b460e4062b0a0eb0bf9c16bf92	v1.10	BDBPAT_V110_001722
BDBAGG_V112_001654	e61359dac9bb44d49cad2a2c1fa2e933839ad1b212aa01b0c81c4cb54c901550	v1.11	BDBALL_V111_000567
BDBAGG_V112_001655	51f23ffec37bffca68d606901e9d01a7a3f9e7ceaa409d281f534dc7a404f946	v1.10	BDBPAT_V110_002095
BDBAGG_V112_001656	c046e0dff25db62c0fd6e9a02f4084575f6fe6bc47c61d4eab9b74be6f702ac9	v1.9	BDBPAT_V19_002914
BDBAGG_V112_001657	b1132aa3a044959453daaa004c21821a152f093e37b8334291967101c678bd37	v1.9	BDBPAT_V19_002702
BDBAGG_V112_001658	928ad73c03a20e7884b1b9b7ae724cfc439843306ba14751ad8376f8a791c816	v1.9	BDBPAT_V19_002245
BDBAGG_V112_001659	d40b094b1b38a369c7fa5350080ff0e6a37eee0129f68cc17a9c63f8af2d26a2	v1.9	BDBPAT_V19_003220
BDBAGG_V112_001660	e3d80defab947293ca7f15b66fc249fc271895680bad1eb3b7c545f88e88c218	v1.11	BDBALL_V111_000767
BDBAGG_V112_001661	2bbb5d0e2cd2d054aa879f6867daeaae37908d4355f630dbfc061dd85a3671c9	v1.11	BDBALL_V111_000547
BDBAGG_V112_001662	9ebacb7cfe6996f60e4be1e4e5bc767424124fb8b6f8cc0048254b078d0101f6	v1.9	BDBPAT_V19_002426
BDBAGG_V112_001663	6a3bfe36ebde7b20cfa730e3a9e1e049c2db9d12665cab0edfb20813608c45bc	v1.10	BDBPAT_V110_000544
BDBAGG_V112_001664	9118fb74bafd3adadc86a01f27915687f1c7b5e8b870d3d872b6e1d4806597e7	v1.11	BDBALL_V111_000020
BDBAGG_V112_001665	1de3502e4390401db314946ae46d8a213867ad7b8d6995e48c4e687750845968	v1.11	BDBALL_V111_000215
BDBAGG_V112_001666	cfeed06b28c88f536817db592d054bfe05a4ee931bfc312efd138c11bfae2606	v1.9	BDBPAT_V19_003154
BDBAGG_V112_001667	23cc1d9a402c019891277ca3e9f1e5de8b03ac340fde4c586519024ba1d1913b	v1.10	BDBPAT_V110_000483
BDBAGG_V112_001668	de01144059f3b0c92365333f8b131b29e3454b3099a056ef26f321ea21bad391	v1.9	BDBPAT_V19_003367
BDBAGG_V112_001669	0ea68c5a7973c0156c847ae7e924eb064f2e1151d37daeaabc81e28a3a560bbd	v1.9	BDBPAT_V19_000193
BDBAGG_V112_001670	41eafed0eb757c5d74fec334f852ea0e372fbb42e29b7d5054bbf3b54a98acaf	v1.11	BDBALL_V111_000064
BDBAGG_V112_001671	1de0669d63508b4424303a3f55f4544985d4679c2269371e43739e9ce2381d97	v1.10	BDBPAT_V110_000315
BDBAGG_V112_001672	1059865c3bc1a475bccdd76d759ea24cee975275d44a9e99a251712b2790b71e	v1.10	BDBPAT_V110_001423
BDBAGG_V112_001673	9f1158c14e8b2b7fa1616a81bdcaf90e2c4af894a2691ece58e554c7ec840c0f	v1.9	BDBPAT_V19_002428
BDBAGG_V112_001674	1344b93141fa281365530850aa686da2bcd531a0a02f91613f0f761fb43ecc88	v1.10	BDBPAT_V110_000412
BDBAGG_V112_001675	0323554bf26667cf4804301096d8107323eb991bd24197b2f64fb9536ace0ee8	v1.10	BDBPAT_V110_001045
BDBAGG_V112_001676	731148b89f68d13e3b2252c8758dc250b0f9c2eeaa50ad690ca9f66ec6d21f2d	v1.10	BDBPAT_V110_001441
BDBAGG_V112_001677	3ecf4f944c1a6cce595ec294ffe37acf5a6e531d6c3471cfc4102c16d9449d48	v1.9	BDBPAT_V19_000939
BDBAGG_V112_001678	c40baf7eb866afc88f84264b12a49b49f8dbf06e722ae1dab61f0675efcde598	v1.11	BDBALL_V111_000377
BDBAGG_V112_001679	09995529e8950a18cbbe59a144cfb02c7cc4b76b4e9a52ca41c6b2900f289880	v1.10	BDBPAT_V110_000255
BDBAGG_V112_001680	f84a4acacfb7ad6c9a0b269ab81335dcfde75f8b822ae32e21976222f53310b6	v1.11	BDBALL_V111_000880
BDBAGG_V112_001681	233f607d4e3c8baadf1993e833708edec21e35c29c2e233ee52e4de6e0424041	v1.10	BDBPAT_V110_000921
BDBAGG_V112_001682	62dac8de640c6ae161fc8ad20e57d298f3e1682e14ac85e5c1132b40147beccd	v1.9	BDBPAT_V19_001541
BDBAGG_V112_001683	4a6a0efae6181080ae40783ae5c33e818861ff4e6397c58f501d647872950768	v1.10	BDBPAT_V110_001914
BDBAGG_V112_001684	697247d8226567cf75161476aab32fcf1a6a0a117a12b84313befc019e766876	v1.11	BDBALL_V111_000569
BDBAGG_V112_001685	ee4ade93e7c1c03dd4b98996492af30af475006110868fd6d91f6eb44a63a037	v1.11	BDBALL_V111_000937
BDBAGG_V112_001686	d763689dc158a91ddf2c61ab85566bb1b9e7d2dd46fcd3a0e74c180024af136a	v1.11	BDBALL_V111_001000
BDBAGG_V112_001687	3e1f75340c4dda7223994038f90ee4fcf2c1590ce4ef382c9c03c7f284a02486	v1.11	BDBALL_V111_000676
BDBAGG_V112_001688	d9d1f454f6f59aea4d1dddb8d797fde19500f3c93890d689661c4e7cdb12849f	v1.9	BDBPAT_V19_003300
BDBAGG_V112_001689	538e0a19acc89b61a6c3ba2bcbc792e65cc6594c4f39430e00c73fd84b20b8c0	v1.11	BDBALL_V111_000113
BDBAGG_V112_001690	4f3ed58c1ec2165b0119be54fe620305cff56e807ae4082faadab8dd3a658b2a	v1.10	BDBPAT_V110_000884
BDBAGG_V112_001691	eb7a296aa4b816983f6cc4fd78798f5c7196995073ce3530e18d4cd659e40be6	v1.9	BDBPAT_V19_003575
BDBAGG_V112_001692	b0df92013b05fbebb7b8d07bb8a730815ac1dea193b422a9b0139ab6066acaf5	v1.11	BDBALL_V111_000408
BDBAGG_V112_001693	03dfc8582ef321b32434202fc74efc4306bd61a4bf3425b2b5661dc34d57124e	v1.11	BDBALL_V111_000163
BDBAGG_V112_001694	c554f76afe09b9a41c7c42f424d3b1fc4ae074f9b13a0e382e01043503284c58	v1.9	BDBPAT_V19_002986
BDBAGG_V112_001695	b280b1111b93681e91f5a61a3540322890310320df8555a8594685b1eb21173a	v1.9	BDBPAT_V19_002720
BDBAGG_V112_001696	24ac5e90dc0031cbf5dd465a7bdc3a818357039a208f9eca16e3bed1842dc3be	v1.11	BDBALL_V111_000057
BDBAGG_V112_001697	45e3e162c953d6a780b0b98acfca4a26f0eb973a14edf8e24fd5bd519f756353	v1.9	BDBPAT_V19_001054
BDBAGG_V112_001698	8618bb4f7e1ed7d63b60888e25a83957b45ead45b67a2d848013f5c68e425a9b	v1.10	BDBPAT_V110_000831
BDBAGG_V112_001699	342d5baeef3b57262b7fca5ddd6f8900e96f2eebfa65963405349f57803e23f6	v1.11	BDBALL_V111_000169
BDBAGG_V112_001700	19e5193ad4bd6fcfa7b33dd908cf86dfbc90f8ca4f0e33cbd9f6d689a31c41e2	v1.11	BDBALL_V111_000294
BDBAGG_V112_001701	d6e94dccef13ee5ecbbf7edac49b71ff6372e68347b51c45ad967c7d221756bb	v1.9	BDBPAT_V19_003260
BDBAGG_V112_001702	76add4e0156964a904bbf8e5f1bead82aa4650ff0331625006f24891636e0672	v1.10	BDBPAT_V110_001022
BDBAGG_V112_001703	7c3d4a3844b7634ac6e58bdb6438c3ab941a836ed272a95e1fcf4d803c34d1b5	v1.10	BDBPAT_V110_000495
BDBAGG_V112_001704	d4846d691f2368e25316a20cf3fece54dd74c76d9b0bf7d5e05b514ff2551647	v1.10	BDBPAT_V110_000416
BDBAGG_V112_001705	0281565a60781a34c841450af64555b9583afb5458dbcc79d043a0efed3a89b6	v1.10	BDBPAT_V110_000081
BDBAGG_V112_001706	07869d5d36987e03ad5d9a282fa2e4ea6164bff24ea31470fcf827abe980f33d	v1.10	BDBPAT_V110_000111
BDBAGG_V112_001707	42129a92713f220c1e7f9aa2060b2788acfdcf6bac7ba6a87fbf9c3af18b0cbb	v1.11	BDBALL_V111_000387
BDBAGG_V112_001708	2f7232460cc77ff0931013abc578caacecf50e60b41e795480959e8b92c20b15	v1.11	BDBALL_V111_000585
BDBAGG_V112_001709	01410444333005fede1b2dd647053b68070003d9e8a88ba933e2a168a5b82568	v1.10	BDBPAT_V110_000040
BDBAGG_V112_001710	777c47b06d234343e7ec1ae75ae4c683502c3fb2ee242ab69938f2f15d02c7ba	v1.9	BDBPAT_V19_001848
BDBAGG_V112_001711	11c0e424d17a9bbdbe9a015fb03a97b1a4dd9b2fed708f057b0a7217bc89b208	v1.11	BDBALL_V111_000947
BDBAGG_V112_001712	61a745fa17d7a24296d03be1ec29e5127eb593b3b0c07c43133ce1440a534333	v1.10	BDBPAT_V110_000675
BDBAGG_V112_001713	bd5ce27a076c17263808cb1131887ae9c86f1cbef5ca6c8468510268de4b7591	v1.10	BDBPAT_V110_001789
BDBAGG_V112_001714	06b585c0be28f73b6eaf249bc0bb96d18aec814e4e571ab911269ea7114f6334	v1.11	BDBALL_V111_000581
BDBAGG_V112_001715	08ce8c28ea08ddbc3816531e09613c8475f51708e96b41f5de3846be3a5b5379	v1.11	BDBALL_V111_000712
BDBAGG_V112_001716	2d08c575ace7809b727c85130df8a2c513e0b5d030b86addb6d4dbcc2f1c682d	v1.9	BDBPAT_V19_000670
BDBAGG_V112_001717	599ca7d8cc9275a1aa339814089fe35c29b057f80cb2bc4467cf59222c299086	v1.9	BDBPAT_V19_001390
BDBAGG_V112_001718	6e03ec1764c6e762ddca1d3731d96616f11fe4168826131e6f119e8d897f2cdc	v1.11	BDBALL_V111_000652
BDBAGG_V112_001719	d27119b948405ce1a513d0f11501ee74c108b230c3bcb055bed0fa1d4ac7feb8	v1.11	BDBALL_V111_000690
BDBAGG_V112_001720	0974e5b795909e573a12a066f4248fc3083f86ee365ad99f55b22632216ac509	v1.10	BDBPAT_V110_000983
BDBAGG_V112_001721	917f8a719803fddd316a268f3cac13c75101617a9490886ce8c797531b48eaae	v1.11	BDBALL_V111_000205
BDBAGG_V112_001722	40fabc60b56976625f1976738b21da7ec3d3a5201b39114636f84507e1d0b3d1	v1.10	BDBPAT_V110_000099
BDBAGG_V112_001723	dc925260e37fd2994fe3fa1fd9305ceda71dc9f6e0076205c8ff46cd5743df00	v1.9	BDBPAT_V19_003341
BDBAGG_V112_001724	5fbd5c983a1bc0027a5d5bfdd3456ca033d5d47e7f5c2d90460c023065238fbd	v1.11	BDBALL_V111_000553
BDBAGG_V112_001725	6075e20f730e4345ec45b4c1df2410c78be267f29164f744682de20d148ca930	v1.10	BDBPAT_V110_000880
BDBAGG_V112_001726	20b4cee2f7370feee490eeaa99fcbe53fa85d5a5b0a2193020960dcd1904bb44	v1.10	BDBPAT_V110_000543
BDBAGG_V112_001727	173ce9ebd37381e8d3cca0315d1a16ae74ba25913ed0e44d200e08e81fba3783	v1.11	BDBALL_V111_000960
BDBAGG_V112_001728	6cfcf71186ae598c61d08d874a5e48f99e3d7b46ef4c855b141ecc8eca034fc7	v1.10	BDBPAT_V110_000707
BDBAGG_V112_001729	80b56593c6650d5643cb9d6a0cd79ef6dfd7b47515ff2ad383bc580da36d166f	v1.11	BDBALL_V111_000315
BDBAGG_V112_001730	4be6c086d433c59131be22d8f7d8a6a78932f80b7c7913c0cbfd2199204a2a24	v1.9	BDBPAT_V19_001174
BDBAGG_V112_001731	8a9afbdf28b3ee3e48ec6bf9328fe00ede4e2cbe32662ae70dc7ca8d49b27f5e	v1.9	BDBPAT_V19_002117
BDBAGG_V112_001732	afe8fca4531180cd2e3db9411982c38a8389f5534279aff5e32bce0fd15715a0	v1.11	BDBALL_V111_000310
BDBAGG_V112_001733	c62ab214d87dd3fabccc93ccf9cca43a20ef97a96998665708b04e74bd21b988	v1.9	BDBPAT_V19_003005
BDBAGG_V112_001734	88cf9698a6d4807891f8ed24563aab5cd0705c138ee0c6c48ed9c3e3903726b1	v1.9	BDBPAT_V19_002087
BDBAGG_V112_001735	08a990719aeba040498bdde9f7cabfd3303a62674ff38bc4dd0bdee1a5ba8a6c	v1.10	BDBPAT_V110_000263
BDBAGG_V112_001736	298a2a66f73bbace682719d0a39ba6bf0faf54acd3dc715236077495f684b66f	v1.10	BDBPAT_V110_000913
BDBAGG_V112_001737	14c80d8e177dfeb8cbc9fc550505543bdff5cb0bcf53bb5f0ad3a0eea0248932	v1.11	BDBALL_V111_000901
BDBAGG_V112_001738	43173d1f752186ee0e9506dd13f7127310f9bc0b81b4a644b5599b5f27303183	v1.10	BDBPAT_V110_000931
BDBAGG_V112_001739	02e764844cb1aca3be0569858ad8ac277c39331e35d9de6c3257d20da733b9de	v1.10	BDBPAT_V110_000982
BDBAGG_V112_001740	e3812513d6099a534bc504207cfc71596020f6475b4408ce618e8b4fc8ad6adf	v1.11	BDBALL_V111_000005
BDBAGG_V112_001741	8ffbfe307a4fea3a1acd70b3a769e14b48438e855e45025c8602d89b33553176	v1.10	BDBPAT_V110_000645
BDBAGG_V112_001742	d60ed99ff1e5f421db107813e9ef6bb982007354f3004155a296dc1593ea693a	v1.11	BDBALL_V111_000818
BDBAGG_V112_001743	c645d2e0e32b9b110693f8c055c540fecc59889096a1825c494222a632b5fae2	v1.11	BDBALL_V111_000754
BDBAGG_V112_001744	00b2c731fc683acb0212e9c941843195a6f75dbfa1e5f966aab7690e2025aaff	v1.10	BDBPAT_V110_000024
BDBAGG_V112_001745	958f9059d1ab8f1536630bb0219457bc7509ffe6d7e238809770a3e53dd68e93	v1.11	BDBALL_V111_001027
BDBAGG_V112_001746	ffa8cb9bf487673935e430e8b8d31e8bc8b33c1aea42f37fe4127ca94d592128	v1.10	BDBPAT_V110_002165
BDBAGG_V112_001747	d67fb2702378d017588561e8b46d2fe92d7e72b367936e6d62acfe8f507974b1	v1.11	BDBALL_V111_000267
BDBAGG_V112_001748	db3d5942f56051f44725bfdaae76ee68193627721e1f58892648efa3c1327818	v1.9	BDBPAT_V19_003324
BDBAGG_V112_001749	1166cc536f947f70cd33a5b05f805bba1f494248f71a01edb649c26db14ba935	v1.11	BDBALL_V111_000645
BDBAGG_V112_001750	36213b90e3a6aaa06d33945065f68cdb0c03462b0e7eb45d24e381c9dca01c28	v1.11	BDBALL_V111_000945
BDBAGG_V112_001751	5a76726bbe6cd3eb739e41b3aef279673f9c251c0d4e16ed1daff1c1935daf6d	v1.11	BDBALL_V111_000424
BDBAGG_V112_001752	5cc240f81dcccf13491161407e5570fd124e567ec893ef769b50365b3e2da97d	v1.10	BDBPAT_V110_001652
BDBAGG_V112_001753	612dd004d771e9cc8c55e3244488d2862d9981c57836393a0abc363a82ebc6cf	v1.10	BDBPAT_V110_001239
BDBAGG_V112_001754	5c48d50ea3ffa025e6622ac1c3524e33deb3f71673d2cb3ab73c618fef953548	v1.11	BDBALL_V111_000384
BDBAGG_V112_001755	34572340f7f321494634d7e090c2c760a99a225441de343196ad06e9e7ecf164	v1.9	BDBPAT_V19_000785
BDBAGG_V112_001756	f7fd1446f4d414f41f2f4decb5ad564071f1f9d81db4777edd025bff9864d515	v1.11	BDBALL_V111_000599
BDBAGG_V112_001757	dd5c8d95230527e908b73dfd725f470d3d4ab98f5c5c98cc46d6341dfbd8d2f5	v1.10	BDBPAT_V110_002031
BDBAGG_V112_001758	b4339e4d85c7613cabaae37db0b4b786344f358d37d207136c296fddc3fd4d3b	v1.10	BDBPAT_V110_001644
BDBAGG_V112_001759	a5236b80e0e3477341304a7b62840ec81cd3b847eb39fc9708471a4a3914dc84	v1.11	BDBALL_V111_000288
BDBAGG_V112_001760	5113e8768c1a06ae128b2f2d384f41c62b56a19caa06c8acba0566f666e575d3	v1.9	BDBPAT_V19_001269
BDBAGG_V112_001761	484a3e528edd7d31f8038b7b377b95e8785c1a5e36db59003809cd074e936918	v1.10	BDBPAT_V110_001669
BDBAGG_V112_001762	8a21532f85c2d412c4e02de43dc4e1982fbdc95c7cdddbb9b0fb57adb80edf61	v1.10	BDBPAT_V110_002436
BDBAGG_V112_001763	0202c671ac6ebbad035c752549fd3c4f8908fe5ec15a46d637894302cc758f13	v1.9	BDBPAT_V19_000032
BDBAGG_V112_001764	3550364573d75e789d96d44378ef2e2ada9209aab90215217aa9418efd2b17dc	v1.10	BDBPAT_V110_000386
BDBAGG_V112_001765	52cad309732326ac5e59b7ae5f5e4a237911c2db7d059624201c799f4799025a	v1.11	BDBALL_V111_000742
BDBAGG_V112_001766	ad61268802a1286e9a3fd95f6159e36fcf40b631ff063fcadb0e64f1783ba0b1	v1.9	BDBPAT_V19_002655
BDBAGG_V112_001767	248e68604ac04128c48c015c383c78ad41431c8f87202b9724ba785722d88d63	v1.10	BDBPAT_V110_000194
BDBAGG_V112_001768	3fb5a321bf35fa55893b22d7136a9ac8def2cd6229b49a64951ab06397ea381a	v1.10	BDBPAT_V110_001321
BDBAGG_V112_001769	ff7b21a3281f482ca530138d4ca8ef953bc4100c3fde8b48c8d04e23a7516bc6	v1.11	BDBALL_V111_000228
BDBAGG_V112_001770	08026828459253e8cf4641171cb3d3b0568cef2ba19f218c50e7868b59a7163a	v1.10	BDBPAT_V110_000005
BDBAGG_V112_001771	c4a5f423471d25774436b1ac4262d3f36eb71b155489c70d30913b6ae7a677b6	v1.9	BDBPAT_V19_002977
BDBAGG_V112_001772	8eb33dd3530bb8217ea8d1ab822a8bb12741a7b166758ac20440810de16e92eb	v1.9	BDBPAT_V19_002185
BDBAGG_V112_001773	37979e8c32b47634ae4ca01525b7fab20d2e3917a65e752248cad2a57cb4ce25	v1.11	BDBALL_V111_001008
BDBAGG_V112_001774	d8456cb77bb0d90b381ee2ad584629f0ffa3ddf868774efea5dbd6bc4de22772	v1.11	BDBALL_V111_000673
BDBAGG_V112_001775	8a98744fb286a46f7dadc055b1606e38e4c7ce1a9943c732a74ae19a48a5ee32	v1.9	BDBPAT_V19_002115
BDBAGG_V112_001776	d74dd3952e04f88f238652a3e4464e6d85246626d383edbe879a0477a07d2d87	v1.11	BDBALL_V111_000836
BDBAGG_V112_001777	0109f8eca0dfedf89c55c2451bc9d086604225579984392bd8accb3ba4d8105b	v1.10	BDBPAT_V110_000626
BDBAGG_V112_001778	bd82ba7eabd0a02cb595d38249dc853e819bf95566cdd4ddd3f6c7d33b623843	v1.11	BDBALL_V111_000134
BDBAGG_V112_001779	322979fcd8df6fac900404c435417a0ef37318e8f0c9e6b47f57d277dd6f60b6	v1.11	BDBALL_V111_000145
BDBAGG_V112_001780	72767734aeda75825708a07c16d781fdcb55cd031aee8d909cab06acb9a81f20	v1.11	BDBALL_V111_000392
BDBAGG_V112_001781	3adc8eb2abd1faf7bc54d4a8d6932523e973d5fc63ff3e64847cea9d6f0950ee	v1.11	BDBALL_V111_000509
BDBAGG_V112_001782	b3df79a10784d8a9ef0181ea60968117849f68076f728b8b91c9c80b4793d66c	v1.11	BDBALL_V111_001025
BDBAGG_V112_001783	3882cffc3c85d66eb18d7decfb420802f6b5e48579cd93dff80225a0920724e1	v1.9	BDBPAT_V19_000853
BDBAGG_V112_001784	9073929a4e2e962766a68e7e78cbc7b91915c7689da59597b0dbcc9a206b28f7	v1.10	BDBPAT_V110_001200
BDBAGG_V112_001785	f842319f520a97eb9f167106f139895900d289ddb831d742f4790a093cc225a0	v1.9	BDBPAT_V19_003760
BDBAGG_V112_001786	7af1e81b41beb652135e064f3020c7f5272b84d4247316683f9d1097ce471809	v1.9	BDBPAT_V19_001898
BDBAGG_V112_001787	cb361e827333055caaff25c5c35ed5f68490f80bf7a56653a42a32ab3818b2ea	v1.11	BDBALL_V111_000555
BDBAGG_V112_001788	3e1ae579ccc57f9b8214928da18a3cf1f07e4bd83b553c94db03d9a74c3223c0	v1.10	BDBPAT_V110_001297
BDBAGG_V112_001789	07026b53cb637d4433c76576a17122a128365016cd5197aa5e88e6ed60bac1bb	v1.11	BDBALL_V111_000357
BDBAGG_V112_001790	a03f6e6aa50d8cc4123a9833a9c840c8b3b4ee2290a653fd4933140cb2a6f995	v1.11	BDBALL_V111_000467
BDBAGG_V112_001791	0513a5575d4ab694b9e764d0a49bf811624ae071b26f4bae5753e7b0f7dd627c	v1.10	BDBPAT_V110_000176
BDBAGG_V112_001792	41761ebe0b4f2923816edc5d87b6c0160a08d591df772a76416c78735ba42411	v1.10	BDBPAT_V110_000794
BDBAGG_V112_001793	d69a6279b4fa9fdb8b8159f13a186252eec6d2ee1998b773f8849d63252b021e	v1.9	BDBPAT_V19_003252
BDBAGG_V112_001794	d1f1770118b5b79d8b166cee446535204963df1727cfd0a15495c6410c27beaf	v1.11	BDBALL_V111_000549
BDBAGG_V112_001795	17087cc8664e547120519671ffd5eeebff93d3ba77b28f331c797f0fb582b2a2	v1.11	BDBALL_V111_000916
BDBAGG_V112_001796	b0f6741869c05e5dc016457c5e0f7f3021eb679dbbdb183fc8203dfaa772ae92	v1.11	BDBALL_V111_000150
BDBAGG_V112_001797	3d164dc7acb2cc95c001523c3ce67c4ea8b32e62508ed089fa0d9bb353a679b4	v1.10	BDBPAT_V110_000334
BDBAGG_V112_001798	5575e5957a99ee7aad3d7df7d5926b210d54ac0e9f9b8d2a733b25c57d42ff10	v1.9	BDBPAT_V19_001324
BDBAGG_V112_001799	3c4da92fa3ff5708499989c0218433538993b99868ed76d25d4416926bd8beca	v1.11	BDBALL_V111_000122
BDBAGG_V112_001800	2d42f5cb7deecf4039e04c292c46b8088aeb15fccc3cad83d96fa18432f6d073	v1.11	BDBALL_V111_000642
BDBAGG_V112_001801	fd24c1d73a5c50307084f3c244fa71570b2aeb1be1ca4a4faae7bbee396120a1	v1.10	BDBPAT_V110_002393
BDBAGG_V112_001802	80d61d673a071e5f2d06ace80f5e65beda3ab7a73dd141bc6aa3c42c66fc4088	v1.11	BDBALL_V111_000656
BDBAGG_V112_001803	4350977a19da1d7fb8ce8a280cc3d0ad52c0592feed22042a3130900c955a97b	v1.10	BDBPAT_V110_000109
BDBAGG_V112_001804	a03c5348133eb1cdbe21972eedd6019da6b1c8164a2718336e44702aa7727542	v1.9	BDBPAT_V19_002441
BDBAGG_V112_001805	6c83f3caa095294e45b0fad3952855e0a6421a1cde03046f96429bce4bffa11d	v1.11	BDBALL_V111_000289
BDBAGG_V112_001806	a1b26b9b64d306d74cf8a0ac5371eb29cf18324992ba16eb3a2de89a7b58d9b5	v1.11	BDBALL_V111_000223
BDBAGG_V112_001807	cc9f0e661e514921e947ed171ad0ef6e2571f2bb6afca22015ddd047068230bf	v1.11	BDBALL_V111_000766
BDBAGG_V112_001808	c8f8e6ba9698374894c697e29f0e9e8f5bf3c2655521d620a83c14c98b2fb931	v1.9	BDBPAT_V19_003052
BDBAGG_V112_001809	6e95ebc42147bbd8822bf9e57f688f95e4cb39a41734566788b66f0e60d2fdd3	v1.10	BDBPAT_V110_000682
BDBAGG_V112_001810	63541b9058f755531f875ff06e43bca65ba72ef68a21e9e95fb5c9d4c6090bc3	v1.9	BDBPAT_V19_001547
BDBAGG_V112_001811	846de483e52a66f3d85faad12778579935e3d3aed4627cc918d5aab5af3bf4f9	v1.11	BDBALL_V111_000946
BDBAGG_V112_001812	c1af1fcceca845f09cda21e4332baae638520a519c737d1faea842a6f93c92bd	v1.11	BDBALL_V111_000859
BDBAGG_V112_001813	0419d8b73f46b1a5180032882f109f3faa6c58374133ac635926c5789dfd63e8	v1.11	BDBALL_V111_000153
BDBAGG_V112_001814	271c5aa6f099059a4d1592aaa39d744d9329da0c985a0de6ff0e0673f429ed67	v1.10	BDBPAT_V110_000774
BDBAGG_V112_001815	cf42614e6bd9fa12881ca61d70cb09aa74e749ba47d6fdd93ff874fb42837117	v1.10	BDBPAT_V110_001923
BDBAGG_V112_001816	133a969386c0e86c66369eefe35489c2c78842ecd49d781c8ebf808c7c076ff5	v1.10	BDBPAT_V110_001563
BDBAGG_V112_001817	2ca9724715cd184860abead56c29a889ad0a9f37dcda71fc98dc0723dcc3a769	v1.9	BDBPAT_V19_000663
BDBAGG_V112_001818	4a71b99f8313538d306d0f98134c18dff4ceded470d7381f8e1ad9f74be98508	v1.11	BDBALL_V111_000212
BDBAGG_V112_001819	6250360a9c85ed9c67ee9fb63ea4640fa45bfcfa63929bde64b5e5d9934d0450	v1.11	BDBALL_V111_000874
BDBAGG_V112_001820	6316586f708ce771e30d54d1453b2aaa55d72152c55eeca8586bda193bc76118	v1.11	BDBALL_V111_000688
BDBAGG_V112_001821	c7a70849cd5ee4955d39c3a24a46b3455676590990040df989b4372d2df542e6	v1.11	BDBALL_V111_000955
BDBAGG_V112_001822	eafd8cb4a6b089da0fbcdaaa18fee31018325bb0e96588c885e010bd95a483e0	v1.11	BDBALL_V111_000886
BDBAGG_V112_001823	4e94553276652a938059f1fb80d8e348c55aeb4b7eaad7879046256d74eeb3bd	v1.9	BDBPAT_V19_001224
BDBAGG_V112_001824	452af77537127e6aa5d17255b48de5b5c84c0e20f0ad0e5176cf44c426229562	v1.11	BDBALL_V111_000241
BDBAGG_V112_001825	b125a7f056fb6a5fbc65a7320e1c7f3ec6c221ac640e0d7d43dff2659ecd32fd	v1.11	BDBALL_V111_000541
BDBAGG_V112_001826	8a67a265a93ec3ebd92940da187d79b215077d71ded71f0d8eea6e7ee69f8d35	v1.11	BDBALL_V111_000162
BDBAGG_V112_001827	734399c12a73973b6f017217ce72d499b0441a4e2ec6cd1336b9947668f891c6	v1.10	BDBPAT_V110_000383
BDBAGG_V112_001828	c744e373b5529a9e50186bdfd6409ee8e5e08ebd25aca081d889a6b9791ec170	v1.9	BDBPAT_V19_003019
BDBAGG_V112_001829	2bb3543f0cd014e107c45f932e0f440313a3d6f13c5f3ce2f34745ea2b0b6cbb	v1.9	BDBPAT_V19_000645
BDBAGG_V112_001830	7e5f2cc301dab9e6243f6291f0a8a39c4aa32f85ebc7072ad8467dc027872b6b	v1.11	BDBALL_V111_000843
BDBAGG_V112_001831	fd65893bdac4d4be64c55d4cf607fceecaa7bf4763e4d31f47e29b362b92def8	v1.11	BDBALL_V111_000909
BDBAGG_V112_001832	34a261270dcbb303b02a5070528d61a39bd27eab6fbdb9472ba902d668e71a9b	v1.10	BDBPAT_V110_000847
BDBAGG_V112_001833	ad344bc5729b29bc2bd05027cbb3a83f5aea740110ab76b57ac4abb65609ae82	v1.9	BDBPAT_V19_002652
BDBAGG_V112_001834	0631b3a5704e6ba526799815ed9ad274345bc74473614660b47929bd219bdea7	v1.9	BDBPAT_V19_000088
BDBAGG_V112_001835	573b67fd86d4f6e29e99119b1ffa9f3df820fe95f0c23c8f6ceb41f0b1b52cf5	v1.11	BDBALL_V111_000364
BDBAGG_V112_001836	e17f8a4b8ab426b4dbef8837c0dd68390f56bf133591874fe5cc422b1cce05da	v1.9	BDBPAT_V19_003419
BDBAGG_V112_001837	a0029e62c41281b985dcd0863080151ff41fe974af860112e4a0abc026c5f1ba	v1.11	BDBALL_V111_000691
BDBAGG_V112_001838	959183734b4839adbaca7eb647878bea4956106a43fe3fabc831ce6aa91b8eac	v1.9	BDBPAT_V19_002289
BDBAGG_V112_001839	85a871a2a9648d629ae99036e951e2da1868737790f4d7335e55ceb0c2da206f	v1.11	BDBALL_V111_000395
BDBAGG_V112_001840	a9acd044aececa65e45c5861208320ed46e07d06a037f2fb60f5352cd689ffab	v1.10	BDBPAT_V110_000532
BDBAGG_V112_001841	a12d90e4a185be38e93ff19adf6bd8f6eebc01bc295048f0a76b263f9ed8239f	v1.11	BDBALL_V111_000635
BDBAGG_V112_001842	cb5e88bc62151e7b02b8ee5b39f795dd7978c621fa7b7c71aa45999a0b6d9b0b	v1.9	BDBPAT_V19_003091
BDBAGG_V112_001843	30a4130747dd367269e43d7a2f3b04c38c53bbf6a2809713a67662843da9a177	v1.10	BDBPAT_V110_000312
BDBAGG_V112_001844	371cdce4ccdfe72cf5973b6e08359a4e8871dd8d2c998494e473408a0c6becce	v1.11	BDBALL_V111_000988
BDBAGG_V112_001845	105d3e3103afd109f0ab7865c30b1308592b56c5e0172b41578bdc075a455979	v1.10	BDBPAT_V110_000419
BDBAGG_V112_001846	c7debea20cff795799623b9eaa2f270f76e7c8769ce87415f6e9932c69b42269	v1.11	BDBALL_V111_000542
BDBAGG_V112_001847	4b8145566d779b39c4761de1d2165bb47da3f6aceb2ffe81ceddb64778249f28	v1.10	BDBPAT_V110_000584
BDBAGG_V112_001848	b177b9716e2a33ab13e797b20e85f7b5b7071b590084d9b7cb67ab18978b8d8a	v1.11	BDBALL_V111_000519
BDBAGG_V112_001849	fd3e5401818847cbb1aa6faeaac78bed3ef121a0b4ee1e1b9ae4c40505cf7547	v1.9	BDBPAT_V19_003832
BDBAGG_V112_001850	ba4dac292ca0ae8d0563292cf94105a81f972ac74537ac3653e9af3f5d17f310	v1.10	BDBPAT_V110_001482
BDBAGG_V112_001851	d647872495fe6972475c2c36d8e5f3be1a28e98b4f3a6a98306acf37c4a9fffd	v1.11	BDBALL_V111_000663
BDBAGG_V112_001852	b46799ca14768e6464297dce27febcd3ac8d60367d254fcacc1fe67b54ee8f91	v1.11	BDBALL_V111_001012
BDBAGG_V112_001853	096336e86aa44fc82d6e771dcb4bb331bbabe5422265c55d08bd18c7ba675f5b	v1.11	BDBALL_V111_000055
BDBAGG_V112_001854	d1151b80086b865c3c355472fcaa14047bd3dcbb1560c4f576542ae45b37b28b	v1.10	BDBPAT_V110_001962
BDBAGG_V112_001855	421de68361953e6217f9dc2f96d9b243270a4c0a6fd4e83067fb255777ca5b98	v1.9	BDBPAT_V19_000990
BDBAGG_V112_001856	18eac4f6b2b924d7a9248d7a6bd11c14cfff89b41fd96f2e7c280d2a8e82fd57	v1.11	BDBALL_V111_000409
BDBAGG_V112_001857	48de16f1b1bded767e1fff09af28d78d5874a0e2423855aa67173bc989e81cd7	v1.9	BDBPAT_V19_001113
BDBAGG_V112_001858	88b99b1af3ec3a47f781876a446e43882a2f05a3b187399622cb34c2cdb8a16b	v1.9	BDBPAT_V19_002084
BDBAGG_V112_001859	bf8062f5e3deae7d0c673dc74eb3de2abf1f0309ab4f0710432e313f9ab455aa	v1.10	BDBPAT_V110_000702
BDBAGG_V112_001860	4d1f7fb7f0299e814de5b6ce8561338d9a8abc43bf64258ed87cc51eadc7cd22	v1.10	BDBPAT_V110_001232
BDBAGG_V112_001861	858d70bb13dd73d43c3f050c91e5340027d4f52fa593953dc6763232e2bb9a9e	v1.11	BDBALL_V111_000328
BDBAGG_V112_001862	eafdcd0f881d8e337a75051d29934353137c9e61a9b50fb07d2f01a72c81b3ef	v1.11	BDBALL_V111_000931
BDBAGG_V112_001863	6e28a38cd02a25ad9203171ae56c1d93640dbe6b6f65f5accf9d411723504520	v1.10	BDBPAT_V110_002089
BDBAGG_V112_001864	071d2bff1b5d7e73da4e2d8097f2460b3a30a85bc3e103f54a4d4bb69a64cbd0	v1.9	BDBPAT_V19_000096
BDBAGG_V112_001865	63ee2f709b51591240a03650b777b4c58a46f8b7f2a6aaf84d3fe32223930860	v1.9	BDBPAT_V19_001559
BDBAGG_V112_001866	1797b1bc0d11df7aef55a7b9ac1a1d09b040cd0140dace868493f5a567f6b14b	v1.9	BDBPAT_V19_000334
BDBAGG_V112_001867	57502da65381d2d7683fb0d213700e4f6e772bf197c8768e170f657bae583f66	v1.9	BDBPAT_V19_001357
BDBAGG_V112_001868	5c18382420787e2f600fb6b1b0a594c093c23547c8d840eb8dfe3e8312724f98	v1.10	BDBPAT_V110_001217
BDBAGG_V112_001869	6f36fd0119f7fab0c9d62379f29737fb941240795f67d83e424f1e9e40f2d34e	v1.11	BDBALL_V111_000431
BDBAGG_V112_001870	639f68b07772bdae0618181dfc1088bc00dbb15cf17daf12ad9b17e6eecf9cd5	v1.11	BDBALL_V111_000452
BDBAGG_V112_001871	96c03e834c8d64212bf676f00f7b6decd37f9868c3134b77ef7bae0b9b612152	v1.10	BDBPAT_V110_001561
BDBAGG_V112_001872	e860b812a5161775db323d2120d72cea18e94fa2bfe2f86cb741075c51315fad	v1.10	BDBPAT_V110_001745
BDBAGG_V112_001873	44f4002ec25dcaac92684d55e1ffc3bc9f0cfdb8d94f105d976e8bf0193c572e	v1.10	BDBPAT_V110_000197
BDBAGG_V112_001874	32529d5258aaa4a8c927e669b050c8ff68512bed19a75e52cfded1c3797c1c16	v1.10	BDBPAT_V110_000858
BDBAGG_V112_001875	720d0873342e561ff4ddd643f90e229923813103211993e4244aee956dd0e69a	v1.10	BDBPAT_V110_001271
BDBAGG_V112_001876	0d45ab61100d6db201530ab69e749111eb102f044392a58845c96d58a971307d	v1.11	BDBALL_V111_000435
BDBAGG_V112_001877	48655e36bacbaf361f5cbe427f2784d3c87e97a2817c4a93b3e0d3cc942ca12e	v1.9	BDBPAT_V19_001098
BDBAGG_V112_001878	9525f6fcd9beb11f13f902d000c0026ddfc6eb74f3820c685bdce7c9432da007	v1.11	BDBALL_V111_000607
BDBAGG_V112_001879	a17caa3520041b0fbf41dcc6ab631c45927d1771aca4e4a14c397fd3c231557c	v1.11	BDBALL_V111_000932
BDBAGG_V112_001880	1afb329936247044402298a328bff99fd4ff02c3b58537efbe5b919dfb7043bc	v1.11	BDBALL_V111_000092
BDBAGG_V112_001881	a6430d158d16edeaf6f60fc6adf7b7f5b234b936233c44939a0fda812a57a724	v1.9	BDBPAT_V19_002530
BDBAGG_V112_001882	f2007763eb9effd47ab215fe68d33bde2284708ac2537a08e699dce3b54781e2	v1.9	BDBPAT_V19_003690
BDBAGG_V112_001883	a842f108e61c28ad0c6bb3fdb04e53d2a22f48e5bf8384b86abb34a11978f048	v1.10	BDBPAT_V110_001189
BDBAGG_V112_001884	7e858976db0af03d7d8bc5b2aee2dfb9bc41615c0283a9db9c7c373e7c850102	v1.11	BDBALL_V111_000660
BDBAGG_V112_001885	9643262fb46763d211d2f94f5b613ace09ff38972f7484dee3048099f686ce79	v1.10	BDBPAT_V110_000546
BDBAGG_V112_001886	c3c201fe62811b9e0d91bd0d105194b16d72c87151c7bdcaecbdd78b5b841743	v1.11	BDBALL_V111_000098
BDBAGG_V112_001887	47e6464fe83a2569145c586c550bba4ac89b992e661b59ced61c3d0ba9feb99b	v1.9	BDBPAT_V19_001086
BDBAGG_V112_001888	b081d64440c4590777ba356ebede034e6273d15bb06f79f87d22091ba5c6c5ed	v1.11	BDBALL_V111_000329
BDBAGG_V112_001889	7439d2e25f6c947d48683e253827e4ca59d665df3cd8c6ac6aa0ffce777b9fcb	v1.10	BDBPAT_V110_002161
BDBAGG_V112_001890	e7a313fa814d936dd82d3d5f941311205cb192783fe6d85a84472346a7f36dc0	v1.10	BDBPAT_V110_002142
BDBAGG_V112_001891	2f4de48ca3f31b7bdbf555a6a757d839e220024a60f21433a67eba01ef6da162	v1.11	BDBALL_V111_000093
BDBAGG_V112_001892	64d56714a0b1902b85166f1a84710c41be7b06d216ac34a08c2a667d86121bc7	v1.10	BDBPAT_V110_000689
BDBAGG_V112_001893	a34b51908dea1397c4c4492e950e460a76ec55b7a4f21718c5b99713c658b950	v1.9	BDBPAT_V19_002484
BDBAGG_V112_001894	e137fec27068d7d44f20bdeea95cbc01d9570893c076393ee26474a800dfe59f	v1.11	BDBALL_V111_000185
BDBAGG_V112_001895	dbf627fcda950a61e4cebcabcb8d6ea583b94e87b5bf0bd8dbb6f86d3b53e879	v1.10	BDBPAT_V110_000706
BDBAGG_V112_001896	31639b8bd361b8a1934cc8832fac5dd6ca1d5b41b8c03d76d96a0f3ce3ee1c4b	v1.10	BDBPAT_V110_000719
BDBAGG_V112_001897	0606b00ef40ce1e304a7a1277caf05a4fea97e5f38b5915b08db4dc8b0a7ff2c	v1.11	BDBALL_V111_000343
BDBAGG_V112_001898	8da90ef544fc71808c6659fcaca8a1ca75b9974a6984ec90184bd6de0dbf8fda	v1.11	BDBALL_V111_001023
BDBAGG_V112_001899	0e775110ef2887f2f973baaf788b7a58733eae58fbdff5badb720cdb2881b3c8	v1.11	BDBALL_V111_000095
BDBAGG_V112_001900	d359668464adc5f6bd623403ca220485209ea73fc4288183875a7ac232de5635	v1.11	BDBALL_V111_000778
BDBAGG_V112_001901	4f4fdf2c0e42ae7efe7416cb2f93f1a9be560f80492fd485493c77ff20864cf0	v1.11	BDBALL_V111_001042
BDBAGG_V112_001902	50b24f7e70e44552ca5b92e9f314d8cad3ebe309d2a9c1ca11af6003faf70b0f	v1.11	BDBALL_V111_000929
BDBAGG_V112_001903	42f80cb276ee18f0398986c14638276da826483f8f837044083e5e59a3cb0fcd	v1.10	BDBPAT_V110_000512
BDBAGG_V112_001904	745fa54238ca1bfaa6a4c88851997e616e818f2bf198b264a78caf463ab35dae	v1.11	BDBALL_V111_000477
BDBAGG_V112_001905	07d92eb731f2bcd5ac95ca23590cead576b563d4b4f3830ba9eb71829f0fede8	v1.11	BDBALL_V111_000421
BDBAGG_V112_001906	11f42594fb18b6f3fa3d22355bfb04c0951a9db4b56bf92772b00420847f65d5	v1.11	BDBALL_V111_000686
BDBAGG_V112_001907	e00c08dda0537a762184e0eb17af0956550850975e5e5882d815aa6c0a5a4048	v1.9	BDBPAT_V19_003396
BDBAGG_V112_001908	0c691eb8ad555b4ba3e1c99f6485582bea197e8855a3216284b215d7030e68d5	v1.10	BDBPAT_V110_000339
BDBAGG_V112_001909	90f6f27f7fad011e7cc775a08f58e4eb874f24a2c8a67b5823d2bf8969be83f8	v1.9	BDBPAT_V19_002227
BDBAGG_V112_001910	bd785a42f875f1699a38a305ab26085bd9d3bf3b560ca5d638920d38add55cf0	v1.10	BDBPAT_V110_001828
BDBAGG_V112_001911	47edcaaf784e00f3dd1ba08f0bf3e1ba12d51c1c9edb8ec158602077f8c02028	v1.11	BDBALL_V111_000769
BDBAGG_V112_001912	7b17b6ccaf982cedb88d64295cf6f33170dcc491ecf7962bf881df92ab9151eb	v1.11	BDBALL_V111_000711
BDBAGG_V112_001913	eb0a686346e7030dc4c0519c1a6a837a469a49da2547437ab6b9d5428511a61e	v1.11	BDBALL_V111_000999
BDBAGG_V112_001914	a46ac6a71a3ff6a6dbb830e95dd261949f82274ca30191d89f8791985cb68013	v1.11	BDBALL_V111_000795
BDBAGG_V112_001915	17b30652e3cb352b5f381f4754a8fa5bd82ad0a4dfea3745d558e63d43a31f25	v1.10	BDBPAT_V110_000423
BDBAGG_V112_001916	01656dbbdef9d2dfddc7ac6c4b6fbb7ff4e7c8a87d5ce3bd9e390e82d9636dd3	v1.10	BDBPAT_V110_000701
BDBAGG_V112_001917	ab6a91448194e21479b1f9b8aab71de649fcb4dd594331ca0a03aed3088e701d	v1.10	BDBPAT_V110_001385
BDBAGG_V112_001918	0c24211f6088a5ddc023109112ae580bd1df6020e2a522da35f73b4bde69c928	v1.11	BDBALL_V111_000264
BDBAGG_V112_001919	f69f19e49ee507fe17037569532d534eb4f87d441bd5dce100d25f1dae73c36b	v1.11	BDBALL_V111_001057
BDBAGG_V112_001920	9c3388659053944329e66e1d4792d8559def82dd6d1bc472d5276f550766eeda	v1.9	BDBPAT_V19_002384
BDBAGG_V112_001921	094ea92164945d18e0365facb43e1337f034feea608b87db2f873ada9592452a	v1.10	BDBPAT_V110_002214
BDBAGG_V112_001922	6b180103570419ed14a5ba1a761030192753de836fc213f4fca6b0007afe41c9	v1.9	BDBPAT_V19_001659
BDBAGG_V112_001923	3076f3ebc53263860ba55d87caf06ebff6bf2fb9d761ef45243b90484a3f6825	v1.11	BDBALL_V111_000123
BDBAGG_V112_001924	2698c8fca0aa8b72c41a439f85d0f75fcb4682e53614131465fdb5e5c5bfcc22	v1.11	BDBALL_V111_000017
BDBAGG_V112_001925	10fab1b6d5aee745d60d1d03a13e9d6c9ceb1776adf08c250edc02945671816b	v1.11	BDBALL_V111_000224
BDBAGG_V112_001926	5f23e3c2305579ffa205955584fb70ab2e38c2d2f6ed03b3553235bd34224339	v1.11	BDBALL_V111_000109
BDBAGG_V112_001927	5478a11a4185c3d32f39c0781b25cea41fd2075465dd3075b319678036d646e4	v1.10	BDBPAT_V110_001044
BDBAGG_V112_001928	16caa083cef80a0a32cf474c88ec90e6340b8566b71f7c46ceb6520749161652	v1.11	BDBALL_V111_000284
BDBAGG_V112_001929	dde0e36c976c152202898b4b04428094aebeff2e432a339afd203ab91854c93b	v1.9	BDBPAT_V19_003362
BDBAGG_V112_001930	ea658a5c449f5d4e0bc06328c950a1fabd807c82a38dd58cb368131b0a4d1886	v1.9	BDBPAT_V19_003559
BDBAGG_V112_001931	6b6a93ff5a51be84c8a82d1a7f89fd4cdab42cef35962245c85264c2009fde76	v1.9	BDBPAT_V19_001665
BDBAGG_V112_001932	b09b080d4375d71d5bc667f22a2a6017f5799370ccdad5c5e37e5673b08720cb	v1.10	BDBPAT_V110_000904
BDBAGG_V112_001933	da1ca9e83ca323c40194ee74697e034f12ddf7f8fcc483f3e4584c5c7bdc2a0e	v1.9	BDBPAT_V19_003305
BDBAGG_V112_001934	be5691601174836abf74d1b28ade2f0c14ccc8cdcac9ca698caf713f8289d682	v1.11	BDBALL_V111_000780
BDBAGG_V112_001935	43776634cf2eee9512079cfc08afe5dd0c2c72ec816468864cbb95cb0e2626c0	v1.9	BDBPAT_V19_001018
BDBAGG_V112_001936	c09bec63459073a48e72fb69d35a1003b56761749e81f7db9083f09315b8fd97	v1.9	BDBPAT_V19_002921
BDBAGG_V112_001937	f807b1e0b8db5d300f2ae875e89c62662b9161ccec85fca293743692b2237f2c	v1.10	BDBPAT_V110_002185
BDBAGG_V112_001938	d69245f404429531b1ac0ad650d29cca0d8cb7e68b2df35f11ea3a468a553794	v1.9	BDBPAT_V19_003250
BDBAGG_V112_001939	219595abcf68a75f6f9014772db362b5b60513422f0753fc0d2175dca07afe22	v1.11	BDBALL_V111_000021
BDBAGG_V112_001940	997ff78899c06a96d01e3389ffb1db3352497ce6feb0a97a35e95b52ff94c9b4	v1.10	BDBPAT_V110_001447
BDBAGG_V112_001941	ddceafed9d0c841d8ce278a0cf5157205e7f27a460bcfea11dafa2a1e64c8c0d	v1.10	BDBPAT_V110_001151
BDBAGG_V112_001942	2dd89716217379474025f34748b3d43eade604c3cea2e03cc9ea5c85b1fcc3a5	v1.10	BDBPAT_V110_000947
BDBAGG_V112_001943	68ca788ec48d9d99e47df974aa935104927045ba52be47bd81b261fcaacbafa1	v1.10	BDBPAT_V110_000750
BDBAGG_V112_001944	baf33ce127313927ab3a8055cf159cf4bddd9812dc15647ca289c52484d6e918	v1.10	BDBPAT_V110_000284
BDBAGG_V112_001945	192cbd94c3fe1aba0a18ac7018d12419b7bc2d46c69515d65fc6fca46f066d21	v1.10	BDBPAT_V110_000139
BDBAGG_V112_001946	aa4cc2b7302d907ab350ce14db1969aedd1bfb6084a09a5fbaa2b5703cfd7236	v1.9	BDBPAT_V19_002602
BDBAGG_V112_001947	7592c4e125366d802ed2eaade63e5a90b4ba9ce45049b5408afcbcc80f7eccb9	v1.9	BDBPAT_V19_001809
BDBAGG_V112_001948	62ee528b346ed6f9f10499ab71e95ac1c2df00621b3a938f9c5e1229b4308d6d	v1.11	BDBALL_V111_000647
BDBAGG_V112_001949	79ab64730953cb16d365fb391b63bffe5ab2818f164d12b8b10a3abeac02981e	v1.11	BDBALL_V111_000010
BDBAGG_V112_001950	748467916dd79710a9dc1063fdc194216664828f531aaada95ce5929ae54052a	v1.9	BDBPAT_V19_001793
BDBAGG_V112_001951	af15ae15df8b76c5b63afaf9084e93d7918d0a523f4f404ea6cefcecb8c071bc	v1.9	BDBPAT_V19_002677
BDBAGG_V112_001952	0b668e4eb020094c55d706de02344e0e60681a4ee961ef0bc6f41ee9bceb6ff5	v1.11	BDBALL_V111_000140
BDBAGG_V112_001953	3d74b90b1772d680696fd895daae43bc4793dcd410f6abc87be09d77d8be5962	v1.11	BDBALL_V111_000792
BDBAGG_V112_001954	c6d6d9b3ddf3c6f823fc87f46462908317afea2632e1a51420e5f5ff9dee7adc	v1.9	BDBPAT_V19_003013
BDBAGG_V112_001955	20fc23087a62b5a2e20974f181ee63c1be37ab97fc1ab20d4857907d41cc1cc1	v1.9	BDBPAT_V19_000480
BDBAGG_V112_001956	5b0e9e76458afa761d1ad4cbfd10bfd94f28ae5198e70c6da9f204f1c3c3ab1a	v1.11	BDBALL_V111_000179
BDBAGG_V112_001957	ee279b223f409753f4d817a98a202191851d1c831c93a1eb8b724cec36f676e3	v1.9	BDBPAT_V19_003624
BDBAGG_V112_001958	ee1c040430defe1ee0088a6e1924de18e2fa9e6cc6c3134c24d59d863f0ed13c	v1.10	BDBPAT_V110_001368
BDBAGG_V112_001959	a6f12be8134184968e03e981b8e2f1f7c559d2d92230de83f71e245959ea7f82	v1.10	BDBPAT_V110_000550
BDBAGG_V112_001960	ef6b966a32d270fb47228f7f61acba7897a383e68c5e290fe47f485116dabaf9	v1.9	BDBPAT_V19_003652
BDBAGG_V112_001961	4ea6b7ec757d85c141b3a3dc032c3d58027ab2b1d253a11c045ce8bc162f69af	v1.10	BDBPAT_V110_000815
BDBAGG_V112_001962	f988c9a66a7357967bbc828be9eb5451669d57b3b6d5e485a5ab05d8fcbbdc78	v1.11	BDBALL_V111_000714
BDBAGG_V112_001963	c45c649e7322a6a2d014adeeef675b28cb248d38b99dd4476045f6329a449140	v1.11	BDBALL_V111_001034
BDBAGG_V112_001964	a4b3a529f2274c5171700adfb55a94aa302e473338343393728231f001b5ab9b	v1.11	BDBALL_V111_000181
BDBAGG_V112_001965	f344988eaab7d319a020258c1ce413419efdb08d8c87c34c6aec51a1cff79356	v1.10	BDBPAT_V110_001063
BDBAGG_V112_001966	1151df85dbfe7cba0a00f61806522e02a09767dd765666d01291fddc52b930cd	v1.11	BDBALL_V111_000925
BDBAGG_V112_001967	a6e88e06cd60bdaef687fbb6c4e21db7140bd358b80daebfbebd8fd1c8b427db	v1.11	BDBALL_V111_000659
BDBAGG_V112_001968	9130259aa0384e91ba7ef2f76a12691075e6c155fded9cf44353f49975fccb22	v1.10	BDBPAT_V110_001469
BDBAGG_V112_001969	2527a58569081fe970e62ff5dab1c8ebd7c8d27f25bdc05c92cb544448f8177d	v1.11	BDBALL_V111_000755
BDBAGG_V112_001970	20a648be97f3bf92204120096a7f6bfd40279820e4e2e3912179ef26ed24652d	v1.9	BDBPAT_V19_000476
BDBAGG_V112_001971	bfe038810e97e734706abc2c57dd5f992af4cd66f4a022b4cce194f1ec9a2786	v1.10	BDBPAT_V110_001573
BDBAGG_V112_001972	55f3a73c846a9fb0af532652715e29186a3c06fe4f111b96f64bd11279a7ec77	v1.10	BDBPAT_V110_000375
BDBAGG_V112_001973	0160aef8221a53c66c311ef05c06f08bbee4b4b548837c5f530f146c2b83e251	v1.11	BDBALL_V111_000176
BDBAGG_V112_001974	c2381f7cf4b1b79085526e0c03e819f39b01b4339ab806dee8a5adf2b8303958	v1.10	BDBPAT_V110_000970
BDBAGG_V112_001975	05b04fbd14409bf4f791d0f352a993fab283d0f648b3909cd00a74023985fa32	v1.11	BDBALL_V111_000260
BDBAGG_V112_001976	a67afe54ecb6f3db7e7f10998f98e7c6969e05e3f17b933f89c078ad8dc79552	v1.11	BDBALL_V111_000877
BDBAGG_V112_001977	331edebf6cd00280832a8b576eb12d07696e3563f5e74ae802207d8e80d63649	v1.11	BDBALL_V111_000209
BDBAGG_V112_001978	ad3c64e037f2da4d221868235197a66712acbedeaeb62569245317fca57dbfcc	v1.11	BDBALL_V111_001040
BDBAGG_V112_001979	ce43b7cdef463aafe6af3f65f804e995a3cb262b137bd573b2483738693756a8	v1.9	BDBPAT_V19_003121
BDBAGG_V112_001980	8d04327bdf6180c285fe0a5f25c336d4d54311856bbb3c8e34243b0c629d5226	v1.11	BDBALL_V111_000358
BDBAGG_V112_001981	66b39f54d47d5ef7d25e5fe4c49805e046ae44a0bf6f8d607c05727910620819	v1.9	BDBPAT_V19_001594
BDBAGG_V112_001982	d154927d64559ab40b9ad9dc287428bfbcf3944407efe3ba62d3accb87bb237c	v1.9	BDBPAT_V19_003185
BDBAGG_V112_001983	c5adb76981adfbcd3a2a6d17360f2f420ec8ada13591189500200a90422a0dbd	v1.10	BDBPAT_V110_001902
BDBAGG_V112_001984	2897b062aa4d7765277172eafe125201ab517b491ec26737510c06b195dd7fc1	v1.10	BDBPAT_V110_000442
BDBAGG_V112_001985	b8b0301191330fd34759e74e91baed1c60f362ed01d30723de35b280afdff683	v1.11	BDBALL_V111_000065
BDBAGG_V112_001986	bc34e1f5b18bf0fa0075dbd615ec4c516d1df75e5f9640ff219ad1a49b844637	v1.11	BDBALL_V111_000523
BDBAGG_V112_001987	27c94762f4ae089cb6fb57b5cf51d836b7e465bbe401923283491122549f5457	v1.11	BDBALL_V111_000355
BDBAGG_V112_001988	bc72c39bf6cb2a1a563332626c173203e63040dc80ce348f4ac1db20a89ee121	v1.9	BDBPAT_V19_002861
BDBAGG_V112_001989	6a5aa5047bbb5c1bb363a38a1a81113cf70407a07815c307c52d842bd7837557	v1.10	BDBPAT_V110_000524
BDBAGG_V112_001990	15699581cf3e0f0f5b9c26079d60d17f09a70a6a461b84aa07b56f37b42190c8	v1.9	BDBPAT_V19_000300
BDBAGG_V112_001991	49702ec19348d70496f2f651c29304d03cf4b26fae466a39a610ea0c0328c525	v1.10	BDBPAT_V110_001114
BDBAGG_V112_001992	c69b7b5174ac285d727de06176da4454e9292e91dbd7904192a2686e925871b4	v1.11	BDBALL_V111_000366
BDBAGG_V112_001993	b56b5bf1f89e6952a832a64566c40d1fa4dac36a8244b221fff5377648cc89cf	v1.11	BDBALL_V111_000183
BDBAGG_V112_001994	9e0664a42ffee124249e65e47fff8447217f36b31999d62e600068cead767753	v1.11	BDBALL_V111_000390
BDBAGG_V112_001995	35e6123b2bdc74249ef0c3ad0892f08506d8ce5f2f89c377a2ddb787a185413f	v1.11	BDBALL_V111_000923
BDBAGG_V112_001996	7108fd22d4203a2735e7879faa376632aa25315e9e0c5d3aac5903fc4b528d7a	v1.11	BDBALL_V111_001015
BDBAGG_V112_001997	5e946fbff62e9bf7d813f93758a067b36be7ac76bc76b29d4f6cdd596ff80459	v1.9	BDBPAT_V19_001469
BDBAGG_V112_001998	5bf463548269e8b12ffe7f363fd839778001685074e12319078018d66a122edd	v1.10	BDBPAT_V110_000448
BDBAGG_V112_001999	eb0f13a025c2d83d26e81d2cf1202f42175ffbb0fcec41c138d3b14d1ee79189	v1.11	BDBALL_V111_000775
BDBAGG_V112_002000	60284da45a237db1c1764d7b6ca0854ee5560de2fcab120b7659d675aa4a0ced	v1.9	BDBPAT_V19_001502
BDBAGG_V112_002001	b20e1008855fa6c27554448082c8c482b59460204c984cf9835a4eadfef9d3de	v1.9	BDBPAT_V19_002713
BDBAGG_V112_002002	970976902bbf69d385bd1fa1cb7549ae829e42afaf0e0f2cdfd1eaf843e666e8	v1.9	BDBPAT_V19_002310
BDBAGG_V112_002003	436e9869313b8abb858dd867f2f133de56abe161c2d28779794a8a4a273cf681	v1.9	BDBPAT_V19_001017
BDBAGG_V112_002004	42507c187052e80791ba18add04fa49e280351b398b560c1f848ae2a20dc5aa0	v1.10	BDBPAT_V110_000865
BDBAGG_V112_002005	2f2ed0ee954b8ae331ac223c8e3880b273809d942b8a0d3be1ac5df1e1837096	v1.9	BDBPAT_V19_000701
BDBAGG_V112_002006	ffcd30a9b08bff91ae0592c3834bc7792b61229091ea5af8f918c12742c156eb	v1.11	BDBALL_V111_000750
BDBAGG_V112_002007	126e03eff9a9e3804487d5fcbcce55de128ff8c2cc625243e13baf39bb7bfc3d	v1.11	BDBALL_V111_000726
BDBAGG_V112_002008	53cc68d3da9d90ef38cc65e623dfc097867528637369312fce49803f7e1a4608	v1.11	BDBALL_V111_000580
BDBAGG_V112_002009	f5d9770c20d879ccc44d0ef4290a5f483fac1dc6d0932476949fa5dde47e16e2	v1.10	BDBPAT_V110_001417
BDBAGG_V112_002010	4c9155b20ebbd631beee04073d30bf19c7873012d500a856ea1853969638822a	v1.11	BDBALL_V111_000820
BDBAGG_V112_002011	e5bcdfdf2995c15d85dcb91df53d9cdfb872c4a56300950c9eb4c08b23726826	v1.11	BDBALL_V111_000268
BDBAGG_V112_002012	234ec34785b6a129343796cb0acdadf26080a57c7d7b4f553f40725d9f518a3c	v1.11	BDBALL_V111_000719
BDBAGG_V112_002013	fd85070aa5dd11ae63e595bc7e8c79c9e5ba2a7ecacd381b4e700a9d1d9d05ae	v1.10	BDBPAT_V110_002338
BDBAGG_V112_002014	ab30780258c06be06d17fca452420414c4442d7e6570f7201c39186fbd59f1d5	v1.10	BDBPAT_V110_000723
BDBAGG_V112_002015	a523c2032c19b46fd4eef14848b19227782b8a43039978cdc0d65e5bb2fed52f	v1.11	BDBALL_V111_000088
BDBAGG_V112_002016	01ec79ed6014700526474c5ef1368784879ea2a506297f5b09eebad4b5e9cc71	v1.9	BDBPAT_V19_000029
BDBAGG_V112_002017	41885e9f7718d5444bcb4644f5bb83394b9e86e52cc799da773c0955a2abb03b	v1.11	BDBALL_V111_000401
BDBAGG_V112_002018	7fcad48ab4ce7f8dd557b687750bf915c406faa67b64d2deb9f98e6dae84b165	v1.11	BDBALL_V111_000082
BDBAGG_V112_002019	55d8bbe7e2703ff660d7dad9afb288be201e0c57dc4703fba93940d45df51f18	v1.9	BDBPAT_V19_001331
BDBAGG_V112_002020	15e5c48e3dda772776189b845234b6d56f186940cbf9a531eb33201876037612	v1.9	BDBPAT_V19_000308
BDBAGG_V112_002021	ea3d241c4e510a5a512459ff7b212b607da591655264c7ebb413ae3d56b7f0d3	v1.10	BDBPAT_V110_001318
BDBAGG_V112_002022	2790ca7e9d6e93b56dd97e2a3cd2e38519001a7a485774b97d0a51d1e5796177	v1.10	BDBPAT_V110_000184
BDBAGG_V112_002023	f20da52353026f91099c6747db4c94fb8c658514fd4431964b04882a199a4164	v1.11	BDBALL_V111_000730
BDBAGG_V112_002024	1d9ae29280985a81f89eef09e8ce9c03bb073c998b010ed79f75db653db1f936	v1.9	BDBPAT_V19_000427
BDBAGG_V112_002025	660ce823e3aa86f3f54bf219e10cef781c6be74bd6b9e126961c1094303c6176	v1.11	BDBALL_V111_000709
BDBAGG_V112_002026	8d49b9a53d630f2a09358149b13153109a84c80c3b4dd0b262b95c5ae879b089	v1.9	BDBPAT_V19_002160
BDBAGG_V112_002027	2f2d8f1dff62fcec4bb60b320a44454733860400cf959c6a0a72849a153bd793	v1.9	BDBPAT_V19_000700
BDBAGG_V112_002028	5ac957fc3f7dacddd2d83eb9fbad241f3548f47d8d58a2fbf0fd6c5b8b373b19	v1.11	BDBALL_V111_000116
BDBAGG_V112_002029	a95211e2d7a5764bea6614836bf0033e1bbf01afdefc01b252fac3217967b326	v1.11	BDBALL_V111_000927
BDBAGG_V112_002030	a61172c439b0814bfd2edeed2e42fb258784a5cf15b04a92a145823ca8c30011	v1.11	BDBALL_V111_000483
BDBAGG_V112_002031	0897f12fdbb8886b18c29968ef8b959c5034c2d2801843d9a4b7297775f37311	v1.9	BDBPAT_V19_000121
BDBAGG_V112_002032	d167fcb55134335e24fb5908eac3a467cc8a669dafd2f117d4c185d0117487ec	v1.11	BDBALL_V111_000274
BDBAGG_V112_002033	be300f112ac4ddd2a834336f072f52dbb57d4af749fc5ecfefc7b97b82940df7	v1.10	BDBPAT_V110_000681
BDBAGG_V112_002034	78f8aabc1308ae9333ef20d5ff16cec22b2c4abb8aa868c24cb03ebe151de417	v1.11	BDBALL_V111_000441
BDBAGG_V112_002035	96cefbe8fe741d79a81d0b896d8a60137b190bdf87871bd87aee581b67571df7	v1.11	BDBALL_V111_000693
BDBAGG_V112_002036	d3375cec25b74a426aacb8320b9cf4360cc17078cf3b969d974c21593e981b36	v1.11	BDBALL_V111_000592
BDBAGG_V112_002037	5f295bf159624eae0242a857f63346f703e072e56939be4cd0fdf4f678ebc2d9	v1.11	BDBALL_V111_000437
BDBAGG_V112_002038	0c8e578bc3df486b0cb5f21c0a39a2b5d0808960038192aa59b0906ffffd94f9	v1.10	BDBPAT_V110_000046
BDBAGG_V112_002039	0229036dbba9a0d217805d5ebe3551309f757510793475536edd4a2a5eb84a5d	v1.11	BDBALL_V111_000207
BDBAGG_V112_002040	ec12bd27d539913449bbf0331e9e50917098ef5d344a5b192a06123c71ab8bef	v1.9	BDBPAT_V19_003592
BDBAGG_V112_002041	05b05d8f747e82f58f0d775c73d6f7c29760313d3a68751cd4ed2c1924da9033	v1.9	BDBPAT_V19_000078
BDBAGG_V112_002042	7c9f712391e51926c822676ea54f5fbf24d8118e2f14c53cd5cb913da8c7edba	v1.10	BDBPAT_V110_000370
BDBAGG_V112_002043	e78468fa4c78e7ba26e38a53b7ee99d1ceef5d036187ddc800b86d0a2ff353ad	v1.11	BDBALL_V111_000681
BDBAGG_V112_002044	a0a69d0ee3658c94c6636caa726e91759ea50369672f0a2fac75ee8c677298ed	v1.9	BDBPAT_V19_002449
BDBAGG_V112_002045	99e86cd8c5d64c790face2d5dba1c6d26f3ab1480ee5453dfbebc30aab2f01f7	v1.9	BDBPAT_V19_002356
BDBAGG_V112_002046	e291b06a6021be93fd67db05b5781f980d2b24534cff53becc81f691ed6af2d0	v1.10	BDBPAT_V110_001265
BDBAGG_V112_002047	ee8e196b957ca865247a5209681c289ece8acd7f6430cdc71202afd07f8c1d18	v1.10	BDBPAT_V110_000452
BDBAGG_V112_002048	f3d0b94c29d6d597133e0c71a9d9a2c95cb389379b68e432079ce8f36f54baba	v1.10	BDBPAT_V110_001727
BDBAGG_V112_002049	1af03a18d0f31cdc6ad3d7880937482e08d7d2a5fe130424e29223c087f5420e	v1.10	BDBPAT_V110_000102
BDBAGG_V112_002050	d7d04ec9309dc0d3c7519a3d5d8bc78ba6760071d852ba42da4377ce7255b425	v1.11	BDBALL_V111_000120
BDBAGG_V112_002051	74b61e76e08db04d9d7749e9f6b4067768476ed400170b01c8386b96eee3d88c	v1.11	BDBALL_V111_000807
BDBAGG_V112_002052	cf7baed2a62696846d1ed9382bad6680b953401dea6a29be0f2a3c8d0c0c2361	v1.9	BDBPAT_V19_003144
BDBAGG_V112_002053	7941f20d9192ebf31853abf036757d0c945f9a10e5462e3e32c78fbde32a7801	v1.9	BDBPAT_V19_001868
BDBAGG_V112_002054	9c639e39ebe542578b4ae15e3dfeef5851b711a2df9cdb2d0e80d6517449190f	v1.10	BDBPAT_V110_001575
BDBAGG_V112_002055	0660cd41bcabecc78db79bd577966139b4f1ada271a347a9df07c076a4222567	v1.11	BDBALL_V111_000529
BDBAGG_V112_002056	116c1fbe0c20c23a19d02b9a4626150dea46d7f73aedf2572321d3dcab67e5dd	v1.11	BDBALL_V111_000235
BDBAGG_V112_002057	58f39da66efe4930b5edb8511ba93819d3047e3c7de6aebcfdc4aa492b7f8c7e	v1.11	BDBALL_V111_000626
BDBAGG_V112_002058	481a0d6a4775e03f2284f50856bc75acf55e7b409aa86107c4dd7a7a14d8f9fb	v1.10	BDBPAT_V110_000400
BDBAGG_V112_002059	d7a774edd209898e0935eb773713f01a99f2d48ae80a513b068c24274179e129	v1.11	BDBALL_V111_000662
BDBAGG_V112_002060	c27b0769beeeedafd3a41c534530cfb1e5f92800de29dcb658a38e7ea51a5b7f	v1.11	BDBALL_V111_000522
BDBAGG_V112_002061	13e900b471655f334278f590ae87b1640d7e5e203e75e3ee1aff0c87f63d926d	v1.11	BDBALL_V111_001064
BDBAGG_V112_002062	1c325f0cc1e973003e86b0d9bcf7631c32241249482baf86a56d49a247585c80	v1.9	BDBPAT_V19_000407
BDBAGG_V112_002063	2c556e81e1834548339ba54ec37b36849d9751e779200a7ac0c466725f2284b6	v1.11	BDBALL_V111_000385
BDBAGG_V112_002064	e1052d88c4f418f05375e9884725e53e57636e39fde6828716ac61216abaa2f2	v1.11	BDBALL_V111_001055
BDBAGG_V112_002065	a6be586af22920726dcd8578d0b09b0cace27e9875e276a65d813299e125cb2d	v1.10	BDBPAT_V110_000422
BDBAGG_V112_002066	c89521e77cb3e07ca5af34dc2ffee88dcdd3a68ca3611580ed60d956dd9b3af6	v1.11	BDBALL_V111_000702
BDBAGG_V112_002067	c83c3c7c55ddb9ca23f10978eee92b2095ec48961de322a7d54a46705d60a1b1	v1.10	BDBPAT_V110_001659
BDBAGG_V112_002068	8d7d86e2577da5661be897fbf4358be4fa1acdd9e2e607c6702f671d4aa3546f	v1.10	BDBPAT_V110_001145
BDBAGG_V112_002069	1934514e3d43d79ca365a0801c629cabf8d3f351edbe60fe5da385f60967bb57	v1.11	BDBALL_V111_001002
BDBAGG_V112_002070	931d9bd4aabdd204fdf0fdee5f85f2990c41d285cbdaee39fc43e1ecfd81e217	v1.10	BDBPAT_V110_000529
BDBAGG_V112_002071	e5426e7ff2944c2a02f105edf1d8d3271f6c8fd1112f19d45dfb24693e0f1c7d	v1.11	BDBALL_V111_000917
BDBAGG_V112_002072	ab2bdca629897db1289dbc3ea70c1136fa6cbd68806bcbff879642ba427d1c30	v1.11	BDBALL_V111_000433
BDBAGG_V112_002073	6bb2b123e4c9bc3baec06df0599028856db8e803381d22260eb5b25ec6d88ce8	v1.11	BDBALL_V111_000307
BDBAGG_V112_002074	1121080cadb367cfd1b361c72fd63ac33d7e01a6fdb51de2c98057ae9229c303	v1.11	BDBALL_V111_000875
BDBAGG_V112_002075	5febf86de65b0f68a2f0d90458491cd370c7cde642ed8cb21e656dbadc9ebca9	v1.11	BDBALL_V111_000423
BDBAGG_V112_002076	2b3901e6c05b9e298accb7188081ee38e4ec5d2757e979b07222ba826896818b	v1.10	BDBPAT_V110_000225
BDBAGG_V112_002077	6d3c867db3ac12a9c7171556fb8b631dbf365d1d84c4b0959810f12d93168739	v1.11	BDBALL_V111_000566
BDBAGG_V112_002078	6103c569bd61a7900722091abc8ae98f602b67013c2b12042ea3e0b2b7d3837d	v1.10	BDBPAT_V110_001137
BDBAGG_V112_002079	68dcdfeac225a24790bdcf5d0a85b082b1c4e5193c3a91bd822d8bde7e49cefd	v1.11	BDBALL_V111_000776
BDBAGG_V112_002080	091989f1c0be9b9e1dfcde42d68248daaadccc0c4fc646c7d66199b07b5ef522	v1.10	BDBPAT_V110_000292
BDBAGG_V112_002081	2d9f3a463c3d69443d31b32636117767917907fc2ffd4d9e1e39bfc451efa704	v1.11	BDBALL_V111_000533
BDBAGG_V112_002082	c034ce0d86d3678df6522a9c0e0420501f008539245a6626ea3c6a6426dd009e	v1.11	BDBALL_V111_000630
BDBAGG_V112_002083	e2e3aa4871d4a8bc783e626e888df19d0549653d98456faf36b5c92c219cf9b9	v1.10	BDBPAT_V110_002047
BDBAGG_V112_002084	032bcc85d6cd452342c572c49bf5236b62da22bb7b94ab34266589682c173370	v1.11	BDBALL_V111_000077
BDBAGG_V112_002085	dac7ca46f0b660f73d20048c35869f4f01f849c6a0a739e12ed552e3446d9938	v1.10	BDBPAT_V110_000980
BDBAGG_V112_002086	0bc9cb0d8e33497552cb3152d5d0fa85845d09c8e228fec2d335e9cad9512658	v1.11	BDBALL_V111_000078
BDBAGG_V112_002087	d7782662e757c2cf9ab320c189a0ecf4e5184c029c9a8f7a2bdd69e12ff86b3d	v1.9	BDBPAT_V19_003269
BDBAGG_V112_002088	410a61cd87cbe39d95d3c68aa46e2aed831d940a22ed61b20e8e2394abb4c373	v1.10	BDBPAT_V110_000233
BDBAGG_V112_002089	75689ba3a3fa448eb014d99691b51a86f3e2e377a28de203d26119e4df3fc4e1	v1.11	BDBALL_V111_000389
BDBAGG_V112_002090	10a0f9791ef3e6028182d7bda95d215a7eb62423e138e0e27ab514df4ce5c79c	v1.11	BDBALL_V111_000849
BDBAGG_V112_002091	db5b15896eb9fd06f0d53438392cc5761a9e176cb7a6c7ef92b87c9b607032f9	v1.11	BDBALL_V111_000411
BDBAGG_V112_002092	9aead05478e800e531f6f177d80aae21e7b9d2b01aba017f6cad7dbdb5f9477e	v1.11	BDBALL_V111_000615
BDBAGG_V112_002093	d42b4b6a99c2b2ee42222f9942c573e5a0e16979e85b4e5ac463baa559b88c2b	v1.11	BDBALL_V111_000705
BDBAGG_V112_002094	a20773a06dc23fe50b61d8372cde9ef5ceaf5ebec86826edb3c2a04c7d7af6f3	v1.11	BDBALL_V111_000490
BDBAGG_V112_002095	a592583cf0572bff1577a128c970b8e414f3e395f67dcc704e55690a2482d5f6	v1.9	BDBPAT_V19_002516
BDBAGG_V112_002096	9e31338dcd598bad2b5d65ff13924cbcf7773e0edfbb965fca966a302b183788	v1.11	BDBALL_V111_000661
BDBAGG_V112_002097	a2223a73b0a816967c8af79817d1b01ba821ec29292570c7882c453f1d4d683c	v1.11	BDBALL_V111_000309
BDBAGG_V112_002098	b94d880bcd7c7a8101f01c970f96349734efb2315e531f8d5ef1329005d88473	v1.11	BDBALL_V111_000383
BDBAGG_V112_002099	3eb6935ebc33c885aef32d1c9e07d53c3b055d9f9bc5f4250fd4eeb847b75206	v1.11	BDBALL_V111_000438
BDBAGG_V112_002100	e7c149ba1f53c7eca6e5d7c9bebfefd90f06e625113d0140dda8e882e6d9e110	v1.10	BDBPAT_V110_001641
BDBAGG_V112_002101	0eb51f59eec937f391aa7a6b66e62723a9f38581b995239b5c52d8122c9a3cea	v1.9	BDBPAT_V19_000194
BDBAGG_V112_002102	abc5c7504315d5ab372c5aa93cbe7ba9ec0a4af8af80486d48788a45211a07b1	v1.9	BDBPAT_V19_002625
BDBAGG_V112_002103	25598688bd4fb9e80f9c3dacb81bc5137f5358c6f845aca2480a288b4c883c9f	v1.11	BDBALL_V111_000279
BDBAGG_V112_002104	2f66138a5f61378246f053ac3a4a990e299c68f833aa98e90a17fd4690ac4f93	v1.11	BDBALL_V111_000256
BDBAGG_V112_002105	0964028c4a3556dad76c6db96d409cfb7bf1b20f0b6f12147ff5a7a80a7a1bd0	v1.9	BDBPAT_V19_000128
BDBAGG_V112_002106	e4f125b2a8661acb2a794e75e57f77c91212c848c5726f71033ad9293a1a3ff4	v1.11	BDBALL_V111_000813
BDBAGG_V112_002107	c904af46a73bfc362fa52fb6f7954148b9559d2b01f0f3ae1cb96453d80b4a1a	v1.9	BDBPAT_V19_003053
BDBAGG_V112_002108	56be571877a29e3aed9acc2969f6749db911f4c233f9f6b8950a56aeabcc7dbe	v1.9	BDBPAT_V19_001351
BDBAGG_V112_002109	5b88e26191a255c78e4c2b06de305c9082aa7875d0d815d6324a1f79b05789ec	v1.11	BDBALL_V111_001086
BDBAGG_V112_002110	d3ed02bf22f8bcf7dfb0d887114c315476b927027e7426f7bbd7000ca2a43978	v1.9	BDBPAT_V19_003215
BDBAGG_V112_002111	60970579bc8d4f6eb773a39ad7a74e5a4929f5a2931f1880e780639c5082217a	v1.11	BDBALL_V111_000063
BDBAGG_V112_002112	7f1024c89080a3fe80690ce1376611ec48a7e01c3669c0d5b0f2927c84f55566	v1.10	BDBPAT_V110_000446
BDBAGG_V112_002113	7bb6adb53de69fd5db5f845b3f55ef9adf41696e8dbef404c4911a05d53f74e7	v1.11	BDBALL_V111_000786
BDBAGG_V112_002114	cae86ae1533457780f6f50983a8fa02234763fe7e62227fae10b0edb20ce639b	v1.10	BDBPAT_V110_000932
BDBAGG_V112_002115	f69e6edffeebc7ae9c3a4a2a7f681ecfacc91cb2fc3f2a78980e785e425dd7c4	v1.9	BDBPAT_V19_003741
BDBAGG_V112_002116	e23be8bb17a6595fcaa08158b56c9c314165bfe233ab3d07fe2b77dbcea9d10a	v1.11	BDBALL_V111_000703
BDBAGG_V112_002117	ba0b7aa60f7481429e626be490ba79d5eaf1e84cbd587bc4d81fe23f6e70321d	v1.10	BDBPAT_V110_001243
BDBAGG_V112_002118	71e6f2c527b7e294f1ece237d988a4ba1d7bff650e2405426a3b5ac2ded576bb	v1.9	BDBPAT_V19_001756
BDBAGG_V112_002119	01722d3feb6a4bf85ed19cea7e9dd346b25d1b3300af90e4f263ca79f1c74367	v1.11	BDBALL_V111_000068
BDBAGG_V112_002120	4aba58b0a8c9f98277177d98353452a8072bef1263bb3be162f494437e111105	v1.11	BDBALL_V111_000526
BDBAGG_V112_002121	e002f4356ec30870d6833e438eb0c2b59ae766de90b9415f74c31d4e3c37daba	v1.9	BDBPAT_V19_003393
BDBAGG_V112_002122	d40476ec25e37bfff32c7b197ce49164390f5433a66467173059cbc5940c8f9c	v1.11	BDBALL_V111_000809
BDBAGG_V112_002123	158f843d10cc6ff551f53d748f71266b89ae9e5a883d523afee1e2aef12f98a2	v1.11	BDBALL_V111_000926
BDBAGG_V112_002124	bf6e6248feb7d7ec341ea6bde130e906dae884eb8dfaf8fec8feb0428d80e1fe	v1.11	BDBALL_V111_000415
BDBAGG_V112_002125	45dc5e9ce9c2bdd064cb9e7db4ea7f33605adb6041aa989f6a727e3ca1b25315	v1.11	BDBALL_V111_000254
BDBAGG_V112_002126	b88c08e61caef53a0bfc7d0d4ec00ce9f349682c4d51bfbd7810d0382d856675	v1.11	BDBALL_V111_000976
BDBAGG_V112_002127	aca90366ed8ced043a4be9f5ebff2e8ea07407c64a843b6bc4945f00c9a35c9b	v1.9	BDBPAT_V19_002642
BDBAGG_V112_002128	8ed6f604989a10c0c00b6cd92722adc4ccf59737e230ebad31d62c424a3c95f7	v1.10	BDBPAT_V110_001399
BDBAGG_V112_002129	c9248d01f6e28791deb667ec890f21b74949c4529e07e7cc887c63df17de6038	v1.11	BDBALL_V111_000863
BDBAGG_V112_002130	fd147290844652e58a959bef6fb2b48c8b8843451fa8d59e92165931af5d371b	v1.11	BDBALL_V111_000417
BDBAGG_V112_002131	6238018135fc3d39f17aa803d328c6699941d9fb072c9083fa69370954ec8625	v1.10	BDBPAT_V110_000567
BDBAGG_V112_002132	b5c4aafa665f4e6e1f6783bbad95d98ec215c40b5e27f1fa153e64f5c2548b8f	v1.11	BDBALL_V111_001061
BDBAGG_V112_002133	32cfd965c75f85894b7fbba9aab7e420e6b237a6be30b53b6c14ea47d9ddb9ad	v1.11	BDBALL_V111_000202
BDBAGG_V112_002134	9179fef75704038aecd45b49996387b6053a80bb7d30a4655ae84f600c398185	v1.11	BDBALL_V111_000427
BDBAGG_V112_002135	089128d99a708c9fa184180f8fcdd59152476d80f597ca630e67e5ab5d785ca8	v1.11	BDBALL_V111_000104
BDBAGG_V112_002136	e0c61cfe489ce0a81061dcc3a531184d8d73747efb986200951ccfe765bf04dc	v1.9	BDBPAT_V19_003409
BDBAGG_V112_002137	b3607cc242459d876ae05447bc313e55cc1af29005a1c6ddcba517799e23b281	v1.11	BDBALL_V111_000654
BDBAGG_V112_002138	6c66b960b83a544bac44f58084cc3aac4d7a9c8f37570efaa00fd875c7dd49fa	v1.11	BDBALL_V111_000737
BDBAGG_V112_002139	720e85a544060da21e1cf27cd3812e0994fa024312938b69a156674e43f15f14	v1.10	BDBPAT_V110_000994
BDBAGG_V112_002140	2076b7b473b7399252867c7369dda3c7809f85d41cbc34f1b45c8922427baf69	v1.11	BDBALL_V111_000539
BDBAGG_V112_002141	d40b3128eb48accce31a6a92396fe3b4406b8d5109389d50a0072774a8974f9e	v1.9	BDBPAT_V19_003221
BDBAGG_V112_002142	440e11ca175865cbc48c8c18c78dc3424c8803c329fd87db16d8a8c0360a248d	v1.10	BDBPAT_V110_000740
BDBAGG_V112_002143	916fcff7b30eed569d9f4305582a48eb02cd341ef6a9998581b85deb229ea6da	v1.9	BDBPAT_V19_002230
BDBAGG_V112_002144	2fa683aa17c2ab62643a9faf8d8100a534bebf7f7499ca164adb2ec493573c83	v1.11	BDBALL_V111_000821
BDBAGG_V112_002145	aefee63d9407beeec29dd7e85bfb52423323434dc28802930ec8ba1dabb6d4d8	v1.11	BDBALL_V111_001007
BDBAGG_V112_002146	49bac6406e8b3c771aaa53b33ccfafc0e7c7a6a96b1aedfb33923e8d1ab08df2	v1.10	BDBPAT_V110_000364
BDBAGG_V112_002147	5ec6ce7bc6f0b5e19295f568e265a1419e0f774575cd92ed7d36602e538d111c	v1.11	BDBALL_V111_000354
BDBAGG_V112_002148	6ac5ad30e69a031871cd27f574e3e588004b21f3160c0379911095d3eb54c1e9	v1.11	BDBALL_V111_000950
BDBAGG_V112_002149	0fcfdecd59cc54856b3ad6a876b597155e5722519dbea67dff7fa942433f652c	v1.11	BDBALL_V111_000840
BDBAGG_V112_002150	8e6292a7b19c2f178c503558944bfef5ba3b5ca51ae0897652939fed8db8c3f7	v1.11	BDBALL_V111_001009
BDBAGG_V112_002151	1300eefe33c3f285a64b8a8802c92f3588409934064af5c774c9dc370c787404	v1.11	BDBALL_V111_000761
BDBAGG_V112_002152	c7e2068c9b4134bc47a48f86d1a13971c39ce7c8602d1c6bace1ce52a2dc5851	v1.10	BDBPAT_V110_001509
BDBAGG_V112_002153	c357ca8893373d3d9d999f54183934d6132980bb7db5fe2dd8faf4b4d99fa02b	v1.10	BDBPAT_V110_000914
BDBAGG_V112_002154	cb0ab7f69be8a054ac0f492da39be351996c7a9958873620c0bfd574f52473c8	v1.11	BDBALL_V111_000050
BDBAGG_V112_002155	9e5589662cbd053a447fba9af78ae89acc5f937e04e048d3180583b9b94cd213	v1.10	BDBPAT_V110_001230
BDBAGG_V112_002156	6e619a715930843e4e58e9e1682ce6d0b5957bba4cd9c886e32f1927fe0290fa	v1.10	BDBPAT_V110_001011
BDBAGG_V112_002157	ebc8d3cabf63266919bab0681e8bde7cd4fc1508d7baa7e283593f61e25d18b8	v1.10	BDBPAT_V110_001916
BDBAGG_V112_002158	f4a1ddddf7f3ac32dbbfd6471167bf4ac379a8b6ad1fffa54fe7442cdab23ad5	v1.9	BDBPAT_V19_003717
BDBAGG_V112_002159	f8cef8eea086bb108815e62d9388961737e5a77f8e16b2fa8122ceba46c757fb	v1.11	BDBALL_V111_000259
BDBAGG_V112_002160	0933edadaae4ca79e112886a5d24972bf69821bf35d38bafddcf73085348d112	v1.11	BDBALL_V111_000165
BDBAGG_V112_002161	da6f65b1728ed6df34c53da5c7bdf561b279bf275fee5cee25e7cf913fee6078	v1.10	BDBPAT_V110_001000
BDBAGG_V112_002162	7666b760df822372f3a56a64a95480806789414d1e734614fdb8348fdeccbfd1	v1.10	BDBPAT_V110_000467
BDBAGG_V112_002163	1c07890ec9f1841e55cb38c74a5e2e553bc84c88d96210ab4e8461d13141feba	v1.10	BDBPAT_V110_000010
BDBAGG_V112_002164	e5acbd74340c4d44f3be4e584d388ae0ff9d07d0d4ed174fba162a78dee1604b	v1.11	BDBALL_V111_000835
BDBAGG_V112_002165	5652896858a4adc24ee5b0fca9caddfa5e50a2064a90244ac183b95de7bf97b2	v1.9	BDBPAT_V19_001343
BDBAGG_V112_002166	fe828cc30c6750126d64caed63acbeec568acab81d8770307664a202e87a1247	v1.11	BDBALL_V111_000978
BDBAGG_V112_002167	ab674d7df9258663ad0c0c752dcc763e2554c1fe4aa841b9add9974b739cbb15	v1.10	BDBPAT_V110_001495
BDBAGG_V112_002168	ec51af1f069c806290603e016642c9679abc0938c588cde147509383923026fe	v1.10	BDBPAT_V110_000582
BDBAGG_V112_002169	9e345e6c80e73cee81b8626ad0b330a2302f84523588e570ca0ae895ebc7bfec	v1.11	BDBALL_V111_000812
BDBAGG_V112_002170	4a8ca6ab5a69c6264f131f7c910a10114e6395d229688c430062837b5151d102	v1.11	BDBALL_V111_000764
BDBAGG_V112_002171	c966cd187ea2db78a163f7e5a030721c60dc9bf1290d607d9fe4d85d6ee49c1f	v1.11	BDBALL_V111_000787
BDBAGG_V112_002172	49c346d90450fcb82293976bbfdb787455dcaf456be8bc2b6aa24dbcf61f6a6a	v1.11	BDBALL_V111_000469
BDBAGG_V112_002173	72851e8bc3f33ae291c0333a9010394147c421ac18642180f82fecc8f25fa6cf	v1.10	BDBPAT_V110_000542
BDBAGG_V112_002174	0794af6addddf16d66616c020a5a205f38ce0c0f6f88162aabeeb06f12727b78	v1.9	BDBPAT_V19_000103
BDBAGG_V112_002175	cad27e0d3aa4590beb5cd3a0e2098650348d707200133bd38aff0d363717f289	v1.11	BDBALL_V111_000706
BDBAGG_V112_002176	39c29cc292a62d158cfd4dd752d0ef90166f20e4406f45400ef7c94e4cf6fac8	v1.9	BDBPAT_V19_000872
BDBAGG_V112_002177	e3554ca62970abfccd78d8b545eec2c3c85c196a51b4ab7d2971b380c1eac366	v1.9	BDBPAT_V19_003456
BDBAGG_V112_002178	00b4cce4daed37eb5e36abb5b055e55421c022c1c3ec97473a53eea1a60f9f63	v1.11	BDBALL_V111_000075
BDBAGG_V112_002179	9636a653d386e37cc44a2970579048a9cf741b19ba6fa468477e76e0f3cef4ea	v1.9	BDBPAT_V19_002298
BDBAGG_V112_002180	b0d1290019f38bd6a1c5a9abb4503a4192c51a02f243e4e8f4d8db1d4dea8f6d	v1.11	BDBALL_V111_000496
BDBAGG_V112_002181	8d3acc5c271ee883ca73cc3c0e51d4b32791b16251f88abb8623ab83830745e6	v1.11	BDBALL_V111_000530
BDBAGG_V112_002182	cd9506ab40e8586de8aa0442c1d611f8aeaff2281db17239e9d8c9685bc1e06b	v1.11	BDBALL_V111_000865
BDBAGG_V112_002183	5063e9451c14f4fcbca50418b6a245724e6151bf73a59269dfd15693582c8fde	v1.10	BDBPAT_V110_000660
BDBAGG_V112_002184	d2877617361cef1067ebb4e58c7549919604457e81fe1d2b57b014ec97875a30	v1.9	BDBPAT_V19_003196
BDBAGG_V112_002185	13112cffdf004590de22143ce3b682c440e9282847544d21370dab7b6f24bc7b	v1.11	BDBALL_V111_000794
BDBAGG_V112_002186	985595bac5d824677c098fe37900dff2bdc8b5972587aa43c80a34352c082647	v1.11	BDBALL_V111_000940
BDBAGG_V112_002187	6a375760d39b3680cd211ce3f005fee4bec01c733c5277b71dd5716ff50f3b0a	v1.11	BDBALL_V111_000040
BDBAGG_V112_002188	e560416ab4e3386a644fec4916d27bc09a1bb34cd60fbf57af8d75df953b7082	v1.11	BDBALL_V111_000335
BDBAGG_V112_002189	bc8a782185d60bac25090eb29227b19e0427390ac3b80f39522f010c59efe312	v1.10	BDBPAT_V110_000972
BDBAGG_V112_002190	40f9b81fc5fc47be28dab8e89d3762ef2f424b7995c5981f9b3487eeabf1424d	v1.11	BDBALL_V111_000648
BDBAGG_V112_002191	1cd50aa2a5ec5201db11c285b2e4032f0420e4ac9e01275604384c4be17b71a1	v1.10	BDBPAT_V110_000185
BDBAGG_V112_002192	ecbfbe304d05868374aa10885be1935bc3cef61522ba9386254b058c254b7b46	v1.9	BDBPAT_V19_003603
BDBAGG_V112_002193	6828733470a307b733bd6b8a73da12478784a375828618432adec616e823983e	v1.11	BDBALL_V111_000168
BDBAGG_V112_002194	2db05ec1cca2d720609cd3aa928dd6ff0d323ee0900696bcb2b143ef4bfe5a38	v1.11	BDBALL_V111_000322
BDBAGG_V112_002195	5a001427eceeddcec708751868cd01a418586d7af489ad9fb643504ccfe9f731	v1.11	BDBALL_V111_000669
BDBAGG_V112_002196	96d05732d2d726252b2ad8675d252bfbbfd3c29baa6957a40773a7086a90d3d6	v1.11	BDBALL_V111_000336
BDBAGG_V112_002197	afde8e8c7b0ba240aa2a23d3688e89dc386cbff7e96d7859205cea578e6e4654	v1.11	BDBALL_V111_000544
BDBAGG_V112_002198	c0b449338e8900fa8c5de39f334e021ae21f49912b901bb6769b32c650620757	v1.9	BDBPAT_V19_002924
BDBAGG_V112_002199	b946be7f21b780d9c4b6b3bdfdf29a5a0882785486e4a00fc79db017e518b029	v1.11	BDBALL_V111_000532
BDBAGG_V112_002200	3da1efe2b67846efcf6520f625837be6e88a11bde6fc435bb532b47e4f004785	v1.11	BDBALL_V111_000067
BDBAGG_V112_002201	40f32ff7e7f8a0f4a44e41962961bc8f7b0a2e308edf4f5895f086f0c9b2cce8	v1.10	BDBPAT_V110_000183
BDBAGG_V112_002202	20699e2b700623b267177438226951e7644a241610b1603a436eed4ef3e2ce69	v1.11	BDBALL_V111_000679
BDBAGG_V112_002203	8294a18e61c0a391c555f67882ece6f22b67387b1a1ce19a5ae73ad62a5b7be7	v1.9	BDBPAT_V19_002003
BDBAGG_V112_002204	90459310204beee753c7ba2e9eea6823fbd9031bbab59814ce999004aae16287	v1.10	BDBPAT_V110_000700
BDBAGG_V112_002205	5b1f7d1b3ac8f4a2ba93e4344615f9eca0ef874a71108821fd91c1b27a12c9d7	v1.9	BDBPAT_V19_001414
BDBAGG_V112_002206	f656282f450cdc8f3be375099ed015997a48f902157167e0802dd52700b5ce1f	v1.9	BDBPAT_V19_003738
BDBAGG_V112_002207	c74b8ff57ea2b8c779c1268a4b854354c547b9e97014ca4969347e5002f07dba	v1.11	BDBALL_V111_000571
BDBAGG_V112_002208	f0ed2ef8539f99d03691c2f916f2ede512eda0d98cd151c9c671d1fe83e8e3d5	v1.11	BDBALL_V111_001021
BDBAGG_V112_002209	6ffc2ade1f79a38a86dbbed0b90e338147afaec052ef530241db6d7104e661ce	v1.11	BDBALL_V111_000426
BDBAGG_V112_002210	9973cffa650288937ff2bece37c76b797d7f850e82018905ea001778944ddb92	v1.11	BDBALL_V111_000885
BDBAGG_V112_002211	5b091b5c3d0f438e12b16ad3567ce2938741fbfb4d72b2e96d4d0deb66804ceb	v1.10	BDBPAT_V110_000810
BDBAGG_V112_002212	016a4774522b42f1727209191b1120d581fa0e7b900b40d2a0010f35bcacd7db	v1.11	BDBALL_V111_000019
BDBAGG_V112_002213	87cea012e5975880b7c3e77d78fc60cadc18e12cd7348fcf123f94b3d99863f7	v1.11	BDBALL_V111_000462
BDBAGG_V112_002214	3c53926be045a3580197625ec3c8955801650aabf904c1654025ea3e04d1b23a	v1.11	BDBALL_V111_000633
BDBAGG_V112_002215	4f5b701f5bcf8f2ba0bafc5afd224a7cedb9107d0db353f7ff34d83fa0ba58fa	v1.10	BDBPAT_V110_000029
BDBAGG_V112_002216	90de9d6e5e448081fef07cf74ad1e2f0bdc8219fd1fa7c106dd7aa28b657a179	v1.11	BDBALL_V111_000420
BDBAGG_V112_002217	8a1360d5eeceb7f2a8caf3f9eb3bd06c876340799717b6783127f95be0548a6c	v1.11	BDBALL_V111_000270
BDBAGG_V112_002218	ec3318a3a44b763cb17687dd85c73a055d747244facc6f79d7cff97f2442e68b	v1.11	BDBALL_V111_000961
BDBAGG_V112_002219	ed3c42439a73c78b9b60d51f139d72e014db70f49611025f97d976c28f29d185	v1.11	BDBALL_V111_000291
BDBAGG_V112_002220	b39b5ea3389a2cba53f276033a3789a1a81ebea9cb3e83ad262cec06b3e0c93f	v1.10	BDBPAT_V110_000468
BDBAGG_V112_002221	14dd7f6f7e066e8e9c9469a5bded2f275f6a364a97cb9c8aea51332edc47be01	v1.9	BDBPAT_V19_000292
BDBAGG_V112_002222	ec819ad34a093c724520d3c00eafe6d409b699dab513e782e3ad437f3bfbcc50	v1.11	BDBALL_V111_000393
BDBAGG_V112_002223	eecd13541af037a5677b4377964d55c9228f4e214ca4d2e092bfb3e84e0940fd	v1.10	BDBPAT_V110_000769
BDBAGG_V112_002224	0e804c0f38869a92b3365660159faa3aa2ea5b9b82cc2aeaf5c5f8c912c99657	v1.11	BDBALL_V111_000071
BDBAGG_V112_002225	5a8056c744403e3bf78b81cf5ff19318daeefaa8b962c37506f0b36b8b326347	v1.11	BDBALL_V111_000568
BDBAGG_V112_002226	4d2330b39ef9cf5a996e0e68d6863b50a3b78b3a62436a6b78403db342765595	v1.9	BDBPAT_V19_001195
BDBAGG_V112_002227	94836ccc352098cd6d873a3e2c2e4a9538f73015841798bb48578154c4def380	v1.10	BDBPAT_V110_000338
BDBAGG_V112_002228	29fd3908750157e4a13ded0bdd2404477bb2fe5f5a54554caac24ea6016aab5c	v1.11	BDBALL_V111_000087
BDBAGG_V112_002229	bc7169fc2e332572e89f17e7b49ec3d2d43b432f771a657db3f995823fd55d51	v1.11	BDBALL_V111_000584
BDBAGG_V112_002230	ed222d6f5286a2aee8a08a65ee2ef79a452b34d05aa655a4f9dfbbc8b98d23c1	v1.10	BDBPAT_V110_001043
BDBAGG_V112_002231	3fcc45a50be202c97c497ce9d8e7f54be58ba16c671f85e9b1c63d5bc63b2bae	v1.11	BDBALL_V111_000510
BDBAGG_V112_002232	a54a5baa8def5fc0c6a2b4d5d0b87bb733ead494d48045f19b1f74bf66aea219	v1.11	BDBALL_V111_000333
BDBAGG_V112_002233	5405fb18e057163936f323032a8ccff4240858c74663138d5b5b4dcb603b5b04	v1.11	BDBALL_V111_000578
BDBAGG_V112_002234	b9a2dc2ba8ea1f6be2663f9eb99f1a6e17f69ae54cf4aa5a2dd78f29ccaa9d5b	v1.10	BDBPAT_V110_000551
BDBAGG_V112_002235	aac948f9169c11d012934076216bac3f5cc8bca95df77b8cbd73ca6f629fafcd	v1.9	BDBPAT_V19_002612
BDBAGG_V112_002236	ae23e81f85ade25db06c0eb600af0c3f281e584b03aa7b7d69da06419721c5af	v1.11	BDBALL_V111_000265
BDBAGG_V112_002237	cf7a4bbc880f4b9e96901d5fcf9022c0e8db30f22d0464664874a3bcba2cd55e	v1.9	BDBPAT_V19_003143
BDBAGG_V112_002238	3522ada4ecfa2a8de5fec2447edf6047222ab8ff3effdf7786ee0dc0849e28c0	v1.10	BDBPAT_V110_000273
BDBAGG_V112_002239	ee8c66b1c0c2144bfc51713e17e11314a9389b90c665aa70d0a20ee68540aaab	v1.9	BDBPAT_V19_003631
BDBAGG_V112_002240	8a2c90cf9139200d0cde0b61cdcfa1f78b39ed4c0c20eedd767488573d6b1388	v1.10	BDBPAT_V110_000625
BDBAGG_V112_002241	bc9e5226d36f8c9e70e58850b379a46d7ea9b47d13e90b71bb099eb4a2fb6965	v1.9	BDBPAT_V19_002863
BDBAGG_V112_002242	fbbcd1b5a25bafa5f49879e6fbb7eea4aa6ecfb2ee45ce39560660fc5df05aaa	v1.11	BDBALL_V111_000802
BDBAGG_V112_002243	78065555b14d559c5300b7dcdfccbb584c15b9c9d91cdf19140052534a8f71d1	v1.11	BDBALL_V111_000924
BDBAGG_V112_002244	78bede393d1efc36aed9c9b24f6b458a005c8b26d63bc9dfc8c5e41c637cf20e	v1.11	BDBALL_V111_000834
BDBAGG_V112_002245	1641e71fdc887c9dc05c41e17d0963d2135b3d34f4dfd9f139dc17d8dd2b1a58	v1.9	BDBPAT_V19_000315
BDBAGG_V112_002246	4c1563d7cbb11d0d52d635c46649578559e42b22c644495312a2887c34095e02	v1.11	BDBALL_V111_000848
BDBAGG_V112_002247	fd120ba52f632cd4e8140bfbe849ea0a468f9200fdb9f3b8946e257751479ed4	v1.10	BDBPAT_V110_001313
BDBAGG_V112_002248	06056efdfc5305dcc0f6eecdcc83f2cac73c9f6784d674fc02d9eab0eb071367	v1.11	BDBALL_V111_000144
BDBAGG_V112_002249	2a03bbda059051fc8d23e42cca68ae5a74eaa12abbdcb57e2cc194745b833646	v1.11	BDBALL_V111_000476
BDBAGG_V112_002250	fbfd3d70e60ae9a94bbb615613e529ee731715e1514d94d96d9232d9d86eeda0	v1.11	BDBALL_V111_000905
BDBAGG_V112_002251	9fb772d63718779c12cbc53641b90fdb17ea8dfaad45955160aa6ad7ca6f35d2	v1.10	BDBPAT_V110_001261
BDBAGG_V112_002252	c01a1fbd44dab274a55034d94758e715621e17cbf13879309ca0ebaa43200e17	v1.11	BDBALL_V111_000464
BDBAGG_V112_002253	b6801e6d1384bd31bd71f398c7e1e192be3545604fdae17eb3002d04c7b05ccc	v1.11	BDBALL_V111_000745
BDBAGG_V112_002254	340d2aeedd870019d8334579a2d6fe3c93b8df5bf219173ed5a7055affad61a0	v1.11	BDBALL_V111_000515
BDBAGG_V112_002255	5fd13ced77a2c866e01893c39026c2101a7b32044059fbfdada7d9cfcb041003	v1.9	BDBPAT_V19_001495
BDBAGG_V112_002256	3f382c768803c52491f8d7605e7036f830cda9a64bf33972973322ddd282c1f6	v1.11	BDBALL_V111_000501
BDBAGG_V112_002257	345ddb42481ae7afbf6141570ab3513105cb6d2350b6295baa683683476305f9	v1.11	BDBALL_V111_000680
BDBAGG_V112_002258	47e1e83c09f2e79df211502e9d76efd85adaeb7502d00f7758352a2e307a747a	v1.9	BDBPAT_V19_001085
BDBAGG_V112_002259	c968877fb8f14d4650f967d3e302223c1458b662d43c85ebf278c6e0c887ffba	v1.9	BDBPAT_V19_003059
BDBAGG_V112_002260	01100a1f6635f15351a64e81e71df4ffc0e64d10c85408ff048b46ab78df1ef2	v1.9	BDBPAT_V19_000016
BDBAGG_V112_002261	1a231d756d7dc5c351dfec602fa4facdbe5921b74e29c58cd4039c58257ad034	v1.10	BDBPAT_V110_000002
BDBAGG_V112_002262	68db6313f7a8f224a5c70eb808d986eb1af6cf379713f7a2877591f0867b3663	v1.11	BDBALL_V111_000903
BDBAGG_V112_002263	a92deb5bad3757bfd80aa48e11aee33e28ca7346c739077042632469fc8fc2e5	v1.10	BDBPAT_V110_000687
BDBAGG_V112_002264	eb28b516421ffe7ed8b22cd177ba734130e8980e37fa1587d8c25a33f15ef007	v1.10	BDBPAT_V110_001628
BDBAGG_V112_002265	44e58f49d834c6638b26d9258451e2b63654faf45134962a5e49d125fe31a63d	v1.11	BDBALL_V111_000734
BDBAGG_V112_002266	dbbc76c341d5cc22095632d541b7c82abd528f2a0bc543135a7e56cc3f9336ce	v1.11	BDBALL_V111_000161
BDBAGG_V112_002267	7ccd9a9b084233876f346f888856bc21da8caeccd325c2e7036a9ac40d75e7ea	v1.9	BDBPAT_V19_001929
BDBAGG_V112_002268	d47411b0cd525ca1dc48128ef0d9aeeed4fa18412e9c436cc56ce7d1f8fccddc	v1.11	BDBALL_V111_000743
BDBAGG_V112_002269	c0673ef70601435dfa61854e88ec20bcb3f031098be73c9bb6f65b12770bc74b	v1.11	BDBALL_V111_000488
BDBAGG_V112_002270	7588a6a9ec795b1f2f556900c54dad6c27f5246e61449775aabeb817d04b3c31	v1.11	BDBALL_V111_001085
BDBAGG_V112_002271	61b6cefeca8d913c25828d551ae5780e56729a73bc921ce44e0860f53e60a4c0	v1.11	BDBALL_V111_000148
BDBAGG_V112_002272	2519d307e3ddd5129a2fe36f1a26934916335474a6c3909d96e52ef19e397727	v1.9	BDBPAT_V19_000543
BDBAGG_V112_002273	0f0ca9bf64e6a9a0fa0fd8613ccdc870c3dd4575cd54adbefae3e3bfc9c7b82b	v1.11	BDBALL_V111_000760
BDBAGG_V112_002274	1372ad2568aa420a412e5db168f38a5cd56eeaa1421e44df845ca870733c3ef7	v1.9	BDBPAT_V19_000274
BDBAGG_V112_002275	31475fa1230075f92474d53ef43bf0fa610493839fb4fe123fd0451d0191b9df	v1.11	BDBALL_V111_000196
BDBAGG_V112_002276	116d92f6836dcfc63d82b98ec6f85ffb20cec2ee188b517ab8b1705171c1507d	v1.11	BDBALL_V111_000081
BDBAGG_V112_002277	e7ee3903193102a03585fd6bc36b7eb0a0a1b1cc72a1e96eea014e4357cf4939	v1.9	BDBPAT_V19_003524
BDBAGG_V112_002278	28e673c8b45ea2432e8e4f9d33f856fc6e0a8088f5f080fff79d9cd6f790599a	v1.9	BDBPAT_V19_000600
BDBAGG_V112_002279	9941342f79eda90ea9211e08bfae7c6c3c165881db81c0717da651e645ee4072	v1.11	BDBALL_V111_000038
BDBAGG_V112_002280	85fb099e54aa056d86315e2778b0ad101bcf9afddc3456666a63ca46952ea651	v1.9	BDBPAT_V19_002044
BDBAGG_V112_002281	a315f0149b2a74da62426936365518c3894b60b74fff380525cc6cf37ed6c956	v1.10	BDBPAT_V110_000899
BDBAGG_V112_002282	698d787228979483e32e2faef061246bde95293bde4f6977b844be6f8073604f	v1.11	BDBALL_V111_000618
BDBAGG_V112_002283	df386321c32bd44cfb839b43182ff61c013e4a3b485ae35c49aae2c189a6b077	v1.11	BDBALL_V111_000782
BDBAGG_V112_002284	92acf01dd7123e3b94931fcc5f66075efad6d112c057eb913eaa0b2e14e3ecff	v1.10	BDBPAT_V110_000871
BDBAGG_V112_002285	c21ba8d57f31a546fda44f944254a35546d4c32d35f6893c5a151ebf90e711fa	v1.11	BDBALL_V111_000692
BDBAGG_V112_002286	01573532538248e1a5aae72f7e894c366bdcf21cead50f9f5152077af6844693	v1.10	BDBPAT_V110_000083
BDBAGG_V112_002287	e686a742b7771c94fc26b94122dd157a09350e1181018b6dd1d53e6004e707b0	v1.11	BDBALL_V111_000738
BDBAGG_V112_002288	736d6c1cdd99127ce92cd4e037dcb68aa33da38ef20d9006ba8e4fbb5fac5ebe	v1.10	BDBPAT_V110_000758
BDBAGG_V112_002289	cf511d939ecd18a8a45096d198508937ede1279731f870c98b93aa81e7b39c59	v1.11	BDBALL_V111_000722
BDBAGG_V112_002290	74659b6f7cc487da5c89738090d9066bf18cdd32171b37002be3ab2924df0a4e	v1.11	BDBALL_V111_000534
BDBAGG_V112_002291	02d6f8f287f335b9fc188de36405fc36c8abca68f81a70be5891db619e57cdd0	v1.11	BDBALL_V111_000324
BDBAGG_V112_002292	835d109d7a22c08e56dc2baf87854a98badc152fc1f42d0ddfdbaf278de1d189	v1.11	BDBALL_V111_000579
BDBAGG_V112_002293	c26848b7f3f5b7378acb7354dfd0773818be1629c9b1a28c2923950b152d48ce	v1.10	BDBPAT_V110_001616
BDBAGG_V112_002294	b21b12e25767d71ed51ef37bdc2bcd29da1ba79965d21c8ee0aa26dc108ddda3	v1.10	BDBPAT_V110_001413
BDBAGG_V112_002295	871cbe2ca6315a688ca5a4cc2d6ad2905b3bfa0d8ca55cf9cf9a0157f1af3150	v1.11	BDBALL_V111_000269
BDBAGG_V112_002296	1336664cc0cbe47f5886b2bad6b49332ccaabbe2d87ff6906e69c2d07b9ec1f2	v1.11	BDBALL_V111_000164
BDBAGG_V112_002297	9669631e35be01f13f1cece00f77239bec855e4dd27d972ceaf5cb43cf3c113c	v1.10	BDBPAT_V110_000720
BDBAGG_V112_002298	ff61e69fc95ef657a837369bd566037dc420c6349b5de37dfec7844251bdd286	v1.11	BDBALL_V111_000805
BDBAGG_V112_002299	30d96efe5b50f3d9c3048e56009f0247a187a5cd11d39c4eb0b23f7d8329736d	v1.9	BDBPAT_V19_000735
BDBAGG_V112_002300	81aa5801b98f7fabe239cad14bb838c4ede5a666b781763a623f54f88e83a004	v1.10	BDBPAT_V110_001299
BDBAGG_V112_002301	8e5fefde44ab67f35189423a72d8e9927115f9471861beec86b54fa59d103686	v1.9	BDBPAT_V19_002180
BDBAGG_V112_002302	653d5a39103472dd7ed73b57a9fc9b7959adddbbd88618df879fa1aa6f84ceab	v1.11	BDBALL_V111_000763
BDBAGG_V112_002303	a99a7bdebcc9c11a397bf0b656cbcc4bf7c6d6cc5253871e2f584d2a6845f700	v1.11	BDBALL_V111_001004
BDBAGG_V112_002304	32f11515e84ceb5e1f7632d15822a19ad55fcaf8843532de16f781f7483cdad6	v1.10	BDBPAT_V110_000349
BDBAGG_V112_002305	567040e9f42b1eef4f10abe7c277cfd5a33ef3434554e79b60d736a22e9e6509	v1.9	BDBPAT_V19_001347
BDBAGG_V112_002306	322f2da95725ad31ad7d6b32dd83d6e7fa21694917b1eab469846515bf1d9b73	v1.11	BDBALL_V111_000314
BDBAGG_V112_002307	fae39fcef51934e8870dbc5b215c4f6f129c3e861a9495e676a5faddcb1c78c9	v1.9	BDBPAT_V19_003799
BDBAGG_V112_002308	46c5db398b688223dd561ddb929c992b34d3150a4da992afd5e81b1c295007e1	v1.9	BDBPAT_V19_001072
BDBAGG_V112_002309	f66467ed4f95f5d74f3b1d749c86869a5aca340cd90a8fb937024547aa06c1ee	v1.10	BDBPAT_V110_001465
BDBAGG_V112_002310	f8452cca07ec842e326efa6a028e661c0087974bb816193724ada389c939528c	v1.10	BDBPAT_V110_000973
BDBAGG_V112_002311	e898aac15197ee20603fd07a6dac8f030114691171df9e3168e9f92efbb7938b	v1.11	BDBALL_V111_000942
BDBAGG_V112_002312	514b40e8cf2757110235526c4081dac3831ea908f1d13e22494a67bfbfe9b329	v1.11	BDBALL_V111_000528
BDBAGG_V112_002313	4507b7107e4d6a3d28b2b4c933cfd5067adc146367ce6dafeb1e3d20e4a8b376	v1.11	BDBALL_V111_000180
BDBAGG_V112_002314	104036c244afe48bfcdecb6ae801ea5061e5935454c38f72d52eba5580941e33	v1.11	BDBALL_V111_000551
BDBAGG_V112_002315	3d8eb09e891ebf4a8363aeb39ac2e2a1dd6a90305cf2585303348f9bc12f496c	v1.11	BDBALL_V111_000965
BDBAGG_V112_002316	9ad617a7d2d36b42b926402e6f91a39377a50a6a2f1503ac7d033b58dff6b142	v1.9	BDBPAT_V19_002368
BDBAGG_V112_002317	17a318194042fb65dad65d3f027176526620a9bb1da3a4ad54b940425d397827	v1.11	BDBALL_V111_000982
BDBAGG_V112_002318	3e267e1c4cf48731be293c49e039c324369ca45ca2c80379941430e28f31d40e	v1.11	BDBALL_V111_000337
BDBAGG_V112_002319	8818516b8338a646db85e073401bb2888a4e25cd7cbd65210f3191f746b17d3a	v1.11	BDBALL_V111_000872
BDBAGG_V112_002320	a27af0a65b024c4dd864d5a1a54637fe3ae423967c0a2f59da9b6660bcdc3fcc	v1.9	BDBPAT_V19_002468
BDBAGG_V112_002321	b3ac773cb2438abc30fcd9fd134157fa30d94e673995961e300773bed0b5eb1d	v1.10	BDBPAT_V110_000798
BDBAGG_V112_002322	74190f1ca01dbc872a0c288d545c7802305e5f5239ff342dda22dd6f763e0d1e	v1.9	BDBPAT_V19_001785
BDBAGG_V112_002323	098e8165f4a0ab15ca432738369f36f94a57d249337442bf99ed2d2ae92ebe6a	v1.11	BDBALL_V111_000124
BDBAGG_V112_002324	0f0b72b138b3900c1e32a29573cbec0419c5b979fd690c6908e14a5b7bbb89cb	v1.11	BDBALL_V111_000725
BDBAGG_V112_002325	9451f4d13025c1c37a6332dd2372498aba2968cea5f0dfc10ce0cb9bf4a1b7e6	v1.10	BDBPAT_V110_000463
BDBAGG_V112_002326	ada09bbb5be95073cdab0f3245d1750cfb9088594bb95c6cdc8d4ef404f2c126	v1.10	BDBPAT_V110_000795
BDBAGG_V112_002327	7dc63720ade54154aae63bed65a8a8b29339859dc38ec1e29559c9853c61223c	v1.11	BDBALL_V111_000565
BDBAGG_V112_002328	d11ba300c7788ad4bba12067ceedf1775c9003428e6004b0975efc64265e11f4	v1.11	BDBALL_V111_000649
BDBAGG_V112_002329	2db248d865fd2fabf651b5e0a2a0447f39c5be86a7f5e2f8154dd7d8440cb751	v1.11	BDBALL_V111_000683
BDBAGG_V112_002330	8b165d8b82de269e3a5b31d201ad7444f4f38b03768f8d333731793ee5889567	v1.9	BDBPAT_V19_002126
BDBAGG_V112_002331	6d0002afcc31360aec1d3c62f55631c78ae52c1a951e42ec030d03c228ca5ce5	v1.10	BDBPAT_V110_000929
BDBAGG_V112_002332	319044578557418f61dbcb03c2ff20ec34e2f429ba7bca9cd1327f8d80c6c698	v1.10	BDBPAT_V110_000278
BDBAGG_V112_002333	c6d7ea3c0c6f61c9a5b0b88b7a344fa449c3fe11addcae4cdbfb3a43525f5489	v1.11	BDBALL_V111_000732
BDBAGG_V112_002334	d00119b6662115e9100ad4bc602387365f2becfc69828b2f1cde8ab8a7be7e56	v1.11	BDBALL_V111_000056
BDBAGG_V112_002335	3b43da6240a5beff62ef5acc4d5303e437412027d9a005607e80b8e6b19c2ab0	v1.11	BDBALL_V111_000450
BDBAGG_V112_002336	a4d8eb3d5e0690464ab8eba6e3f32c5e3366974973e925c3597a1a56a829b07e	v1.11	BDBALL_V111_000146
BDBAGG_V112_002337	8b7363fe62c22ace1a8784892e6271fe066c379e9aac77a2578f971111b77551	v1.11	BDBALL_V111_001005
BDBAGG_V112_002338	1839e7a5f7764c6b6f37119a37013907c23e7374026fe9185e8b9c968e119fa5	v1.10	BDBPAT_V110_000161
BDBAGG_V112_002339	b403da88eec4483c3b1c0b79a3eaab691538f98d60bdb96f0ed454d1eeddea03	v1.11	BDBALL_V111_000466
BDBAGG_V112_002340	b736675ddad16a6c1ebc3f547e24df5a301f0f0c4a10f92aa76b199a5d540c74	v1.11	BDBALL_V111_000372
BDBAGG_V112_002341	d49de005ad9dae1b9a9a4fe06475997d384a4dea727525dcafd00f7907b40123	v1.10	BDBPAT_V110_001035
BDBAGG_V112_002342	d180dd7cdaa6954a125571be6ebdefcb6aba29e3b334dff93cb5949467b47232	v1.11	BDBALL_V111_000226
BDBAGG_V112_002343	15a665f188f7f7f53c77213240691f99390a1b15bfa701eaea55915640e14ba5	v1.11	BDBALL_V111_000076
BDBAGG_V112_002344	65e874222f5a860eef0596b0be6f0b87cb2e7ea5736ed0cde216d9fcfccfb143	v1.11	BDBALL_V111_000826
BDBAGG_V112_002345	ba58b194fc5d2e85dc5174ce0f5df2daa93e71809dc00ca45ce6738d2d8f8a9d	v1.9	BDBPAT_V19_002835
BDBAGG_V112_002346	999cf258c12dd4e156256ed3cf6e45a47719babc98d5b0cc392b50d5d243453b	v1.11	BDBALL_V111_000641
BDBAGG_V112_002347	6274d7aa7dd26b5b2e4ab66e72c062ce76c377ca61c97f0f6d300ce3155014e0	v1.9	BDBPAT_V19_001538
BDBAGG_V112_002348	1148b68db78e90d188deb17fb481b58ef7874fc08bcf36fdb1bc8312519bcc0d	v1.10	BDBPAT_V110_000052
BDBAGG_V112_002349	b2c63c242210dd90ec3e0bb6cb5a9a847495f568cc2877dd3f87baae80d66e0c	v1.11	BDBALL_V111_000047
BDBAGG_V112_002350	1ac0052e414e7617c0d8deab66c5fe80318f5d217e4d0dee25722b36932024d0	v1.9	BDBPAT_V19_000388
BDBAGG_V112_002351	d80b2d3a0d6311737db5775f0e4fc116ac825d1ce129b51719be2aaf0eaf75d9	v1.11	BDBALL_V111_000768
BDBAGG_V112_002352	5c9104fb925e4b82a4125947a02d4506fb1cc89f2d8933ab5adcb68adc188837	v1.9	BDBPAT_V19_001438
BDBAGG_V112_002353	8f8c8190a08c142b88a39c0bb79defa2dc1e95afbd99b8c90e8b18fc8532b163	v1.11	BDBALL_V111_000897
BDBAGG_V112_002354	15b13c8bf48cb31447a97e398ff38e6970eb4c3686cfbb8dbf257f204662492f	v1.11	BDBALL_V111_000948
BDBAGG_V112_002355	f4ee8731b27ca252c727fddeca7f56f4f9651cc5880362174e0a8520195c001f	v1.11	BDBALL_V111_000996
BDBAGG_V112_002356	cbf58028251d1032b753ceae20f8eeed8925026ec629d77ae266122163f9a199	v1.11	BDBALL_V111_000739
BDBAGG_V112_002357	32caf6b0d45ecf1899ddf267b2a087e10d00ba3686ec7e227b1926ae58eb94ef	v1.11	BDBALL_V111_000898
BDBAGG_V112_002358	71950324ac40fb6b0d303d3f54f298f072d22984412aa0e7df0289b64ed03550	v1.9	BDBPAT_V19_001752
BDBAGG_V112_002359	b8c22402aef282b7ffc8dd9fdca88944e8c200e6c26f270631c270faf3a2f606	v1.11	BDBALL_V111_000997
BDBAGG_V112_002360	02684c416c916a0e02fb0113dd146cd84ba89826840c98ab1e3936da06d4dd73	v1.11	BDBALL_V111_000200
BDBAGG_V112_002361	216d1036de3596c49e4c23de526e8bfcf72f037b12e4f225f15b71c6c2d1247a	v1.10	BDBPAT_V110_000230
BDBAGG_V112_002362	541eae001c4e00c657c12cfbdc185216b970e9631aef967f40d9f702c96b50b6	v1.11	BDBALL_V111_000008
BDBAGG_V112_002363	2ed13c64b800b232dc1ba99407c7211dd2e27233ce672e59c4c93fe2f6d4abb6	v1.11	BDBALL_V111_000007
BDBAGG_V112_002364	66b08fc070397676dbc2b65bccfa8856d07e05c1a007bd907ebbd14f474a0c50	v1.11	BDBALL_V111_000930
BDBAGG_V112_002365	315cf5e78b0b37ae09bab64db553374e5c08c2d83963a402afedb428ead51756	v1.10	BDBPAT_V110_000507
BDBAGG_V112_002366	cb0bd0b04233d853733bc5c8b615f4bcee48d403c1a2a625193c7c04f879db2d	v1.11	BDBALL_V111_000888
BDBAGG_V112_002367	224cb17eb24b03da7a82c955d806fc3a8704dc5b82d8c733f818696b4bb95fb6	v1.10	BDBPAT_V110_000027
BDBAGG_V112_002368	f8cd3dd4947f5c3e1bb8390860e01e92bf7750392dae6c335f6e28e1b2775305	v1.11	BDBALL_V111_000099
BDBAGG_V112_002369	439cca0ce4e5ff83003f19f17cc8a9b475a75ed95180fc478394ee72aaed412c	v1.11	BDBALL_V111_000689
BDBAGG_V112_002370	966cf0b9b05d2b427e56e5f3513f4cb03130071594b6341b23b061e8e1c6c1dc	v1.11	BDBALL_V111_000650
BDBAGG_V112_002371	5359bc60bbb41a83f58e2a47ac9c3319bf49ccb5d98334afce38e155a67cdb28	v1.10	BDBPAT_V110_000641
BDBAGG_V112_002372	2b4651d459d987431d9f763568116b31a35f15e140c1ac61c8043539a92c3097	v1.11	BDBALL_V111_000637
BDBAGG_V112_002373	44f1ce3a0602a8b0dbbd1a5114504167942c871257e941a6bb9d17dd8a38ca32	v1.11	BDBALL_V111_000822
BDBAGG_V112_002374	4b59f659725f1f3e84f65d6c0cd1389bb5f546121e21fe0278dc8561003b4d80	v1.11	BDBALL_V111_000505
BDBAGG_V112_002375	7485ff35d77a8f1fbf55211f3925d16dcbaab8ab4acc6bb3750d01261c95ed0e	v1.11	BDBALL_V111_000772
BDBAGG_V112_002376	6e6c7b5a6146bc9a5f31dd579d1b4b93fd98f6a7a90627ee0a4e86d2d5dff562	v1.10	BDBPAT_V110_001074
BDBAGG_V112_002377	5b3d663dfcd134eabacc5fd6c7ee0774bde8e571f6f2cb47160f2003934737fa	v1.11	BDBALL_V111_000830
BDBAGG_V112_002378	8e5d6b64cbc6b83b74acc43998d698af499ce8dc129ffe576de76e9395924835	v1.10	BDBPAT_V110_000967
BDBAGG_V112_002379	122c666ad4d2aca3facbaa466a5a482c801f839a5f604493c34ca689814aa318	v1.11	BDBALL_V111_001010
BDBAGG_V112_002380	1b9c3ff872f68ba3158c73bc19c4e90859715f418914328d86fe5cdf36305882	v1.10	BDBPAT_V110_000143
BDBAGG_V112_002381	aff5dcaa723e337bb51012de12d556c9066f5d8e8fef09882f7536bb77c640d9	v1.11	BDBALL_V111_000803
BDBAGG_V112_002382	c543f00732ae22da6473875e90d8b5b7deaeb1bc244258bb4a39d8fb3bbbeb5d	v1.11	BDBALL_V111_000494
BDBAGG_V112_002383	f9d4a46fccc89a66716f6936fbaa3546e6ce163d5d11e9f7883b16739d16e067	v1.10	BDBPAT_V110_001260
BDBAGG_V112_002384	5db9b18fd036752652d60ac64678882ddc7a9c3d18c3f6dd8013c676c3cd5b15	v1.9	BDBPAT_V19_001456
BDBAGG_V112_002385	1179a996d586e110870dbc0bc18e121499aa49634cd5c1e55bdda97fd132b52b	v1.10	BDBPAT_V110_000022
BDBAGG_V112_002386	c68251c977057554f850b192c7d34a904960f795514242bbc670dc3d2fe53eca	v1.11	BDBALL_V111_000045
BDBAGG_V112_002387	c0c6926fa4970f3da9e436c8642aa01b1c6d5614c78c863bf0a404bff0c28426	v1.11	BDBALL_V111_000463
BDBAGG_V112_002388	1d9e60fdb70322dc46ceca44b01aaae35ae7ff043d310b5d38590698ca8027e5	v1.11	BDBALL_V111_000286
BDBAGG_V112_002389	ad3e0e88521ba361178ac57aea21ec35fd2fe86af0369475c5a6aae91a88ad31	v1.11	BDBALL_V111_000576
BDBAGG_V112_002390	65533ca38927d57a18438e34615d9869fa2ea891574174554a34f461235451bc	v1.11	BDBALL_V111_000014
BDBAGG_V112_002391	9c6ba429fd371440fdd8bef65e7bff7216c4bd93b5138a3c8f7001487e4f2cfe	v1.9	BDBPAT_V19_002393
BDBAGG_V112_002392	288b0dcdef724788d9db6414657f659878649c11a8cf4b84b5dba91834fab129	v1.11	BDBALL_V111_000430
BDBAGG_V112_002393	1308f7601ddcea840a5640a23e26f6ca8a38add55c2d7485afe38b649d0de000	v1.9	BDBPAT_V19_000266
BDBAGG_V112_002394	02305bc7ef7f632faac622d0703c8333a835d13ed352cb12b1dec97eff75ec10	v1.11	BDBALL_V111_000160
BDBAGG_V112_002395	19f331bd47629a648ef7b175b3c67c39aae19191d045b8da0d0133c1e35aeadd	v1.11	BDBALL_V111_000188
BDBAGG_V112_002396	5b7002340cbb188900dd0776427b4d276a0e0ac3e9aed0a53058acc362b0d92d	v1.9	BDBPAT_V19_001417
BDBAGG_V112_002397	c4706b711a3ec09f67407ab83d5e7f47379725cc2037a13a265cd8e848c7cf84	v1.11	BDBALL_V111_000675
BDBAGG_V112_002398	d91b5fd525b25aa14c611c1b4b56559a4ae07a911f5cfed51e091b456c2d5188	v1.11	BDBALL_V111_000206
BDBAGG_V112_002399	a00130047df47e3a8c55cf82101f087f471f9868365c9c0541fcaca1e7abe1a8	v1.11	BDBALL_V111_000480
BDBAGG_V112_002400	4a399630b8823364c285a397ca97f1186cd8baa6466efcaf0528676c368c4099	v1.11	BDBALL_V111_000182
BDBAGG_V112_002401	b03ed8d9c0a0f3d3525dc45de035719bde42dff88ce35f1da2d6282bc44c50da	v1.9	BDBPAT_V19_002692
BDBAGG_V112_002402	d5bd534205eb5b2e5c29bec2efe0e34bb0de02c84d27b65e49ac6e3e46ac438c	v1.11	BDBALL_V111_000958
BDBAGG_V112_002403	1afe7ca2aa21a763b1d19d66b3ce1f3d351b2d745b54aa53c3920baddf9eb459	v1.11	BDBALL_V111_001056
BDBAGG_V112_002404	3c0ca4fcd10c4062c4bff3cc1bce7a44c04aad016daa71a87e2f438a06b0769c	v1.10	BDBPAT_V110_000362
BDBAGG_V112_002405	4d9f35d89d26d17c00a15ee26a2715e1575188eea94589fe3bc460d3aca4fe39	v1.11	BDBALL_V111_000853
BDBAGG_V112_002406	d5189be21007bd8ebaeb637f6515ad708f315f356722eee66412c1af1f4047ce	v1.10	BDBPAT_V110_000500
BDBAGG_V112_002407	962ea4271b9009693f44d290a7442106f385c4ff71700f70ef8c60e2513398c3	v1.10	BDBPAT_V110_001092
BDBAGG_V112_002408	707429c1bf108477b1d920717304860313a78ef6b494ea1973c858c5c75a72b9	v1.11	BDBALL_V111_000277
BDBAGG_V112_002409	c09e224f32ec109a5374f6af552dcae3b33e4b555d3c86ae94eeafe7278b1fd1	v1.10	BDBPAT_V110_001315
BDBAGG_V112_002410	8bad7f4f3d71ac9bc333708728b6d83d52cc0cd86d06833ec9ea6ccb38483a61	v1.11	BDBALL_V111_000363
BDBAGG_V112_002411	f15a0a1aad55c4d78f993cce8ad4aae17a6311434b0ed6b23911ac2565c051aa	v1.11	BDBALL_V111_000054
BDBAGG_V112_002412	3db913b4d99fe97f58ffbe9879718ccd9d3278dd1648c5a4a4f54e5f492a32b0	v1.11	BDBALL_V111_000272
BDBAGG_V112_002413	6355f6abb6ef7acb17f55cf8928aafab50f77c01c4b8971ab6b510c59e8c4a75	v1.9	BDBPAT_V19_001548
BDBAGG_V112_002414	d6e920f47faac4e68ae4954fd7b65350d60a18cfbdf1c0992f901f07e6d48bef	v1.10	BDBPAT_V110_001879
BDBAGG_V112_002415	63a28ec32845b5c54de8cbd0eb7c312cede4800a71a2dd1abbe746b3dc239cf9	v1.11	BDBALL_V111_000512
BDBAGG_V112_002416	22c0a709db12875ab17b37e7630c6315d3e85fa62bf4da3ef9288f9e3fa20bc7	v1.10	BDBPAT_V110_000358
BDBAGG_V112_002417	ee9fe99e60945935e3a90d207a2619dfedc6c24a8a92f56cc6e0222968d69c03	v1.9	BDBPAT_V19_003632
BDBAGG_V112_002418	fe6c446b16d712bad4b9e2231076c967a393e8c06969ed4d17b5d467b42d661c	v1.11	BDBALL_V111_000589
BDBAGG_V112_002419	c3c793a4cb7f7b196ede162ad132794788cc968e1ba38ed3041bd6d322278e7e	v1.11	BDBALL_V111_001016
BDBAGG_V112_002420	020b119f0654a8139c2e1da409a39bfc669e1431c233a83d833ef856eb625212	v1.10	BDBPAT_V110_000073
BDBAGG_V112_002421	2468efb8abc8873cd41b8e0f4d2b09784b2c50dced0e33c1671c0d10bff9fac3	v1.9	BDBPAT_V19_000532
BDBAGG_V112_002422	2b40f55795e82f4d216fa119ce57be5c42a087667cde602dd79b4afa0729ad88	v1.11	BDBALL_V111_000559
BDBAGG_V112_002423	7508b33619c339e4a9eb574a2dcc4bfeb7e636168f5ddd26724fadfe2ceb00e7	v1.11	BDBALL_V111_001049
BDBAGG_V112_002424	85c3726af670b9c41b62b897f823a405e1b003713d5e24781aa584497e7469dd	v1.11	BDBALL_V111_000697
BDBAGG_V112_002425	09607b40b45442502a3ce2d8476367a7e7674e4546f3c821dc5cb41e4f553f84	v1.11	BDBALL_V111_000484
BDBAGG_V112_002426	d95459d1dc0aa1dd0f7ddfc80b80beeaf927f5908ad21701f4bb1cea483e5584	v1.11	BDBALL_V111_001037
BDBAGG_V112_002427	5a975b3a0bf1b37bafb51544a46e307de0991457221338f804fce62bb6c3e956	v1.11	BDBALL_V111_000143
BDBAGG_V112_002428	177d7014b4bbabcf124a9ca84eb2ee4786d6f2de9090bd739084a9e68d4da542	v1.9	BDBPAT_V19_000331
BDBAGG_V112_002429	bab4cf9e154e1c107319c2603fa192feea290d3c722d419fd1ac5ef1a291df3e	v1.11	BDBALL_V111_000582
BDBAGG_V112_002430	3997d30a3bcebb08ae185b957975df05e576d52ada3d0b01318e38bf9aca6e24	v1.10	BDBPAT_V110_000433
BDBAGG_V112_002431	210ab75cd5fa799799d74e5a1b07a534948f3f02d15cd71e523d42b717bd5c02	v1.11	BDBALL_V111_000135
BDBAGG_V112_002432	4e9d50fcea4d7702344cf47c23e4587f74bfa06c919b4db92003f623d3aa2704	v1.11	BDBALL_V111_000217
BDBAGG_V112_002433	70751e74a91e2e7a3cade99a62a353cdaeddb8ac72a373ecb2bc407b9805446c	v1.11	BDBALL_V111_000373
BDBAGG_V112_002434	efb8dfd15f2ad3bb1307ef742b2bf2571549231f36cf8f399d977a50a1cc375a	v1.11	BDBALL_V111_000721
BDBAGG_V112_002435	96c096e29ff7e66c34a0d4b02130723c9cdd8a97485d69eb8b684870c94433c7	v1.11	BDBALL_V111_000646
BDBAGG_V112_002436	fb6bf5b122a7a93ccc74644c8cc81bdc2d12a1cef77fae3166a013a4694ccfb1	v1.11	BDBALL_V111_000790
BDBAGG_V112_002437	2f6d1c56cb80c70addbba0813b5fa0a96df5da1e69678c81484f36c6ad2ed49a	v1.11	BDBALL_V111_000446
BDBAGG_V112_002438	d43bc25fdb4b394a1a749a0fd69f0c8e64e93ced0c47d2e582757d2114aba6f4	v1.10	BDBPAT_V110_001554
BDBAGG_V112_002439	b37d9e5240982af5798fbc2307a3eb1ff7382857a154490f11f1cc2fc3830229	v1.11	BDBALL_V111_000733
BDBAGG_V112_002440	fbb3f9d8541c23edd024d098e124f376575b41403ba45c90679fc07ac8c82841	v1.11	BDBALL_V111_000138
BDBAGG_V112_002441	eca66772372e8bd90ed479141f8b02ce2515768b9478be72f145c237ff93c747	v1.10	BDBPAT_V110_001671
BDBAGG_V112_002442	9b2787cc8c8cc7c675165469ff90323d920b8548869543df38884f6f680d6487	v1.10	BDBPAT_V110_000618
BDBAGG_V112_002443	bdd095390888d51b656a90452bcc9fcf182426d0e1a119b60be792700b253723	v1.10	BDBPAT_V110_001679
BDBAGG_V112_002444	74cb2f9ccefb94341bf10af6af3e5d5704d982922776bae92563d4270206a011	v1.11	BDBALL_V111_000473
BDBAGG_V112_002445	4f09a8aab70d6260e9854989415fc65e7b5d18c2a416768937cbffe49f3d1fef	v1.11	BDBALL_V111_001024
BDBAGG_V112_002446	03e26d019e38fdf6195be43db1d65c1a73a143cf355eff2fafc9045b7820fdca	v1.11	BDBALL_V111_000060
BDBAGG_V112_002447	9280bcac2cabb28960e1b0b6b0aa750d30aa8633a3aa5722c8473a711f771743	v1.11	BDBALL_V111_000557
BDBAGG_V112_002448	14cee00c1dd5fee99f43e1ebc19122d753279b80d0db348a8e6c9e9907d5c1ba	v1.9	BDBPAT_V19_000291
BDBAGG_V112_002449	8e49001af11eb77c5e8cf7f8ef069ddbdc61085521bfd08ad359e5a84e2ed511	v1.11	BDBALL_V111_000173
BDBAGG_V112_002450	2b8febac825b8238ae538ce1628240fd625bc553234927add820c3fa9be9d11b	v1.9	BDBPAT_V19_000641
BDBAGG_V112_002451	4577e9c55a67520aad4a5183333ae715927e1d53e6fa12c64ec64c2772adbe4d	v1.11	BDBALL_V111_000756
BDBAGG_V112_002452	11b4a4e7e0a4a8dc41f3abbca068e3afa020eb1044101583b591a8f494dad355	v1.9	BDBPAT_V19_000252
BDBAGG_V112_002453	ff8ab5cb6149ed8ffd344ffc678a32cf75c61845e2d83c1a055d9f87def1b74d	v1.10	BDBPAT_V110_001826
BDBAGG_V112_002454	a3117c6649a98dc038f87d4be26d7d59987580fe1b0a5580d657a811036d53b5	v1.11	BDBALL_V111_000024
BDBAGG_V112_002455	2e28e8c530128fc6b66ef25631939067c0c9ca978c8f36639a51602331e054ae	v1.11	BDBALL_V111_000158
BDBAGG_V112_002456	9a3bce0efef67e53ef8b710b95e1f77633304b538e3e2afb37068ff7865db24b	v1.9	BDBPAT_V19_002361
BDBAGG_V112_002457	585bbfd5015ef5e0ac946bbd4b6a10f3595709137fa855a23e747228e7888e0b	v1.11	BDBALL_V111_000608
BDBAGG_V112_002458	36c4bd798a7db54447c907a6fff8637426695ab50f268c7b318bd2626d4f228b	v1.10	BDBPAT_V110_000104
BDBAGG_V112_002459	d180232f47c9490463a0433588292533c8bd98b9325196636d46b41a77bcb837	v1.11	BDBALL_V111_000696
BDBAGG_V112_002460	f05f819561f2bbe007e1b2f1d0078d5d3f1d3e02869f3bf8f722dab4bd97975b	v1.11	BDBALL_V111_001003
BDBAGG_V112_002461	a91e576433d16ce1f05ea2e3bf735e699f15033d5b29aa2d6a7941be98792e27	v1.11	BDBALL_V111_000292
BDBAGG_V112_002462	ec50cf8eaa7e34fb83856931666a0319e69c44f40c12e05afa7a6b90f6513ef5	v1.9	BDBPAT_V19_003597
BDBAGG_V112_002463	6164a50e1f5d535414890618cb5344e265efc2de14db7c7b550e73e2748f8411	v1.11	BDBALL_V111_000657
BDBAGG_V112_002464	d335e3784324523380c9d3594b2ab7d1f4734b8553b1ea33ab1abf0b98062385	v1.11	BDBALL_V111_000213
BDBAGG_V112_002465	c070058f6a50bf16567aac58c8451c9115a0fd08168585dfaa496e7c56c70b5e	v1.10	BDBPAT_V110_000768
BDBAGG_V112_002466	907ff8391dca25b39f9a8ac007d50a6b4e7e4fd8d7f589bc5d23e01801ef3b4f	v1.9	BDBPAT_V19_002216
BDBAGG_V112_002467	5563d9385d640c118da6c5b15ba8705562480ed2aa58eedbd1ecd3bb14533a6f	v1.11	BDBALL_V111_000558
BDBAGG_V112_002468	7eac85b53fd3f3d1d301e5f865971d7dae358216622aedb566372becb429b133	v1.10	BDBPAT_V110_001057
BDBAGG_V112_002469	6f6043a3b09961e7e732d1d7e1ca74e8a0aabbfbe4c26f4199fe052ec0aef80c	v1.11	BDBALL_V111_000527
BDBAGG_V112_002470	0cf52e42ce9b580f10119d946f73f7e2d6535a58a95f56ee2d1351ac28a9be9d	v1.11	BDBALL_V111_000434
BDBAGG_V112_002471	f8ac64b0a89c7440afaeb5277d3d4b67bb28f79f53a1ec3b22375ca759449003	v1.10	BDBPAT_V110_001236
BDBAGG_V112_002472	82c615e9760bfbff98cb738ad53e27ab774417a10b4f75f96a3756b6d86b8256	v1.11	BDBALL_V111_000919
BDBAGG_V112_002473	d368ba61d43356a493c8449ec9a138a2066f58eef3951c94d86a0a630eaa8999	v1.11	BDBALL_V111_000096
BDBAGG_V112_002474	c566b427b92c999ae284a3846f9c99ba32a5e7071c3e51fbfad40863a8c81c9b	v1.11	BDBALL_V111_000402
BDBAGG_V112_002475	852ffda32ab3869b711a2a8ea1b6f33ce74d17b2e13338bfebe6ad0b337332d1	v1.10	BDBPAT_V110_000365
BDBAGG_V112_002476	78cb0976ea05079b3e8fbddab67cbc68826a2be345386a01e7e9efb5b412e8a9	v1.9	BDBPAT_V19_001863
BDBAGG_V112_002477	c3db52eaf968b186a276f9a02026bb7a7c323ea10e384838b8da90914a98e72a	v1.11	BDBALL_V111_000216
BDBAGG_V112_002478	33a44a0c451ab3789a5fb1d17e1989dd58daef5e998925d78df60223fe4065f7	v1.9	BDBPAT_V19_000774
BDBAGG_V112_002479	84da47d1c6c2eb94ff2be32b222460777bd9cf8073be6676c06fd732d1832ecf	v1.11	BDBALL_V111_000375
BDBAGG_V112_002480	143d7e29304ae51e775423146d0988c5cdbefe4677b1cd25fcf8c720f1f4ff6e	v1.11	BDBALL_V111_000548
BDBAGG_V112_002481	9b5a2cbdbf028e590082b742f70b405aeb6e9505f8126949d717504db73c631d	v1.10	BDBPAT_V110_000838
BDBAGG_V112_002482	c1808783e9849344717e4f0218be7876c17d709326b1db5cdc5eb83420864641	v1.11	BDBALL_V111_000412
BDBAGG_V112_002483	ad4d5c30ad2f8b82e593252f3b0fbf9d8295b56f3b823636c92333ab79098741	v1.11	BDBALL_V111_000380
BDBAGG_V112_002484	ef5a47b6d19dc7d0d891a2ea800ce98f57fd7592f8a500490d2df9730a931ab4	v1.11	BDBALL_V111_000959
BDBAGG_V112_002485	dded31d5562a350be2f3708208bf2f493a989332b1b62b0ece904aa92bb05715	v1.9	BDBPAT_V19_003366
BDBAGG_V112_002486	361d82ca4aa540a0b27e38303092be2ac0f6b5a456d05a5993ffbc3919c06079	v1.10	BDBPAT_V110_000299
BDBAGG_V112_002487	8e119e18331a0fbe532033470d56d5dfd84c6d9b3d9b4d608435decafe4bf849	v1.10	BDBPAT_V110_000617
BDBAGG_V112_002488	e51df420acbb2101892f32ba5adbee81278b08ea6f160a8da6590a4c494715ac	v1.11	BDBALL_V111_000699
BDBAGG_V112_002489	70f8b061a2b3918accf536d624813f13e1e955c838a5e8bf9d48428b9c4446fe	v1.11	BDBALL_V111_000492
BDBAGG_V112_002490	dddf697cdfe13e388ee553bbffd03705857084f9a181bc8db82a313907d99946	v1.11	BDBALL_V111_000325
BDBAGG_V112_002491	cbc0a5ef058a7abb57984f9843ff1ba3faba225d9ed923790a33c6530d1c46f0	v1.11	BDBALL_V111_000323
BDBAGG_V112_002492	feb87d9b5908132d6c5b4dc65696c5eef0be51fa30e2794760075ff1b2cff593	v1.11	BDBALL_V111_000276
BDBAGG_V112_002493	92659b845f1d4bf8e6cdd0e894564453dbc0ba7972c5c6696d000cf34c22439e	v1.11	BDBALL_V111_000602
BDBAGG_V112_002494	fb7df637413ea421042889d10334335cb91cd30e406b39455cdd2f801fef0694	v1.11	BDBALL_V111_000026
BDBAGG_V112_002495	feea14142541092a2d72f764b787d33be1b519bc58bbc82d23a1ca134f5c6af1	v1.9	BDBPAT_V19_003850
BDBAGG_V112_002496	f1a6cc4cb7b8a42f2eadbc10080aa6d374476683af649334c30c2b61be9cbc97	v1.11	BDBALL_V111_000981
BDBAGG_V112_002497	529430cd53f8d3cc5a36172b3ba13c499904230f0d4fd29271ab2a7eb1a84bde	v1.10	BDBPAT_V110_000441
BDBAGG_V112_002498	a7485d366ae761987b75c9a0919e7d8a5aa20208ebea05bc4d294937a7c1290c	v1.11	BDBALL_V111_000128
BDBAGG_V112_002499	cb06712390b74cee5caf7614964e276e1dd05fc2575febfdc2932f8e9e226bb6	v1.10	BDBPAT_V110_000910
BDBAGG_V112_002500	450ddcba55f3542c136003119d267fc77a628ee5783b7f5ebfc624cbd4564a4c	v1.10	BDBPAT_V110_000502
BDBAGG_V112_002501	5f1f2806d94c69e6765528643d88c3715c2c29695c2a9d4b388fa56413860379	v1.11	BDBALL_V111_000079
BDBAGG_V112_002502	df40e8cfbb8e4186cbf97043b01657cbf1834b2110c6d0ef7c10813b912a0dce	v1.11	BDBALL_V111_000593
BDBAGG_V112_002503	c48a16f6827cb1ef896a336d9f06f6fc1e0691ff4631773fd30036af20dba14b	v1.9	BDBPAT_V19_002975
BDBAGG_V112_002504	4341e090be9fec16ae432259c38dcf7b79304b7caf79b7fc61a74634679376f6	v1.9	BDBPAT_V19_001015
BDBAGG_V112_002505	790c0d168933200865155738769ac560b1a21784964f1dbf9143c8d69b4e8ba1	v1.11	BDBALL_V111_000717
BDBAGG_V112_002506	a22478901953b626db44a119e88c54662cd6bb2c74036ad04f4b5cf069753e9f	v1.11	BDBALL_V111_000962
BDBAGG_V112_002507	24fb517fd5c7c089373bc152cf105eca13f74919ceaa983e786361c13218feb9	v1.10	BDBPAT_V110_000026
BDBAGG_V112_002508	252a75e0f15be5ffaa1bea738a571612f425b6cafa1d0861c5f7a653aefe2adb	v1.10	BDBPAT_V110_000115
BDBAGG_V112_002509	d1a0795802989c691657165b25330dcc9d7952affabcd2b0a3647d3604380105	v1.10	BDBPAT_V110_000214
BDBAGG_V112_002510	98147021785fb08aef94ff30dd93438fe4412282e1d1136eeba8ca86645468c5	v1.11	BDBALL_V111_000239
BDBAGG_V112_002511	b6bca5b821297923f1e1576f81c26b8f88ffe6d5e81dcd9e0bd8de21c8015a38	v1.9	BDBPAT_V19_002786
BDBAGG_V112_002512	acd8f51740f1705543986ee07424b316e6afd56f277ec1960371cca944aa5c84	v1.11	BDBALL_V111_001022
BDBAGG_V112_002513	02b2dbfcb67849b81d2517bf4d9c08d15276808db37977390b4e29b1c26c9684	v1.9	BDBPAT_V19_000047
BDBAGG_V112_002514	cbc13362fd7ed338f7a915e80cbb74199f8e21f4ec2449d6d0ad6eb1fb6eebeb	v1.11	BDBALL_V111_000605
BDBAGG_V112_002515	71830dd496eb26bc46d5635d872bd112c06cf82d0d9438a463f772893eebc9c9	v1.11	BDBALL_V111_000238
BDBAGG_V112_002516	f22466794f1cc3b283707f4f7b4a7320d249f8b758350139d8bdf9c73ba07270	v1.11	BDBALL_V111_001090
BDBAGG_V112_002517	785f5996ec840694554dbb38210f309d7414a659341ed3bee784fe3ba3b3cbc7	v1.11	BDBALL_V111_001033
BDBAGG_V112_002518	3885041b15be6171ccf3c5b07c587980ab2107f0bfe17fc8fb6e94a08ed988b4	v1.11	BDBALL_V111_000070
BDBAGG_V112_002519	55b44e544fdbbcfbc65fe63fde350bd4c8b213c354711a1079deb9d6d1056a88	v1.11	BDBALL_V111_001032
BDBAGG_V112_002520	00dc187251a140d324338efcbf3058d1fdd7dfaaeebb65209ef42a58fab25249	v1.9	BDBPAT_V19_000013
BDBAGG_V112_002521	26ca21cfe36a722cff869e6b74f350fecb359580ac7ac8d84ae1258053ecdaa7	v1.11	BDBALL_V111_000257
BDBAGG_V112_002522	2036482939dd42d94feb7e1f48e7f93d0cb63dfcde34c1c713d9c70299456f7d	v1.11	BDBALL_V111_000598
BDBAGG_V112_002523	bd758ff9a8fcaa88c6fd70164501cb0b88b594bc3f91dcc228ce6fd1a42505df	v1.9	BDBPAT_V19_002876
BDBAGG_V112_002524	f63566aa5165394db7b741b4febbdf14a7598b0a64f6bfc455352670abea4aea	v1.10	BDBPAT_V110_000781
BDBAGG_V112_002525	4ccb9f0f33d5f78f425f8c76957d016b4a220b36ceb0ff995f5d90926452d6d7	v1.11	BDBALL_V111_000827
BDBAGG_V112_002526	1049f2f6d0315f107c1174e928a5d18680c0c9daa3cb22945fbcca68b63840d1	v1.11	BDBALL_V111_000391
BDBAGG_V112_002527	0f49fda34b4d9f27fce87cda6270a323a78c6cac78377918ebd4fb6e3b90d6d3	v1.11	BDBALL_V111_000117
BDBAGG_V112_002528	89a716971626dfb18b2e39283b750df7c878f9779384b1973a310692ece4c615	v1.11	BDBALL_V111_000474
BDBAGG_V112_002529	6cf02cde9abd6b6a78d8c989dadda4726dc77dab393cd252ba868c2adb4c68fb	v1.11	BDBALL_V111_000072
BDBAGG_V112_002530	56ca2475dfee7413c87a232e76d2dcd84cbf48823f8d3d3e9747f0b387fd644f	v1.11	BDBALL_V111_000381
BDBAGG_V112_002531	e0a4f03791948b4fb484515520b5232b46b0eb9570bdc67d3833c7d17e6a1e84	v1.11	BDBALL_V111_001071
BDBAGG_V112_002532	c907bb3d3480fb0afa49567f52508df270e602a5d3d47dcae38135243429446b	v1.11	BDBALL_V111_000439
BDBAGG_V112_002533	2bc615189799d3174bfc4f0b4b80cde23d22a98b49f877e414c0b984d480ef57	v1.11	BDBALL_V111_000049
BDBAGG_V112_002534	00871bae777242bfaac725c855c83df52f3f2504c049d51468d4149031d64b5f	v1.10	BDBPAT_V110_000018
BDBAGG_V112_002535	7f8190d6c32beb8a474f97d9f374cd339107892349676599f1b4e39f7fde2d6e	v1.9	BDBPAT_V19_001963
BDBAGG_V112_002536	e60f3b2b96fb6a25cf291440c0f5cd66593138b61454a57b95e28d2efc48aba4	v1.11	BDBALL_V111_000920
BDBAGG_V112_002537	0a10344b6302d637af92b606a9ff887d9fccf7bdeb523ddff7882b0429cd0410	v1.9	BDBPAT_V19_000137
BDBAGG_V112_002538	6f7eeeeef7b753a53bff4fef9d17da5e4c89417702c13305951c4f590e2c0202	v1.10	BDBPAT_V110_000487
BDBAGG_V112_002539	4cac8cba72a082c0be052074f91aac8e1c514ff2744c63cc8a25feaeff9a9ce3	v1.9	BDBPAT_V19_001188
BDBAGG_V112_002540	d05cb1c2e68ee5135e9acaa66ab5ab3ef962a55d685e98bdf372175bd87265f1	v1.11	BDBALL_V111_000465
BDBAGG_V112_002541	017e3cf4df9c470a653631f1d5738261fff35f827f9af61de789b1a04abcc442	v1.9	BDBPAT_V19_000024
BDBAGG_V112_002542	f67b81ba0f933a6014f6fe93e344b6e8019483f5fde5767984d06c3f74d68bf9	v1.11	BDBALL_V111_000545
BDBAGG_V112_002543	492c582e7697ceee05f43dfbde99146c7940f1c31ec0fbb70bba288ac3459146	v1.11	BDBALL_V111_000051
BDBAGG_V112_002544	a60120d2f0b7cb446bd131c0c9766f6f7eb17d59db91005f8f6e296c0c0c77a5	v1.11	BDBALL_V111_000944
BDBAGG_V112_002545	0cf84b9191035f90c0f797b227652b5e6770d8b4b703f4821c4833aa2644d026	v1.11	BDBALL_V111_000244
BDBAGG_V112_002546	cb38b688ecb32d7be2fde188643c459a60aec5c169b771f845384327db0de632	v1.11	BDBALL_V111_001052
BDBAGG_V112_002547	96f45a275ac9855c87fff4641fe7ae0f8f5c48407521481f28b8c9f59eff6c27	v1.11	BDBALL_V111_000687
BDBAGG_V112_002548	a22d5b17368da641faee079c57d9aebe1290b2bbba03518acbd89d3e062cb221	v1.11	BDBALL_V111_000651
BDBAGG_V112_002549	3a392ad325f6a226c476f39e6ceee7d12be60c37447de1472f83abbe910b5f94	v1.10	BDBPAT_V110_000357
BDBAGG_V112_002550	2fb8f530bbd0bbb5bed5752714b2a308aa6e55edf70a66ab5c7831a8a64a8abd	v1.11	BDBALL_V111_000102
BDBAGG_V112_002551	2f90a784cb0749bb61686b5dc5a18ed50a309d5bdef5417d68060aa3e8f1630b	v1.9	BDBPAT_V19_000708
BDBAGG_V112_002552	53a242a053f7e01a25c51e8a9505d5c44fa62950f6e6df8dc7236d6b34118ea2	v1.11	BDBALL_V111_000111
BDBAGG_V112_002553	e5bcaedb16e44abf9c3abf031ddbd21f94a3f5afb05b406904ce978c30110243	v1.11	BDBALL_V111_001089
BDBAGG_V112_002554	d07471c853b77545c18da2992a0ec09aa37dcdf2a4e1bc58a40a0b7ef3c4fe4e	v1.11	BDBALL_V111_000757
BDBAGG_V112_002555	217c739a83089f3aeecaec4c2f8de2ce091df3358a2e006bec2b940a1118defa	v1.11	BDBALL_V111_000591
BDBAGG_V112_002556	fbcbd554f5e23d3b112894f52fa0575481d981f62457a9fd4e8030190265d94a	v1.10	BDBPAT_V110_001160
BDBAGG_V112_002557	65289322b75aac5687436282d669ef29570341cd38d50c8a5aa5b8d8d2216987	v1.11	BDBALL_V111_000728
BDBAGG_V112_002558	e365f3d2928cd4196fe057d722f128817550cfb955e34daaa3ec11752ebad4fb	v1.11	BDBALL_V111_000481
BDBAGG_V112_002559	d4aae4ae7bea31b2dc702ffbcc32c1c46d5564e5bd5380b02f935b1cb392898e	v1.10	BDBPAT_V110_000631
BDBAGG_V112_002560	a8fe8d389d9140813ccc1a8c1ac5ab1a1302b9913478b72f6566f75b015e11c7	v1.10	BDBPAT_V110_000773
BDBAGG_V112_002561	12082eba3732e72dd02778c1b6a2749c7d147500795c55d394650a890b61d20f	v1.11	BDBALL_V111_000990
BDBAGG_V112_002562	8616e1a590c5911a1bc6c26ff6e7fbdf5f2c67b7fc75ffdfdd1e96e2c2f2e25d	v1.11	BDBALL_V111_000458
BDBAGG_V112_002563	ebbf7887f0a6cc450144187968405cc51e345e08df9f10d2d53b392bacc33425	v1.9	BDBPAT_V19_003579
BDBAGG_V112_002564	002dc553d43bf6e571707b64c061561f0d57be619b1b8f0ecf0ee5880acde7de	v1.9	BDBPAT_V19_000002
BDBAGG_V112_002565	133b66100a3740c8a4ec8faa2e11e80b1c1518c4ec96fbbb228ec18ca1249657	v1.11	BDBALL_V111_000824
BDBAGG_V112_002566	570138604798a0bd103b347095264a3c325962121d51d040fa0b12398e376891	v1.11	BDBALL_V111_000271
BDBAGG_V112_002567	16d6dfe6808039c84a337be55ba079e0d48e28b9202cca847e244ca5418f2e82	v1.11	BDBALL_V111_000991
BDBAGG_V112_002568	0d71eb028dc8781a1c082d6fc8e4116f5819409962c9e7db5c95749157b3ee10	v1.11	BDBALL_V111_000497
BDBAGG_V112_002569	a5088a8abeb2116fa5fdf4d7a66949a7b07142a5c26f5f5f0dbe036f314a9bae	v1.11	BDBALL_V111_000771
BDBAGG_V112_002570	479c8e3e7bf7518a6091e5cbc7650cd69b522f4a5de3ed1aa69177489c5c506e	v1.9	BDBPAT_V19_001081
BDBAGG_V112_002571	a6660beb6c9d34d4e4501d702c081cb29281dba7b382e84ab8cc81c49ea6e86f	v1.10	BDBPAT_V110_000332
BDBAGG_V112_002572	202118bc38a7e9bb239259efa84656d3e98648a21bbfe87d89a0da401b818e2c	v1.11	BDBALL_V111_000636
BDBAGG_V112_002573	7ce14378abd3df8c18aaf26c444ffa2f8845f59582b1a34ee63f5fb0f49b0ff2	v1.11	BDBALL_V111_000440
BDBAGG_V112_002574	6a773e6b51de402698353130fa042ba371c35ade5e5fc9c4beedfe02964e1a48	v1.10	BDBPAT_V110_000606
BDBAGG_V112_002575	7917d093e862715bf898b2412fb5c4cc6143fc8e6b8bbefd8c7f8e726925d27e	v1.11	BDBALL_V111_000240
BDBAGG_V112_002576	c405e1a18e74d0da3ae771ac4006c7efe9a0653b591578e8baf0500a17ff8190	v1.9	BDBPAT_V19_002962
BDBAGG_V112_002577	950534ac826c5e00d45d5f529d331776a684a863f9e75e27270890231cedffb0	v1.10	BDBPAT_V110_000384
BDBAGG_V112_002578	7a9dd79e537f6f3177a0e496f0cdc870a52faa1ba809817c4716164e18de6345	v1.11	BDBALL_V111_000753
BDBAGG_V112_002579	d057a46dc0475cc3b3ff6e1f450871d0698b363694e370cb7f5c62ed87590448	v1.11	BDBALL_V111_000620
BDBAGG_V112_002580	4d051c495f1df26966c6cdbbc971c8440c06f27a3cc0247873be5ed3709df701	v1.11	BDBALL_V111_000785
BDBAGG_V112_002581	8b8a7a55c0d704c6f43d8549ba0e6f40fb31f06331c7d392bbb50cb27a015ac7	v1.9	BDBPAT_V19_002134
BDBAGG_V112_002582	09a25a49407b49043249e91a7f762b3d8aa5b7213d254bc3c51214c0948ad155	v1.11	BDBALL_V111_000090
BDBAGG_V112_002583	e50c783de2de73d1fd62b5223cd43d02837320c5151d07073d63072e67d3f189	v1.9	BDBPAT_V19_003480
BDBAGG_V112_002584	a41d36a06016fc226f349e516981cfca5bbbefb39da5e100328d78bad9347989	v1.10	BDBPAT_V110_000694
BDBAGG_V112_002585	9e0c183074bbe03233dfa9c641d407bc8528419f6d0f0ee3057abd60f0ac92d9	v1.11	BDBALL_V111_000478
BDBAGG_V112_002586	6d695900dae526d96780cf00fc25ce5035beadfc78748891bdb5466ea0c327fd	v1.11	BDBALL_V111_000486
BDBAGG_V112_002587	e79f0e681e709e63143199479949836f4906271c7b8321dd74c1da6f887db40e	v1.11	BDBALL_V111_000861
BDBAGG_V112_002588	cc34cecbc8b2b4ccb2739190906e0f94a40964bdeeb00e55c6e69eff754d56c9	v1.11	BDBALL_V111_000784
BDBAGG_V112_002589	947093f509982c7ca8a2f5f65f92c81e5bded63733f4dc6efe53b6e070fdf8f3	v1.11	BDBALL_V111_000860
BDBAGG_V112_002590	c2b7fcc8a20dc40860205a104f811ec92b48f6aebe7ee55a9ede9f4cb794a042	v1.10	BDBPAT_V110_001028
BDBAGG_V112_002591	7d2d713ce0de30fbdff6763a891d4cff62571fa22fdf655e8111703ac6866019	v1.11	BDBALL_V111_000518
BDBAGG_V112_002592	81a42b6ed89e91c75c631633a770d47b521311cc4bfeea5ead47cb869d0b6b4c	v1.11	BDBALL_V111_000308
BDBAGG_V112_002593	f6789142f5c3418e01af2be3fe6f9e697fca58296519ec672dec8498968f01b9	v1.11	BDBALL_V111_000956
BDBAGG_V112_002594	8d1345cda1b86d85259b350fe23a4a144e77e5c193508a7b7fec318f04b84032	v1.10	BDBPAT_V110_000440
BDBAGG_V112_002595	0fb7b108aba2ef99f749f00ca267bdca2458aeca8dea9a5673b65e8596860c71	v1.11	BDBALL_V111_000793
BDBAGG_V112_002596	85789b227edc80ec0cf6ec73cd175a485ab5b92abf523f75f1ceef0e6901de47	v1.11	BDBALL_V111_000989
BDBAGG_V112_002597	9e24e883af5e12f1cf401e598020ccf0c382858a219b94270e316c8ac08b3547	v1.11	BDBALL_V111_000535
BDBAGG_V112_002598	d158a5ba3f1ddd6b5a37b0b46a7890a555dabd8a62f3b5f19f33ac8cc9f6ba4a	v1.11	BDBALL_V111_000233
BDBAGG_V112_002599	01ece992a82fcd29c23232adf024c303df3eae4678fbb230d2f66a555db17048	v1.11	BDBALL_V111_000100
BDBAGG_V112_002600	f72fc1f8852979a616aa35310ba5b78a096a1618d0a82ed88213cf24271442e9	v1.11	BDBALL_V111_000030
BDBAGG_V112_002601	8a16705f493fea7069cf34ea5eb100a37206e781b143e501900f248ce60007ed	v1.11	BDBALL_V111_000985
BDBAGG_V112_002602	2f2d611b0a3a028941013037fce28809885adc94b160b77054a4289db0c1bbce	v1.11	BDBALL_V111_000369
BDBAGG_V112_002603	7cf1c1e8c5438bbc271a698dbbb5ea3e16b7dc1855ff1feaae9a7b1b7d6113ff	v1.11	BDBALL_V111_000347
BDBAGG_V112_002604	98d805ac0168e2df8121c2e1a5400e7ac7263dadce0889ce98c44b36010524ee	v1.11	BDBALL_V111_000727
BDBAGG_V112_002605	64306bbf3c8c7aa98eb112f8107ebce66c4a9fc2201bf0c318081a03609331d0	v1.11	BDBALL_V111_000846
BDBAGG_V112_002606	4adb06d8e71bb2661119f2fcd2d6b8dc5e92449afcb62af6b6186ab38f8c45a7	v1.11	BDBALL_V111_001006
BDBAGG_V112_002607	8cfd16887d1c7d67c4aa8c984d7d80b43956148a65e3bf103e965640b9358ac5	v1.11	BDBALL_V111_000436
BDBAGG_V112_002608	ecfaa34d8ee240b4b777b936ffab96d36d09dc1640b35a6ef799030f6a45c072	v1.11	BDBALL_V111_000983
BDBAGG_V112_002609	a6387e095ef06c9ae129f76d271619295d93b2944bab85c357270d24687a948a	v1.11	BDBALL_V111_000151
BDBAGG_V112_002610	3ccc37dd284471ae429df6514528fc9b05ccb5d1afead37a75d5fbf47569395b	v1.11	BDBALL_V111_000759
BDBAGG_V112_002611	603dd78ba36e9782f86480431ad7bfda1964bf2e0a24e7d801ab660903154477	v1.11	BDBALL_V111_000603
BDBAGG_V112_002612	e1c2027b8afde99ac04252905a08668c6f50a4e7feb265df579519f892f0420d	v1.11	BDBALL_V111_000189
BDBAGG_V112_002613	95789cd70d0f63a53787bb419be2ca3e7703f41545fa14d45e51b1b6203ed84f	v1.9	BDBPAT_V19_002286
BDBAGG_V112_002614	120889f6f0ea3ce7b232a587e55d396097c5c1875856c8bb2dc8e14dd59f8196	v1.10	BDBPAT_V110_000060
BDBAGG_V112_002615	af12335215d22497b879d4e384ca4ae1040979d0529a2cb7345f3dc118fd46da	v1.10	BDBPAT_V110_000523
BDBAGG_V112_002616	9265e698ba577a2767b046632e29413ae9261192d56d75b535583935cb20aedf	v1.11	BDBALL_V111_000234
BDBAGG_V112_002617	ae635f084bd1d868c03aae3e8ee965414373fd597b0279a21f8d954000280dce	v1.10	BDBPAT_V110_000965
BDBAGG_V112_002618	ab1403f417352761bfeaf9ef9a0fe6c94d17b029b9989e7e11bb56c1275ed852	v1.9	BDBPAT_V19_002618
BDBAGG_V112_002619	31762fa37181731742df01fa05bb9637fa034b560393021ddf7f4d8d2dacb879	v1.11	BDBALL_V111_000873
BDBAGG_V112_002620	efab2e4f94e201b459472ce71e4d086f0e9e976e3e6fab89da44ecdd9fe3f9e8	v1.11	BDBALL_V111_000934
BDBAGG_V112_002621	b30afdd9ec31fce68d33018fee6236f41336c959d1c2d2ddb8c753b1b616af42	v1.11	BDBALL_V111_000667
BDBAGG_V112_002622	0dc985a4170eacf083081d9ec9b75cea54db6e4bf0a8f9a9f6c0266b5b98c7ea	v1.11	BDBALL_V111_000644
BDBAGG_V112_002623	3e571675dedfa7e0f7ace7196cba4ac0732d54b7efdf678c7261e538b5855c53	v1.9	BDBPAT_V19_000934
BDBAGG_V112_002624	b62e998ffd691b8afcc1e8b8428384c15c51ec6d4011e24d977db78b196cbcf0	v1.11	BDBALL_V111_000718
BDBAGG_V112_002625	541fb097af9e0cb2dc945af1fcd9daeaeb6fb2c6b4c5904bfe1ac1b22dcbc7c9	v1.9	BDBPAT_V19_001305
BDBAGG_V112_002626	75587355486f7863eeaeeb1a51ed4ec961b1d880ed59cb8503af7cd1ac8c3e86	v1.11	BDBALL_V111_000586
BDBAGG_V112_002627	f43d088d1f42736666ae6b05de15de1baa86629e11543cad150522c9b581cb5d	v1.11	BDBALL_V111_000798
BDBAGG_V112_002628	a7677413687bca2a3b2f85750ab898acb266dfff299c18e476a22c9ab2fa9417	v1.11	BDBALL_V111_000902
BDBAGG_V112_002629	da883c635a7b5f8a81564d01cae446ee91abc1d0623a1b53d8b980712637df4d	v1.11	BDBALL_V111_000514
BDBAGG_V112_002630	ca1449cbf7a8890b9c16655805d5255906ed2da0ca6829b3de97c8dc3e3f452d	v1.9	BDBPAT_V19_003070
BDBAGG_V112_002631	fc8533563a816f4ba469a127db66e9c15a5b5d48fe9ba5e2b6fd6e2d0dcc4ff9	v1.11	BDBALL_V111_000266
BDBAGG_V112_002632	7a3115ce229d7e7d34f3f7519e3e36f4a6b3c269375e1f540b7f1ee5439d98f1	v1.11	BDBALL_V111_000367
BDBAGG_V112_002633	d74940b5a14d6d6cd94efb402fa6e52b383c71ab188935a7f1d51c4b417c6622	v1.11	BDBALL_V111_001053
BDBAGG_V112_002634	eb6e4b810403966185a193c443f3ce2270921f05bf74e91de62cf1c8e01d0b91	v1.11	BDBALL_V111_001018
BDBAGG_V112_002635	12b87d7f7eb46eba020a0d8d91ea9cf85c220c88b8e1f3aa1af11beb7ce6e01b	v1.11	BDBALL_V111_000422
BDBAGG_V112_002636	b083783c346abc4ddd4d2e07143ebd8f9cf6047c506fb8f502b8021b4bd51686	v1.10	BDBPAT_V110_000836
BDBAGG_V112_002637	31537580cc7f69f9461872fcb87a9b73b3d7e891013b9109f56fa3ee305faa02	v1.11	BDBALL_V111_000386
BDBAGG_V112_002638	4c9b8cfea832f14c6da8a8e28d7be3ecafff8fc6ebc509d398b193f7934afea2	v1.11	BDBALL_V111_000350
BDBAGG_V112_002639	a1f4d6b884f7a8516c6d75448187fef32f6c8e5607f1ddc3cbf45624538de693	v1.11	BDBALL_V111_000839
BDBAGG_V112_002640	0be434b87e093311e0d3a8392c407e825b8f133f9c06cd9abdea8c92fd6633b2	v1.11	BDBALL_V111_000103
BDBAGG_V112_002641	d5ffb7b21ce983c0fab94724fd2d9eafcd848b5f05b5ec19601b841eee64c561	v1.11	BDBALL_V111_000980
BDBAGG_V112_002642	296d11d9ec4806ab554adc327e6005763a005f43f5c407f3d2a76a0740ba6e2e	v1.11	BDBALL_V111_000493
BDBAGG_V112_002643	c719c99b341eadfd6c2df6a8ebcdd661400231472e27b17d50a1eb1d3a4c39c2	v1.11	BDBALL_V111_000715
BDBAGG_V112_002644	9f92d2899b671503efb50df5baae86a8e14451def652f00daaea29be3d83d8fa	v1.11	BDBALL_V111_000317
BDBAGG_V112_002645	f59be6406e8d82b980a6eebfa83535e1f4cf235d11a2522173d61dfaa7e31627	v1.11	BDBALL_V111_001039
BDBAGG_V112_002646	cee4676d137cd32eef2623837b82328b2278a72f0569fc351e4520acc585cb6b	v1.11	BDBALL_V111_001070
BDBAGG_V112_002647	112d28e1b086a97a3f9021a477671077e000fdfa675b97a1a18da304af02cfbb	v1.11	BDBALL_V111_000900
BDBAGG_V112_002648	015b2e65fdd1792596768899a7031c9d8757321b21fc9fdce87a63c11e168d65	v1.11	BDBALL_V111_000132
BDBAGG_V112_002649	381a9822f5e581f2f72d535724937e72f01d99bf14b1af6e1f6bc7f9d106c2dc	v1.11	BDBALL_V111_000252
BDBAGG_V112_002650	4304a4735e143b4c5121ca009eb8bede72ec5c3c31503d56f7e6d290f8ddcd55	v1.11	BDBALL_V111_000704
BDBAGG_V112_002651	42e89902c4b8acfd4262685c27f3f5cb3784cc122b5356988f32cc4364d9b4b6	v1.9	BDBPAT_V19_001007
BDBAGG_V112_002652	417436f114a6e0e486a2a301cd6e177050f54c23884d10edea4a43735f8c469f	v1.11	BDBALL_V111_000716
BDBAGG_V112_002653	706602c28670b82609e21ce960e3ba02d72d2705e02270089f886d7f74bb2201	v1.11	BDBALL_V111_000225
BDBAGG_V112_002654	9589f4460439f9b890b1e8d6ca641b8221a0ab758c4ad6de81beabf93ea186d1	v1.9	BDBPAT_V19_002288
BDBAGG_V112_002655	26b334e299b5dcdb8bd40d90cd6669c4bb46193d5b7fd779c40f11f5097e7e44	v1.10	BDBPAT_V110_000316
BDBAGG_V112_002656	1759bf9b9295c3266ca8c5cf5de2a72377d2ba0f3fb8c47233a4a8e15d9c5a1c	v1.11	BDBALL_V111_000330
BDBAGG_V112_002657	084126732effaa8f10d0cc01b70019ddb0e584a22a899c4a7a5ca2895c2343aa	v1.11	BDBALL_V111_000172
BDBAGG_V112_002658	36fd10b38696825ac52eb0c402789ca9b3f9063ddee494b4a8b6ebfbe809a3ad	v1.11	BDBALL_V111_000967
BDBAGG_V112_002659	e7549eaa8bba2d51bbe76f95dded1bad46980ca0c40c4f4478f104d2d8c1a1ec	v1.11	BDBALL_V111_000130
BDBAGG_V112_002660	a0e248678a9199fadf5588c98d66253c2486b63e507f74f1e30d4c506edde2a4	v1.11	BDBALL_V111_000229
BDBAGG_V112_002661	7101f7cf58b6b64d07705507843cefb5034472f72be29a9d7fbb573c151b52b3	v1.9	BDBPAT_V19_001745
BDBAGG_V112_002662	22a269241d5d07776f1d7efecb45658a8cbe5871146b750f107635cba5928400	v1.9	BDBPAT_V19_000494
BDBAGG_V112_002663	d841c510f59fd7d7ec0aaa1450bf9689e3cfcbd8f7890a29d3070321bb3fcc7a	v1.10	BDBPAT_V110_001060
BDBAGG_V112_002664	b64aa2b7aca16ace91b83e1f21d21a2572c6ba94e18a11a395e98a30044eb7fb	v1.11	BDBALL_V111_000831
BDBAGG_V112_002665	440173489fb0a350c761e4e05ed99b24a570e5d9bf2c69ff80e9c3832cad0212	v1.10	BDBPAT_V110_000280
BDBAGG_V112_002666	09a7399679924f1336764de9c66e01c489b78de5fa32aac5aa7212d0faf1d94e	v1.9	BDBPAT_V19_000131
BDBAGG_V112_002667	3dd68dc670e68d6c7d9e51c019a663df6dba44d4e3221382b18b3b0f82bd9410	v1.9	BDBPAT_V19_000928
BDBAGG_V112_002668	31fa00964d91fc488cc29e6e18b30c8b6fab068f18a6d51a489a06be823ca257	v1.11	BDBALL_V111_000609
BDBAGG_V112_002669	b3cf6807ca110e04f4a3e2513a5b3b0ec22118ba130e4eee158ca29ca00b13ef	v1.11	BDBALL_V111_000475
BDBAGG_V112_002670	88e6a110a758216a4b6d48de3f9ce89bb2a667483206127d321371d3d0d6198c	v1.10	BDBPAT_V110_000449
BDBAGG_V112_002671	661ef73ee0a64f2a4b2bae3daef8b7c3d9349ac7d9274332145b63b0658b52be	v1.9	BDBPAT_V19_001582
BDBAGG_V112_002672	ec93b440ed39357383dd5d44bb676993246b2826377401cb537d10b2ccf4e01b	v1.11	BDBALL_V111_000773
BDBAGG_V112_002673	131613ea8777caa7c42cf8e49d616de52171c21377c6888dd745531d929e3cc0	v1.9	BDBPAT_V19_000267
BDBAGG_V112_002674	b78bd7d8955d81a1f78a79366a9cefcc42ccbcb751e383641bf42467ad61fccb	v1.11	BDBALL_V111_000454
BDBAGG_V112_002675	e0b0fc8947c6309b93546c933e2a8ee8ad7d530f192fe28f0d9a59812f3844c7	v1.10	BDBPAT_V110_000756
BDBAGG_V112_002676	3da3c521f2ff8118e93853f8179bea81e00945bf7ab861754ce0f0dbd9896fe6	v1.11	BDBALL_V111_000221
BDBAGG_V112_002677	531d7cdf2f8b2943898d453627017f0dbfbe74134d9fac007469721fab8d6957	v1.9	BDBPAT_V19_001290
BDBAGG_V112_002678	02790f90cf4710a00609fcbddb63cc66dbcffab65908bebd8d22cbfe16a6c6cf	v1.9	BDBPAT_V19_000043
BDBAGG_V112_002679	b4d08380fd98c70e93b30712820e3d957292a323f4a02bded7af37a9a33a6259	v1.11	BDBALL_V111_001043
BDBAGG_V112_002680	41f5cc04fa973d6b75bcc7d0af356472f75ac81ecadbb06fcce8cca84ed3b359	v1.11	BDBALL_V111_000192
BDBAGG_V112_002681	178c0b3d782722b33899020fb87dabbdac958b3159091edec392b900ff8b6a03	v1.11	BDBALL_V111_000011
BDBAGG_V112_002682	075e66391645ffc40c487adcd24a0f32bff70d46a5d74e0238155c336ceef735	v1.9	BDBPAT_V19_000098
BDBAGG_V112_002683	a621a0da15597370c0ad41f093dd36f75df8a560f3e1b0d5a73039334a43e15a	v1.9	BDBPAT_V19_002528
BDBAGG_V112_002684	4b00cdf89d30b2824c4d4123144b9300b2fd68ab6e74e17b3a2802b7d366bc27	v1.9	BDBPAT_V19_001152
BDBAGG_V112_002685	98e137bcc91ec051ff52f05a58853b13486a96c03c32175d9d4bfbf2e6e78b88	v1.11	BDBALL_V111_000340
BDBAGG_V112_002686	7757ba0a2963b536d9ad38ec0f8cd2500766a155055b0a1fee12908e1012e93f	v1.11	BDBALL_V111_000459
BDBAGG_V112_002687	db30544f2b874cf6bfd599996586c5b05f2e77a8c0e1d8c7211eb8779180aa0f	v1.11	BDBALL_V111_000870
BDBAGG_V112_002688	e206d8ba75efde70b34a0e3b3da4a59aab5c288119554af452438db9523596ad	v1.11	BDBALL_V111_000594
BDBAGG_V112_002689	8486ea7b77bafe4d9d957efaa8cc07995d3900ac0f680ad99b8721b53e6f04f1	v1.11	BDBALL_V111_000968
