stratum	control	replicate	spearman	mae
all_exact_kd	protein_permutation	0	0.24905352082360954	1.4416060861027125
all_exact_kd	protein_permutation	1	0.1990528931481002	1.4994314411563248
all_exact_kd	protein_permutation	2	0.2654348316860166	1.4393370895623245
all_exact_kd	protein_permutation	3	0.2291442178093753	1.47251922985344
all_exact_kd	protein_permutation	4	0.24904914726179653	1.4508514105411592
all_exact_kd	protein_permutation	5	0.26845733389054377	1.4358151380663904
all_exact_kd	protein_permutation	6	0.21734465894001653	1.4763676067236622
all_exact_kd	protein_permutation	7	0.2544961300977222	1.4486041967342012
all_exact_kd	protein_permutation	8	0.25657331593904015	1.4444872847717805
all_exact_kd	protein_permutation	9	0.27575862533018086	1.4409193143485604
all_exact_kd	protein_permutation	10	0.2845780869363837	1.442377823160008
all_exact_kd	protein_permutation	11	0.236574616936859	1.475293319814288
all_exact_kd	protein_permutation	12	0.23731470128005136	1.466971073426666
all_exact_kd	protein_permutation	13	0.2503295205554714	1.4579791742358283
all_exact_kd	protein_permutation	14	0.24581909682947872	1.4595846838723343
all_exact_kd	protein_permutation	15	0.21447743204152847	1.4845749354629276
all_exact_kd	protein_permutation	16	0.25398788964690866	1.4539497775955477
all_exact_kd	protein_permutation	17	0.24627606301112653	1.4593534797702072
all_exact_kd	protein_permutation	18	0.2389308389946484	1.4584165292962656
all_exact_kd	protein_permutation	19	0.25648593251099416	1.430950646990496
all_exact_kd	protein_permutation	20	0.2504716488108415	1.4615126944350134
all_exact_kd	protein_permutation	21	0.24704538051494143	1.457407474341704
all_exact_kd	protein_permutation	22	0.289860093355604	1.4239923296035857
all_exact_kd	protein_permutation	23	0.20984261129079088	1.4764843387145814
all_exact_kd	protein_permutation	24	0.2739913387304637	1.4312648036662527
all_exact_kd	protein_permutation	25	0.2746920687196698	1.4354287739457312
all_exact_kd	protein_permutation	26	0.24047586844481095	1.4619634081176291
all_exact_kd	protein_permutation	27	0.24318916600701435	1.4614559106157663
all_exact_kd	protein_permutation	28	0.2515708074055645	1.440024283226276
all_exact_kd	protein_permutation	29	0.28902045036306484	1.4257307724816615
all_exact_kd	protein_permutation	30	0.23162510510458473	1.4547703040274336
all_exact_kd	protein_permutation	31	0.29214723162430933	1.4304013725061033
all_exact_kd	protein_permutation	32	0.2351574121550885	1.45505882308729
all_exact_kd	protein_permutation	33	0.23493791913645912	1.4741687780730024
all_exact_kd	protein_permutation	34	0.2280390737153416	1.4727617097045096
all_exact_kd	protein_permutation	35	0.23867664357708326	1.4709212440847388
all_exact_kd	protein_permutation	36	0.26805053633970694	1.426629010912138
all_exact_kd	protein_permutation	37	0.259571756562655	1.4432881290869306
all_exact_kd	protein_permutation	38	0.24309273086773325	1.4515336968571604
all_exact_kd	protein_permutation	39	0.2534752460843491	1.454225256896643
all_exact_kd	protein_permutation	40	0.2512210506149282	1.464739213989557
all_exact_kd	protein_permutation	41	0.21792026625404537	1.476650446565771
all_exact_kd	protein_permutation	42	0.22371211081610587	1.4738386044658338
all_exact_kd	protein_permutation	43	0.24107698169591602	1.452307571675276
all_exact_kd	protein_permutation	44	0.23850462866449415	1.4567303079918865
all_exact_kd	protein_permutation	45	0.22316162572151796	1.4718127495078384
all_exact_kd	protein_permutation	46	0.2918153239216944	1.4237640370516491
all_exact_kd	protein_permutation	47	0.24628383834149434	1.4489087974214179
all_exact_kd	protein_permutation	48	0.26774777599191335	1.4367814274888655
all_exact_kd	protein_permutation	49	0.2320359028921242	1.472609523842121
all_exact_kd	protein_permutation	50	0.2541869534977772	1.4421914793206425
all_exact_kd	protein_permutation	51	0.2692635917584387	1.4402980977763449
all_exact_kd	protein_permutation	52	0.26003438297573095	1.429791925527543
all_exact_kd	protein_permutation	53	0.22260384479457965	1.4789623176041344
all_exact_kd	protein_permutation	54	0.2119764561984239	1.4893175335594664
all_exact_kd	protein_permutation	55	0.2564803692408866	1.440055721919093
all_exact_kd	protein_permutation	56	0.2313827651540261	1.463678458716241
all_exact_kd	protein_permutation	57	0.2437508425026577	1.4586273027414458
all_exact_kd	protein_permutation	58	0.20848163843603731	1.4752275819863914
all_exact_kd	protein_permutation	59	0.24629246073807595	1.4518487606631056
all_exact_kd	protein_permutation	60	0.2264277825288611	1.4676179650128454
all_exact_kd	protein_permutation	61	0.23676258916837808	1.475637717832294
all_exact_kd	protein_permutation	62	0.26901523435932556	1.436052550145611
all_exact_kd	protein_permutation	63	0.2612823935036174	1.451890771620267
all_exact_kd	protein_permutation	64	0.24804831481532577	1.453805592754054
all_exact_kd	protein_permutation	65	0.21835918004651378	1.474949453407358
all_exact_kd	protein_permutation	66	0.24636454152099618	1.4568006748243767
all_exact_kd	protein_permutation	67	0.2615426636221435	1.4352448751158355
all_exact_kd	protein_permutation	68	0.2481298494008555	1.4546049981306195
all_exact_kd	protein_permutation	69	0.23007187410603996	1.4708898373446926
all_exact_kd	protein_permutation	70	0.25375814580838535	1.4538277338860577
all_exact_kd	protein_permutation	71	0.2363666968494089	1.476749179769967
all_exact_kd	protein_permutation	72	0.2671048630140285	1.450387991590266
all_exact_kd	protein_permutation	73	0.18379348642539034	1.4953932171959021
all_exact_kd	protein_permutation	74	0.25594487244993325	1.432991544197407
all_exact_kd	protein_permutation	75	0.22631680453468836	1.4770409363674901
all_exact_kd	protein_permutation	76	0.23072136018851244	1.477293549994683
all_exact_kd	protein_permutation	77	0.23727138284464783	1.469463569041336
all_exact_kd	protein_permutation	78	0.2385015732127153	1.4655388667317262
all_exact_kd	protein_permutation	79	0.2503180152339288	1.4546834564113034
all_exact_kd	protein_permutation	80	0.25846121738136035	1.4434822919401833
all_exact_kd	protein_permutation	81	0.233459716280136	1.4821332869621309
all_exact_kd	protein_permutation	82	0.23962290059490843	1.454344720010127
all_exact_kd	protein_permutation	83	0.2554312838302128	1.4568577623069199
all_exact_kd	protein_permutation	84	0.24158657043169984	1.4603799381791605
all_exact_kd	protein_permutation	85	0.24019949893660367	1.4756322170554268
all_exact_kd	protein_permutation	86	0.26317849562322443	1.4265941502611779
all_exact_kd	protein_permutation	87	0.2319112631178336	1.468503621930683
all_exact_kd	protein_permutation	88	0.22365272346738954	1.470089551541174
all_exact_kd	protein_permutation	89	0.2478262417492978	1.460487935170737
all_exact_kd	protein_permutation	90	0.2511317500547999	1.456025627220107
all_exact_kd	protein_permutation	91	0.262247048869228	1.4527193056155765
all_exact_kd	protein_permutation	92	0.2532809061681826	1.44849231213633
all_exact_kd	protein_permutation	93	0.24410985078029152	1.462428542637318
all_exact_kd	protein_permutation	94	0.22321252861636157	1.473705020955735
all_exact_kd	protein_permutation	95	0.23083305029470946	1.4657232833055707
all_exact_kd	protein_permutation	96	0.21389134975447796	1.49484017849665
all_exact_kd	protein_permutation	97	0.22015596558328512	1.4737423194082606
all_exact_kd	protein_permutation	98	0.27701705781653135	1.4359463541461945
all_exact_kd	protein_permutation	99	0.2365494135328447	1.4513150677492344
all_exact_kd	ligand_permutation	0	0.2871623857406465	1.4576478541929354
all_exact_kd	ligand_permutation	1	0.26382124129567536	1.4697302201050921
all_exact_kd	ligand_permutation	2	0.2877489241241964	1.4497199620076777
all_exact_kd	ligand_permutation	3	0.2726960023035147	1.4568334780163728
all_exact_kd	ligand_permutation	4	0.2990504987096066	1.4397865316558647
all_exact_kd	ligand_permutation	5	0.27686326938051353	1.4670085199867353
all_exact_kd	ligand_permutation	6	0.26276136237834713	1.469841078159274
all_exact_kd	ligand_permutation	7	0.2754524459420869	1.4735362765260007
all_exact_kd	ligand_permutation	8	0.26265017579226696	1.4783184018227833
all_exact_kd	ligand_permutation	9	0.2873604451242161	1.4509528841174557
all_exact_kd	ligand_permutation	10	0.28144505370312095	1.4558173106796888
all_exact_kd	ligand_permutation	11	0.2463546143633445	1.4739117250363394
all_exact_kd	ligand_permutation	12	0.26592463015577816	1.4545977609405338
all_exact_kd	ligand_permutation	13	0.2807313564720721	1.4606867808725896
all_exact_kd	ligand_permutation	14	0.26172413915986426	1.4670179485346335
all_exact_kd	ligand_permutation	15	0.30855689575303075	1.4400345829533483
all_exact_kd	ligand_permutation	16	0.2606040108954936	1.4791721264594153
all_exact_kd	ligand_permutation	17	0.27085219799473287	1.4539201832083772
all_exact_kd	ligand_permutation	18	0.2693392359563509	1.4601844148855405
all_exact_kd	ligand_permutation	19	0.27772914110423097	1.4561881825342537
all_exact_kd	ligand_permutation	20	0.2603714187864698	1.485632946108856
all_exact_kd	ligand_permutation	21	0.25912022722184547	1.4679255570088543
all_exact_kd	ligand_permutation	22	0.2944333421302948	1.4373793118007145
all_exact_kd	ligand_permutation	23	0.2754747427524169	1.4568060630999051
all_exact_kd	ligand_permutation	24	0.29291016384926255	1.4423719886380588
all_exact_kd	ligand_permutation	25	0.26071362158343725	1.4699476370018014
all_exact_kd	ligand_permutation	26	0.2522723296248018	1.4908354183100094
all_exact_kd	ligand_permutation	27	0.28948263936454793	1.4557783655950765
all_exact_kd	ligand_permutation	28	0.2599420925469778	1.463888527661719
all_exact_kd	ligand_permutation	29	0.2951081472337168	1.4457389027582292
all_exact_kd	ligand_permutation	30	0.249680348955148	1.4802930547511475
all_exact_kd	ligand_permutation	31	0.2748525272349163	1.4648345696690337
all_exact_kd	ligand_permutation	32	0.2901893066864322	1.4555532056443334
all_exact_kd	ligand_permutation	33	0.2570448306189223	1.4698970271482514
all_exact_kd	ligand_permutation	34	0.25373055616463586	1.4770690078776791
all_exact_kd	ligand_permutation	35	0.2597666502744744	1.480367474969052
all_exact_kd	ligand_permutation	36	0.271773951672493	1.464442069814967
all_exact_kd	ligand_permutation	37	0.2699926461707671	1.4521593463829636
all_exact_kd	ligand_permutation	38	0.25027115203051914	1.4828732776380251
all_exact_kd	ligand_permutation	39	0.2447153427569705	1.4813602011421727
all_exact_kd	ligand_permutation	40	0.26459339378146973	1.459030822842689
all_exact_kd	ligand_permutation	41	0.2809021082325363	1.449052623033296
all_exact_kd	ligand_permutation	42	0.267642805434128	1.4686335538905633
all_exact_kd	ligand_permutation	43	0.27312465909708544	1.4647869993178566
all_exact_kd	ligand_permutation	44	0.2560110663171199	1.4801874307153784
all_exact_kd	ligand_permutation	45	0.2835457248514887	1.4673566037960168
all_exact_kd	ligand_permutation	46	0.2777076426838569	1.463534144004177
all_exact_kd	ligand_permutation	47	0.2861627638301812	1.4519970718490987
all_exact_kd	ligand_permutation	48	0.29651199411035756	1.4386519083092995
all_exact_kd	ligand_permutation	49	0.27280124149640633	1.4535927279495615
all_exact_kd	ligand_permutation	50	0.2771593458243645	1.443348436635795
all_exact_kd	ligand_permutation	51	0.2859172101561675	1.442848304861632
all_exact_kd	ligand_permutation	52	0.2846138247609302	1.456259081397514
all_exact_kd	ligand_permutation	53	0.2562500588022506	1.4733466263979935
all_exact_kd	ligand_permutation	54	0.2787464165296046	1.4555358252612496
all_exact_kd	ligand_permutation	55	0.27391144166664927	1.466091759007149
all_exact_kd	ligand_permutation	56	0.28947482779621875	1.4627201925868865
all_exact_kd	ligand_permutation	57	0.3177726925491335	1.4384128136076564
all_exact_kd	ligand_permutation	58	0.28259290504634504	1.4607979274523453
all_exact_kd	ligand_permutation	59	0.26550554367092755	1.4653367495300025
all_exact_kd	ligand_permutation	60	0.29019921862237896	1.4501749089471883
all_exact_kd	ligand_permutation	61	0.2761643184561606	1.4649245090455616
all_exact_kd	ligand_permutation	62	0.2730291574036657	1.4696005103142844
all_exact_kd	ligand_permutation	63	0.28509218356833343	1.4524281116522693
all_exact_kd	ligand_permutation	64	0.2650760852853536	1.4682758513452656
all_exact_kd	ligand_permutation	65	0.27829689161285076	1.4671660317113007
all_exact_kd	ligand_permutation	66	0.2453812215097756	1.4845984333086966
all_exact_kd	ligand_permutation	67	0.28259944184207614	1.4552426948609767
all_exact_kd	ligand_permutation	68	0.2582743959185929	1.4695303042136143
all_exact_kd	ligand_permutation	69	0.255123089214326	1.4664750372404711
all_exact_kd	ligand_permutation	70	0.2576768452413134	1.4729250241112588
all_exact_kd	ligand_permutation	71	0.3008653485378364	1.434497995260703
all_exact_kd	ligand_permutation	72	0.2619575561294014	1.4753412314720953
all_exact_kd	ligand_permutation	73	0.28888995662410205	1.4549223354722123
all_exact_kd	ligand_permutation	74	0.28654309938983075	1.4652072348362482
all_exact_kd	ligand_permutation	75	0.28873153823914677	1.4444622971178593
all_exact_kd	ligand_permutation	76	0.27975023534695365	1.4421012370039923
all_exact_kd	ligand_permutation	77	0.2862649969743735	1.4594069145874522
all_exact_kd	ligand_permutation	78	0.27289277569804543	1.4612685144825184
all_exact_kd	ligand_permutation	79	0.27273549196678826	1.4796917521801507
all_exact_kd	ligand_permutation	80	0.29650415612557496	1.4364457556101764
all_exact_kd	ligand_permutation	81	0.2717385736397237	1.4487009549389522
all_exact_kd	ligand_permutation	82	0.261844934639427	1.473559082186918
all_exact_kd	ligand_permutation	83	0.2743726421710527	1.4644618828365523
all_exact_kd	ligand_permutation	84	0.2685974236478201	1.4594024098693634
all_exact_kd	ligand_permutation	85	0.27252283072601735	1.4706447197905808
all_exact_kd	ligand_permutation	86	0.29375761726947985	1.4481381662392814
all_exact_kd	ligand_permutation	87	0.2528020920755532	1.472070510826107
all_exact_kd	ligand_permutation	88	0.2846944083193751	1.4541425231396174
all_exact_kd	ligand_permutation	89	0.29344724634866676	1.4444661687073648
all_exact_kd	ligand_permutation	90	0.26717891691733614	1.470895279487795
all_exact_kd	ligand_permutation	91	0.3016228896796635	1.436874446888612
all_exact_kd	ligand_permutation	92	0.27383646568522546	1.466230954349296
all_exact_kd	ligand_permutation	93	0.2778047638043056	1.452293705159106
all_exact_kd	ligand_permutation	94	0.2813807070139435	1.452478358944273
all_exact_kd	ligand_permutation	95	0.26873845820830333	1.4661283552850637
all_exact_kd	ligand_permutation	96	0.28354144189385594	1.4537691572543139
all_exact_kd	ligand_permutation	97	0.2963723707515534	1.4333039516085424
all_exact_kd	ligand_permutation	98	0.3002452271408896	1.4450823745025685
all_exact_kd	ligand_permutation	99	0.2588844614852566	1.4805457008393264
all_exact_kd	joint_permutation	0	0.10908339540747053	1.6006285746701772
all_exact_kd	joint_permutation	1	0.09229352698433269	1.5844883758469295
all_exact_kd	joint_permutation	2	0.06364220175585984	1.6150400521125228
all_exact_kd	joint_permutation	3	0.15188846989453467	1.5460406072628416
all_exact_kd	joint_permutation	4	0.14295160796348153	1.5535378783346414
all_exact_kd	joint_permutation	5	0.10937824611182151	1.5888464179621795
all_exact_kd	joint_permutation	6	0.08280397171964225	1.5902077550944382
all_exact_kd	joint_permutation	7	0.06675284538500416	1.6075935300264366
all_exact_kd	joint_permutation	8	0.06374982797423043	1.6181311630611623
all_exact_kd	joint_permutation	9	0.12636282069935717	1.5823732571185982
all_exact_kd	joint_permutation	10	0.041946773335439405	1.6242884415813417
all_exact_kd	joint_permutation	11	0.08843525533637697	1.6052512153409153
all_exact_kd	joint_permutation	12	0.07293365204708305	1.605312536520225
all_exact_kd	joint_permutation	13	0.14157490874438738	1.563348379502109
all_exact_kd	joint_permutation	14	0.10475006513485516	1.60794077769852
all_exact_kd	joint_permutation	15	0.0808497011827339	1.6022926330228897
all_exact_kd	joint_permutation	16	0.0890696900315455	1.587325473291321
all_exact_kd	joint_permutation	17	0.10700965287260414	1.5675625685794998
all_exact_kd	joint_permutation	18	0.14351200206880593	1.568418149541258
all_exact_kd	joint_permutation	19	0.10727300324505308	1.5881921022824246
all_exact_kd	joint_permutation	20	0.11005435441939004	1.579052010218837
all_exact_kd	joint_permutation	21	0.07124694148042776	1.6042368016220572
all_exact_kd	joint_permutation	22	0.11015110457365183	1.5788504778325834
all_exact_kd	joint_permutation	23	0.08246657106906496	1.5911196039932678
all_exact_kd	joint_permutation	24	0.04685434158467029	1.6172539445536969
all_exact_kd	joint_permutation	25	0.11587848506124379	1.5816920424555683
all_exact_kd	joint_permutation	26	0.07431585888996631	1.5987828462990916
all_exact_kd	joint_permutation	27	0.04946447707796214	1.618908661097973
all_exact_kd	joint_permutation	28	0.09977608852704246	1.5998406829865985
all_exact_kd	joint_permutation	29	0.07092517448166781	1.6104544040443456
all_exact_kd	joint_permutation	30	0.1082691819659224	1.5795685773311265
all_exact_kd	joint_permutation	31	0.11369323753354742	1.571100322531788
all_exact_kd	joint_permutation	32	0.07711001582928459	1.5927583328119455
all_exact_kd	joint_permutation	33	0.0869849046271707	1.6112715865233698
all_exact_kd	joint_permutation	34	0.09306991117715961	1.596978392289438
all_exact_kd	joint_permutation	35	0.07585241904588944	1.598596250385946
all_exact_kd	joint_permutation	36	0.06296300511040892	1.6040256944538005
all_exact_kd	joint_permutation	37	0.07422594505792292	1.5895755258273545
all_exact_kd	joint_permutation	38	0.07529085297225627	1.605095378917468
all_exact_kd	joint_permutation	39	0.06902200443205095	1.6119261393629374
all_exact_kd	joint_permutation	40	0.08501983648574543	1.607312650111984
all_exact_kd	joint_permutation	41	0.0936966093810605	1.587398409250299
all_exact_kd	joint_permutation	42	0.07876726623382989	1.6072758416743211
all_exact_kd	joint_permutation	43	0.07229920241130013	1.6040237501453845
all_exact_kd	joint_permutation	44	0.08823630270103745	1.586541917881422
all_exact_kd	joint_permutation	45	0.08195619631615281	1.6103121356751473
all_exact_kd	joint_permutation	46	0.04730136660212512	1.6206459598789806
all_exact_kd	joint_permutation	47	0.08855566384112927	1.5933674497472403
all_exact_kd	joint_permutation	48	0.11482072085586377	1.5771704377412932
all_exact_kd	joint_permutation	49	0.09511392062602175	1.588731941243244
all_exact_kd	joint_permutation	50	0.06697524789775114	1.6404594337324856
all_exact_kd	joint_permutation	51	0.05995598808054052	1.6180670603293525
all_exact_kd	joint_permutation	52	0.11335669578604866	1.581703598264841
all_exact_kd	joint_permutation	53	0.10806240058655384	1.572131091011131
all_exact_kd	joint_permutation	54	0.07472361169477051	1.6007835649635638
all_exact_kd	joint_permutation	55	0.10803337775758536	1.5705135715699292
all_exact_kd	joint_permutation	56	0.0986256941294606	1.5978397860054971
all_exact_kd	joint_permutation	57	0.0913385944566142	1.6038299458021839
all_exact_kd	joint_permutation	58	0.10828458376843302	1.5721510508264975
all_exact_kd	joint_permutation	59	0.11718733480765153	1.586478372126511
all_exact_kd	joint_permutation	60	0.0988483037642007	1.597049445811313
all_exact_kd	joint_permutation	61	0.11956471912686793	1.5867941884764836
all_exact_kd	joint_permutation	62	0.0908188217234396	1.594078634779089
all_exact_kd	joint_permutation	63	0.09880852128539688	1.5871054740928046
all_exact_kd	joint_permutation	64	0.07516828395889386	1.6204598056037307
all_exact_kd	joint_permutation	65	0.10626446989402435	1.5658825991149599
all_exact_kd	joint_permutation	66	0.09102245241800677	1.5803260640081866
all_exact_kd	joint_permutation	67	0.09666173415180054	1.5895986621062772
all_exact_kd	joint_permutation	68	0.10758405565766611	1.5800847449412416
all_exact_kd	joint_permutation	69	0.09146801460614473	1.5981341423409385
all_exact_kd	joint_permutation	70	0.07300514296133442	1.5860052348263594
all_exact_kd	joint_permutation	71	0.07888226081400074	1.6020452080703262
all_exact_kd	joint_permutation	72	0.11439384862322778	1.572818763338653
all_exact_kd	joint_permutation	73	0.07501693925658465	1.5946696040794897
all_exact_kd	joint_permutation	74	0.08096321875812743	1.6092805569879902
all_exact_kd	joint_permutation	75	0.12452873209592238	1.5895765446694992
all_exact_kd	joint_permutation	76	0.04105469965985458	1.6268567396678895
all_exact_kd	joint_permutation	77	0.13462161248933452	1.556143067194994
all_exact_kd	joint_permutation	78	0.14006383177389964	1.570806735367891
all_exact_kd	joint_permutation	79	0.07590534732708641	1.5940533323345731
all_exact_kd	joint_permutation	80	0.1253484785714227	1.5693478031266284
all_exact_kd	joint_permutation	81	0.09201040901087969	1.59153784969065
all_exact_kd	joint_permutation	82	0.09656252669502861	1.5771652632493682
all_exact_kd	joint_permutation	83	0.08672067723218467	1.6035066274868568
all_exact_kd	joint_permutation	84	0.05567497922825869	1.5998826369171582
all_exact_kd	joint_permutation	85	0.11847277427061205	1.59724729856588
all_exact_kd	joint_permutation	86	0.11096717986141355	1.5820033002078127
all_exact_kd	joint_permutation	87	0.08412283578132464	1.5887391900564074
all_exact_kd	joint_permutation	88	0.09983795499084444	1.592439546879152
all_exact_kd	joint_permutation	89	0.08381454741058872	1.5968698576345837
all_exact_kd	joint_permutation	90	0.06718466740306955	1.599334890279852
all_exact_kd	joint_permutation	91	0.09402841349643568	1.578657448039948
all_exact_kd	joint_permutation	92	0.09328395201883234	1.5878512636074142
all_exact_kd	joint_permutation	93	0.059894253709699245	1.6195458823855304
all_exact_kd	joint_permutation	94	0.07700463208438285	1.60390342271639
all_exact_kd	joint_permutation	95	0.10481843930707298	1.596720267407175
all_exact_kd	joint_permutation	96	0.058399086458761726	1.6128563428507505
all_exact_kd	joint_permutation	97	0.08512036248554676	1.6081095074765894
all_exact_kd	joint_permutation	98	0.067969949062825	1.619401864640626
all_exact_kd	joint_permutation	99	0.09894545071036617	1.5775064002655983
drug_cold	protein_permutation	0	0.23777350686958904	1.668201108552046
drug_cold	protein_permutation	1	0.15854300762078546	1.728742937018687
drug_cold	protein_permutation	2	0.32983712443445884	1.583726980217944
drug_cold	protein_permutation	3	0.25362879017673634	1.6724711512763553
drug_cold	protein_permutation	4	0.2563237898156873	1.6357192977951103
drug_cold	protein_permutation	5	0.3329264514115877	1.5781293699601637
drug_cold	protein_permutation	6	0.20463717871765447	1.6563980462639059
drug_cold	protein_permutation	7	0.2409760398087102	1.6318628332466225
drug_cold	protein_permutation	8	0.25501123561586625	1.6428495138845984
drug_cold	protein_permutation	9	0.2645923462979306	1.641781819277978
drug_cold	protein_permutation	10	0.23046345330589968	1.686609782765901
drug_cold	protein_permutation	11	0.18654833939755172	1.6898775731492914
drug_cold	protein_permutation	12	0.28702847487504307	1.640379723509525
drug_cold	protein_permutation	13	0.3016774581121501	1.638560063236978
drug_cold	protein_permutation	14	0.3199321383673186	1.6176492784173302
drug_cold	protein_permutation	15	0.17160775687241783	1.7053455784486267
drug_cold	protein_permutation	16	0.1782208712000121	1.6875176163333827
drug_cold	protein_permutation	17	0.14904393291079945	1.7544015089761147
drug_cold	protein_permutation	18	0.21055355393685066	1.7089613334370284
drug_cold	protein_permutation	19	0.23671442821849684	1.6600358642606892
drug_cold	protein_permutation	20	0.1392952647923722	1.7514461090308469
drug_cold	protein_permutation	21	0.2213825322470342	1.674715254151784
drug_cold	protein_permutation	22	0.32675705648246167	1.6310766329275388
drug_cold	protein_permutation	23	0.13920611866889385	1.7079795546923469
drug_cold	protein_permutation	24	0.28747565063684316	1.5975315562553574
drug_cold	protein_permutation	25	0.3017762914542514	1.5726484337360334
drug_cold	protein_permutation	26	0.22373644669824636	1.6882408940649725
drug_cold	protein_permutation	27	0.22170468534916657	1.736572621702011
drug_cold	protein_permutation	28	0.23697862110528725	1.6812192222508566
drug_cold	protein_permutation	29	0.19092104975509475	1.6556984481020598
drug_cold	protein_permutation	30	0.2003390826095006	1.6378092272783118
drug_cold	protein_permutation	31	0.2349878115731928	1.6531623685795813
drug_cold	protein_permutation	32	0.2885912614689482	1.6764261225432937
drug_cold	protein_permutation	33	0.1999284064360895	1.7159581792374972
drug_cold	protein_permutation	34	0.18613193885878673	1.667925282639054
drug_cold	protein_permutation	35	0.27319048824224085	1.6447030223647217
drug_cold	protein_permutation	36	0.18813610504600445	1.6698936587360151
drug_cold	protein_permutation	37	0.17985855912728105	1.6671234236020163
drug_cold	protein_permutation	38	0.22580606108735593	1.7083363679250252
drug_cold	protein_permutation	39	0.2862641271492081	1.6244537485891353
drug_cold	protein_permutation	40	0.1990680905888172	1.7282807854466855
drug_cold	protein_permutation	41	0.20511716124727108	1.6809417063388667
drug_cold	protein_permutation	42	0.14531685935335031	1.720740683149185
drug_cold	protein_permutation	43	0.20399946821968712	1.6824049970849444
drug_cold	protein_permutation	44	0.14662526933709266	1.7370756540019368
drug_cold	protein_permutation	45	0.2392373196476334	1.6771913671264966
drug_cold	protein_permutation	46	0.2386696690760777	1.6241582931281777
drug_cold	protein_permutation	47	0.1916784509921315	1.6992143578764536
drug_cold	protein_permutation	48	0.19404661210506455	1.7183702763339956
drug_cold	protein_permutation	49	0.2062349287819947	1.7120235911053434
drug_cold	protein_permutation	50	0.25273777260019464	1.690896782950977
drug_cold	protein_permutation	51	0.2704678749045868	1.6427703178740052
drug_cold	protein_permutation	52	0.32652173189414907	1.5985401822722476
drug_cold	protein_permutation	53	0.1548598921637373	1.7549545800021908
drug_cold	protein_permutation	54	0.1848595119785303	1.7473093410858387
drug_cold	protein_permutation	55	0.21052406210382835	1.6630089570866544
drug_cold	protein_permutation	56	0.18453905904729734	1.702352497084232
drug_cold	protein_permutation	57	0.21679076983731016	1.667514251568227
drug_cold	protein_permutation	58	0.23288966636656452	1.6861603618383043
drug_cold	protein_permutation	59	0.23596922113418226	1.672646848482586
drug_cold	protein_permutation	60	0.249559227114275	1.6383664316188964
drug_cold	protein_permutation	61	0.12951126778962896	1.7278295329180169
drug_cold	protein_permutation	62	0.22957021336747563	1.700276171491637
drug_cold	protein_permutation	63	0.2202253139525536	1.687847762899114
drug_cold	protein_permutation	64	0.23671245122147114	1.6572905121402666
drug_cold	protein_permutation	65	0.20015612416287237	1.6877720656029371
drug_cold	protein_permutation	66	0.2472589755873573	1.6670636539136376
drug_cold	protein_permutation	67	0.17202763127103535	1.7372153860647732
drug_cold	protein_permutation	68	0.19983715855710052	1.709481742069407
drug_cold	protein_permutation	69	0.2756960566310607	1.6809691159660092
drug_cold	protein_permutation	70	0.19481151567786084	1.708181300334519
drug_cold	protein_permutation	71	0.20878726099552422	1.6825007787398352
drug_cold	protein_permutation	72	0.17858757240284137	1.7214465695800387
drug_cold	protein_permutation	73	0.14354984357214487	1.7080431703966452
drug_cold	protein_permutation	74	0.2768764095505362	1.6079864003455384
drug_cold	protein_permutation	75	0.2191518139919534	1.6814277820896166
drug_cold	protein_permutation	76	0.20187544102848212	1.6741824226817872
drug_cold	protein_permutation	77	0.2325219193269538	1.6629766227898297
drug_cold	protein_permutation	78	0.2203941286171717	1.6905867037519793
drug_cold	protein_permutation	79	0.16400622703605425	1.7032906776853634
drug_cold	protein_permutation	80	0.26814387565344205	1.6224738516848443
drug_cold	protein_permutation	81	0.1856534400071423	1.6843503334632335
drug_cold	protein_permutation	82	0.1604795165599416	1.7033993015586248
drug_cold	protein_permutation	83	0.26346249900875446	1.6629750966459569
drug_cold	protein_permutation	84	0.12085162813771476	1.756168867518632
drug_cold	protein_permutation	85	0.20496800381480523	1.6680869107206777
drug_cold	protein_permutation	86	0.28172904548616445	1.5834004497149015
drug_cold	protein_permutation	87	0.20552291950594376	1.6544600095197632
drug_cold	protein_permutation	88	0.2540305402311528	1.6319277872904459
drug_cold	protein_permutation	89	0.2850790081909122	1.6457995355582284
drug_cold	protein_permutation	90	0.19102817634064018	1.7099155185121186
drug_cold	protein_permutation	91	0.1670894230576803	1.7491659895325
drug_cold	protein_permutation	92	0.22398042887277475	1.6246769538002641
drug_cold	protein_permutation	93	0.22807766495346232	1.6873467620631146
drug_cold	protein_permutation	94	0.27445134698072554	1.628689281638215
drug_cold	protein_permutation	95	0.1929106275046542	1.716853644401151
drug_cold	protein_permutation	96	0.16346558747732312	1.741305981531357
drug_cold	protein_permutation	97	0.15809591990855276	1.740108631122299
drug_cold	protein_permutation	98	0.26049000119238314	1.6396439785923398
drug_cold	protein_permutation	99	0.22254191514968508	1.6896662640089124
drug_cold	ligand_permutation	0	0.4693171681335095	1.4192411014507238
drug_cold	ligand_permutation	1	0.4309928447432451	1.4619493180684409
drug_cold	ligand_permutation	2	0.43910627751460934	1.4310240932735672
drug_cold	ligand_permutation	3	0.4544915299571836	1.460595806178462
drug_cold	ligand_permutation	4	0.4426831870842709	1.4217328875518755
drug_cold	ligand_permutation	5	0.44673753611401024	1.441261171547834
drug_cold	ligand_permutation	6	0.4350153992050022	1.46201240614986
drug_cold	ligand_permutation	7	0.3563964038503807	1.532132732451717
drug_cold	ligand_permutation	8	0.40538335750724475	1.5173421653209533
drug_cold	ligand_permutation	9	0.4288167293893745	1.4482160163009166
drug_cold	ligand_permutation	10	0.43184644301124214	1.4608100129294448
drug_cold	ligand_permutation	11	0.43973529563894326	1.4503605526595933
drug_cold	ligand_permutation	12	0.4638605637541249	1.4227531442376593
drug_cold	ligand_permutation	13	0.4069992995355403	1.4681816925337043
drug_cold	ligand_permutation	14	0.3883953810125884	1.5003249121215587
drug_cold	ligand_permutation	15	0.4422976373750028	1.4384985333224536
drug_cold	ligand_permutation	16	0.4468222818775674	1.4333347368153042
drug_cold	ligand_permutation	17	0.44271326209310274	1.4559358566708585
drug_cold	ligand_permutation	18	0.4167475202294386	1.4566126610593537
drug_cold	ligand_permutation	19	0.41586182959134255	1.4724722384875826
drug_cold	ligand_permutation	20	0.4109706840136239	1.4668852965429948
drug_cold	ligand_permutation	21	0.43841204878546525	1.43638802990932
drug_cold	ligand_permutation	22	0.432617625589376	1.441485440980869
drug_cold	ligand_permutation	23	0.40562415171794003	1.4264372144798172
drug_cold	ligand_permutation	24	0.4393879645578846	1.4160689248188243
drug_cold	ligand_permutation	25	0.449755021045726	1.4411823250458968
drug_cold	ligand_permutation	26	0.36364236676771766	1.4995896098663895
drug_cold	ligand_permutation	27	0.4609694573801692	1.4082060957972422
drug_cold	ligand_permutation	28	0.40804525051473745	1.4736787772365696
drug_cold	ligand_permutation	29	0.4575855923105237	1.3971960209487697
drug_cold	ligand_permutation	30	0.41914986780843766	1.461990759000901
drug_cold	ligand_permutation	31	0.4052208787741161	1.4672163754917058
drug_cold	ligand_permutation	32	0.41967763174541645	1.4684577533166996
drug_cold	ligand_permutation	33	0.37850502033502265	1.4911612564903132
drug_cold	ligand_permutation	34	0.4045429126656587	1.4989553263914666
drug_cold	ligand_permutation	35	0.40721386535156445	1.4600286975387975
drug_cold	ligand_permutation	36	0.44210068165005323	1.4324113655551542
drug_cold	ligand_permutation	37	0.4125280091801417	1.4249525490609702
drug_cold	ligand_permutation	38	0.3899950798398997	1.4884059071347144
drug_cold	ligand_permutation	39	0.395758332410491	1.4928697991812014
drug_cold	ligand_permutation	40	0.4330523129110702	1.4468670089293425
drug_cold	ligand_permutation	41	0.415422758868085	1.4627740071122886
drug_cold	ligand_permutation	42	0.41976865799579044	1.4525054192195463
drug_cold	ligand_permutation	43	0.42830581958494063	1.4368651222954671
drug_cold	ligand_permutation	44	0.40432496019903885	1.4775758178908045
drug_cold	ligand_permutation	45	0.4215710179289625	1.4687218462701956
drug_cold	ligand_permutation	46	0.42908289927319054	1.436354161126743
drug_cold	ligand_permutation	47	0.4031276100836838	1.4530881995848002
drug_cold	ligand_permutation	48	0.4491216195198287	1.4109090792065258
drug_cold	ligand_permutation	49	0.4005637581354161	1.4673649684045538
drug_cold	ligand_permutation	50	0.4631517266983429	1.385107744194804
drug_cold	ligand_permutation	51	0.44217781030275105	1.4484425480317789
drug_cold	ligand_permutation	52	0.44081829301435504	1.456926529701423
drug_cold	ligand_permutation	53	0.4168924667574787	1.4696684542410154
drug_cold	ligand_permutation	54	0.4760702852863954	1.4061977564065442
drug_cold	ligand_permutation	55	0.40788136000073183	1.4699345633945795
drug_cold	ligand_permutation	56	0.4313464391360182	1.462714204299049
drug_cold	ligand_permutation	57	0.3970314419535369	1.4535086740226113
drug_cold	ligand_permutation	58	0.43111850225472653	1.4413484525620743
drug_cold	ligand_permutation	59	0.3834488600966759	1.5001780443036723
drug_cold	ligand_permutation	60	0.446475073420476	1.4423718462755177
drug_cold	ligand_permutation	61	0.44090054988785454	1.4514316201057387
drug_cold	ligand_permutation	62	0.40135038405570705	1.5002072593625297
drug_cold	ligand_permutation	63	0.43911991476391743	1.4232235908355326
drug_cold	ligand_permutation	64	0.4470623275402987	1.4468493952989336
drug_cold	ligand_permutation	65	0.39934273727772723	1.4666449595110667
drug_cold	ligand_permutation	66	0.3939747750188449	1.4880716788086545
drug_cold	ligand_permutation	67	0.4173237448193514	1.467970430855827
drug_cold	ligand_permutation	68	0.45353576010931634	1.4260639862816185
drug_cold	ligand_permutation	69	0.4194985917550293	1.4637642007176601
drug_cold	ligand_permutation	70	0.3979164271134904	1.4763429983908387
drug_cold	ligand_permutation	71	0.44134040490857024	1.4237674906027031
drug_cold	ligand_permutation	72	0.4243332918170606	1.4437638342530599
drug_cold	ligand_permutation	73	0.44155026740845965	1.4208960845405998
drug_cold	ligand_permutation	74	0.433246887236019	1.4474968882016788
drug_cold	ligand_permutation	75	0.4122401658108182	1.4514957642735207
drug_cold	ligand_permutation	76	0.413942193623889	1.4531383056331144
drug_cold	ligand_permutation	77	0.3942548736724298	1.4790189817078137
drug_cold	ligand_permutation	78	0.39278589910595363	1.4823262574255462
drug_cold	ligand_permutation	79	0.4321037935172333	1.4673759843532845
drug_cold	ligand_permutation	80	0.43453438968408464	1.4307743045563563
drug_cold	ligand_permutation	81	0.4154875358022982	1.4400058152929573
drug_cold	ligand_permutation	82	0.44504638204093167	1.4453073123228184
drug_cold	ligand_permutation	83	0.39512692716738523	1.433332862004803
drug_cold	ligand_permutation	84	0.45667293663787345	1.4147393782289146
drug_cold	ligand_permutation	85	0.4240246973914484	1.4662736175383446
drug_cold	ligand_permutation	86	0.42637486134371755	1.441153001533581
drug_cold	ligand_permutation	87	0.4181302399003516	1.4663399353148427
drug_cold	ligand_permutation	88	0.46320834564209534	1.4241175320236712
drug_cold	ligand_permutation	89	0.46645559426775374	1.4243746025012782
drug_cold	ligand_permutation	90	0.3979066862211275	1.4730270890832275
drug_cold	ligand_permutation	91	0.49178630089670433	1.404415055812446
drug_cold	ligand_permutation	92	0.3989811066487548	1.4765003392544107
drug_cold	ligand_permutation	93	0.4206260807022599	1.4144766233525514
drug_cold	ligand_permutation	94	0.4197727783235014	1.4537909777007318
drug_cold	ligand_permutation	95	0.42981249211117134	1.4732847166639027
drug_cold	ligand_permutation	96	0.3829256808116133	1.4900442081030536
drug_cold	ligand_permutation	97	0.45971581405371315	1.4300895321181286
drug_cold	ligand_permutation	98	0.39987975265217857	1.4325104523958048
drug_cold	ligand_permutation	99	0.4325406725397091	1.4706786287822013
drug_cold	joint_permutation	0	-0.027167348800113702	1.907444640124698
drug_cold	joint_permutation	1	0.037845076093419576	1.800592905176122
drug_cold	joint_permutation	2	-0.10000511496596892	1.9012355478814635
drug_cold	joint_permutation	3	0.012653419179400395	1.802303572761236
drug_cold	joint_permutation	4	0.007217514196286929	1.7847464709784633
drug_cold	joint_permutation	5	-0.027757403354996057	1.8785225317384828
drug_cold	joint_permutation	6	0.03597092817463241	1.8257561243879823
drug_cold	joint_permutation	7	0.010181911264624902	1.866839146663441
drug_cold	joint_permutation	8	-0.04685661453323303	1.8799312846526188
drug_cold	joint_permutation	9	-0.015777566882489838	1.8611787588570892
drug_cold	joint_permutation	10	-0.06302552176640218	1.9470283537246624
drug_cold	joint_permutation	11	-0.05350331243705433	1.92870127645978
drug_cold	joint_permutation	12	-0.04266925362345775	1.897578916081639
drug_cold	joint_permutation	13	0.08254870528473415	1.8032920486644655
drug_cold	joint_permutation	14	-0.029915014655349768	1.913951596966595
drug_cold	joint_permutation	15	-0.07476475819754488	1.940884192021596
drug_cold	joint_permutation	16	0.02742523892542134	1.7895839667546933
drug_cold	joint_permutation	17	0.008624099053488944	1.8432189225074136
drug_cold	joint_permutation	18	0.10670538777778613	1.7686869838038992
drug_cold	joint_permutation	19	-0.03582213602567465	1.866406317921758
drug_cold	joint_permutation	20	0.020850504402354017	1.8439886357432467
drug_cold	joint_permutation	21	-0.007889635769326673	1.8527568241708168
drug_cold	joint_permutation	22	0.07306278077943809	1.8115731405715108
drug_cold	joint_permutation	23	-0.0462161508603727	1.9167496004076328
drug_cold	joint_permutation	24	-0.13795977149106142	1.9884609231450403
drug_cold	joint_permutation	25	-0.034236557910175554	1.8726458855358723
drug_cold	joint_permutation	26	-0.031075881860725255	1.8620924784963815
drug_cold	joint_permutation	27	-0.04147671968120621	1.8923280922701757
drug_cold	joint_permutation	28	-0.005642898945824979	1.8511128419407032
drug_cold	joint_permutation	29	-0.0654668329148527	1.885243880805646
drug_cold	joint_permutation	30	0.0012068967106950614	1.8584370687236536
drug_cold	joint_permutation	31	-0.003631648195196267	1.8547858597952829
drug_cold	joint_permutation	32	0.01989455503966734	1.884812449708754
drug_cold	joint_permutation	33	0.003485778332061917	1.9042420873909554
drug_cold	joint_permutation	34	0.09153224326641392	1.7761053268403755
drug_cold	joint_permutation	35	0.00958211581737965	1.8408106773431732
drug_cold	joint_permutation	36	-0.011964983068317284	1.8582056193594954
drug_cold	joint_permutation	37	-0.010409604623607568	1.8558581739306408
drug_cold	joint_permutation	38	-0.020216009409997463	1.896976622608412
drug_cold	joint_permutation	39	0.023864942766783276	1.8662214748924317
drug_cold	joint_permutation	40	-0.054186636036311395	1.9166976991837203
drug_cold	joint_permutation	41	-0.035669199654448314	1.9138079900338916
drug_cold	joint_permutation	42	-0.043942870105182115	1.9188884223581508
drug_cold	joint_permutation	43	0.000978229115543714	1.8266119191619008
drug_cold	joint_permutation	44	-0.06216394740498958	1.9472875195136619
drug_cold	joint_permutation	45	-0.03938084972255565	1.8757571693471
drug_cold	joint_permutation	46	-0.05673874983538984	1.895897618629602
drug_cold	joint_permutation	47	0.010540132581270359	1.8638311029974746
drug_cold	joint_permutation	48	0.02477925029291968	1.8669610364730593
drug_cold	joint_permutation	49	0.10370178361768752	1.7632029709623744
drug_cold	joint_permutation	50	-0.09265634224509198	1.9778593860278157
drug_cold	joint_permutation	51	0.026639635956353873	1.8742057250113513
drug_cold	joint_permutation	52	-0.025546220788618925	1.8545930567703335
drug_cold	joint_permutation	53	-0.01058347955228524	1.8529189384332463
drug_cold	joint_permutation	54	-0.006740698335762572	1.872403061051107
drug_cold	joint_permutation	55	0.11513661716248974	1.7566907048958573
drug_cold	joint_permutation	56	-0.010847702578271088	1.874184428772266
drug_cold	joint_permutation	57	0.04686635542559593	1.8860978431045063
drug_cold	joint_permutation	58	-0.019612799728070607	1.8522892997550562
drug_cold	joint_permutation	59	-0.0223264932973344	1.8666866057354345
drug_cold	joint_permutation	60	-0.03042568099964507	1.8914123103913807
drug_cold	joint_permutation	61	0.07966491410069913	1.8027942355681716
drug_cold	joint_permutation	62	-0.043065829752062856	1.9244590368129477
drug_cold	joint_permutation	63	0.04312221042334664	1.8101652075942696
drug_cold	joint_permutation	64	-0.020689655378788634	1.8451243982495555
drug_cold	joint_permutation	65	0.07492158656458749	1.7897390309343182
drug_cold	joint_permutation	66	0.02427868716989724	1.84456646883179
drug_cold	joint_permutation	67	0.05428087916992241	1.8316421777205214
drug_cold	joint_permutation	68	0.007383109366456142	1.837292199915544
drug_cold	joint_permutation	69	0.029041252968425593	1.8536405569360197
drug_cold	joint_permutation	70	-0.11930912840613576	1.9258092023024653
drug_cold	joint_permutation	71	0.03664840285922832	1.8531800131924951
drug_cold	joint_permutation	72	0.01783545432666484	1.7818622247794547
drug_cold	joint_permutation	73	0.031181814065171735	1.8587736554149967
drug_cold	joint_permutation	74	0.0954448176847877	1.8135470807138006
drug_cold	joint_permutation	75	-0.02444988335317511	1.9076683691040068
drug_cold	joint_permutation	76	-0.07990819288746243	1.9088089588112471
drug_cold	joint_permutation	77	0.05295684837549593	1.7728286851522292
drug_cold	joint_permutation	78	-0.02010106195776071	1.8555184354981769
drug_cold	joint_permutation	79	-0.07134789667895045	1.9074429410758875
drug_cold	joint_permutation	80	-0.006580946880371753	1.8183542959460912
drug_cold	joint_permutation	81	-0.07001315090292479	1.9058102667671084
drug_cold	joint_permutation	82	0.020506042054234935	1.8047595106016328
drug_cold	joint_permutation	83	0.0663252571290326	1.772986430730621
drug_cold	joint_permutation	84	-0.15457335046059675	1.9686828894820105
drug_cold	joint_permutation	85	0.032486363074872425	1.8395209796135887
drug_cold	joint_permutation	86	0.07581690556414279	1.7842202098037792
drug_cold	joint_permutation	87	0.040288330812933044	1.800045147679204
drug_cold	joint_permutation	88	0.05597092399488466	1.7965304289604591
drug_cold	joint_permutation	89	0.022643191342167194	1.8631913582001842
drug_cold	joint_permutation	90	-0.06176967721851596	1.9000602182419315
drug_cold	joint_permutation	91	0.03636226414606828	1.7874625109384874
drug_cold	joint_permutation	92	0.0804612320513658	1.757640864233519
drug_cold	joint_permutation	93	-0.0790195992219772	1.976427932622861
drug_cold	joint_permutation	94	0.00487166379299278	1.8850740858560235
drug_cold	joint_permutation	95	-0.08374050346533433	1.8916655533029976
drug_cold	joint_permutation	96	-0.04521210838006731	1.8830928717005027
drug_cold	joint_permutation	97	-0.009017874627258967	1.8803911222166312
drug_cold	joint_permutation	98	-0.0852364610099659	1.9248650829829017
drug_cold	joint_permutation	99	0.04803112262988908	1.796043967130977
seen_molecule_and_protein_cluster_new_pair	protein_permutation	0	0.11415658241179148	2.2664391156856407
seen_molecule_and_protein_cluster_new_pair	protein_permutation	1	0.12150329316106519	2.1182152092356885
seen_molecule_and_protein_cluster_new_pair	protein_permutation	2	0.41198093355542575	1.7937764805206464
seen_molecule_and_protein_cluster_new_pair	protein_permutation	3	0.33512303648610076	2.2012066132223382
seen_molecule_and_protein_cluster_new_pair	protein_permutation	4	0.3769427745973511	2.0209178825051213
seen_molecule_and_protein_cluster_new_pair	protein_permutation	5	0.14241316221669037	2.078830591883317
seen_molecule_and_protein_cluster_new_pair	protein_permutation	6	-0.042384869707348324	2.2911555796416065
seen_molecule_and_protein_cluster_new_pair	protein_permutation	7	0.38994080130760456	2.089126677512799
seen_molecule_and_protein_cluster_new_pair	protein_permutation	8	0.47584080391449723	1.9038697402140052
seen_molecule_and_protein_cluster_new_pair	protein_permutation	9	0.01921447426733124	2.144462848477888
seen_molecule_and_protein_cluster_new_pair	protein_permutation	10	0.4684940931652235	1.981282678783838
seen_molecule_and_protein_cluster_new_pair	protein_permutation	11	0.38994080130760456	1.9650115267697017
seen_molecule_and_protein_cluster_new_pair	protein_permutation	12	0.3950269856724864	2.1980548455691418
seen_molecule_and_protein_cluster_new_pair	protein_permutation	13	0.18598080981721582	2.0380511374564962
seen_molecule_and_protein_cluster_new_pair	protein_permutation	14	-0.1090703980469097	2.346414491065857
seen_molecule_and_protein_cluster_new_pair	protein_permutation	15	0.02317039544001708	2.4897224586853195
seen_molecule_and_protein_cluster_new_pair	protein_permutation	16	0.08307434462640272	2.1459676303546846
seen_molecule_and_protein_cluster_new_pair	protein_permutation	17	0.36394474788709763	2.2129978817352463
seen_molecule_and_protein_cluster_new_pair	protein_permutation	18	0.2633513237816576	2.0722566005412926
seen_molecule_and_protein_cluster_new_pair	protein_permutation	19	0.1571509578394711	2.080931774820939
seen_molecule_and_protein_cluster_new_pair	protein_permutation	20	0.24639737589871824	1.882727409177351
seen_molecule_and_protein_cluster_new_pair	protein_permutation	21	0.29104277199045847	1.8708319429575673
seen_molecule_and_protein_cluster_new_pair	protein_permutation	22	0.20005658501868412	2.1127389028048595
seen_molecule_and_protein_cluster_new_pair	protein_permutation	23	0.29556382475924237	2.1045252310338967
seen_molecule_and_protein_cluster_new_pair	protein_permutation	24	0.16223857877672018	1.986076610186727
seen_molecule_and_protein_cluster_new_pair	protein_permutation	25	0.07911842345371686	2.0400507353004174
seen_molecule_and_protein_cluster_new_pair	protein_permutation	26	0.1491947413698661	2.2827504360772086
seen_molecule_and_protein_cluster_new_pair	protein_permutation	27	0.09211645016397037	2.3590104650122
seen_molecule_and_protein_cluster_new_pair	protein_permutation	28	0.17801645277086298	2.202128920574413
seen_molecule_and_protein_cluster_new_pair	protein_permutation	29	0.19327500586550836	2.0941892349816276
seen_molecule_and_protein_cluster_new_pair	protein_permutation	30	0.2509184286675021	2.284696516891917
seen_molecule_and_protein_cluster_new_pair	protein_permutation	31	-0.01186776351805753	2.3087814317062594
seen_molecule_and_protein_cluster_new_pair	protein_permutation	32	0.1701046104254913	2.0058368344933415
seen_molecule_and_protein_cluster_new_pair	protein_permutation	33	0.21820240908645988	2.1436991140507455
seen_molecule_and_protein_cluster_new_pair	protein_permutation	34	0.3012151407202221	2.146778118412936
seen_molecule_and_protein_cluster_new_pair	protein_permutation	35	0.49901119935451427	1.783497171854764
seen_molecule_and_protein_cluster_new_pair	protein_permutation	36	0.17801645277086298	1.9767044527718767
seen_molecule_and_protein_cluster_new_pair	protein_permutation	37	0.5261375159672173	1.716825344007158
seen_molecule_and_protein_cluster_new_pair	protein_permutation	38	0.0	1.9872956522040843
seen_molecule_and_protein_cluster_new_pair	protein_permutation	39	0.42780461824616905	1.8329849448276976
seen_molecule_and_protein_cluster_new_pair	protein_permutation	40	0.4622776456081457	1.8775243009413451
seen_molecule_and_protein_cluster_new_pair	protein_permutation	41	0.11585197720008542	2.410988721866832
seen_molecule_and_protein_cluster_new_pair	protein_permutation	42	0.16614868925280543	2.0195215861460123
seen_molecule_and_protein_cluster_new_pair	protein_permutation	43	0.18366776873184273	2.1479153879218575
seen_molecule_and_protein_cluster_new_pair	protein_permutation	44	0.28821711400996863	2.278416922393015
seen_molecule_and_protein_cluster_new_pair	protein_permutation	45	0.2661769817621475	2.2965956258431706
seen_molecule_and_protein_cluster_new_pair	protein_permutation	46	0.4402375133603246	1.9033659400819474
seen_molecule_and_protein_cluster_new_pair	protein_permutation	47	0.23452961238066072	1.8714985985201964
seen_molecule_and_protein_cluster_new_pair	protein_permutation	48	0.5385704110813727	1.6097184783758918
seen_molecule_and_protein_cluster_new_pair	protein_permutation	49	0.2961289563553403	1.9581448410954083
seen_molecule_and_protein_cluster_new_pair	protein_permutation	50	0.09211645016397037	2.093974168536671
seen_molecule_and_protein_cluster_new_pair	protein_permutation	51	0.29951974593192815	1.9408852198342474
seen_molecule_and_protein_cluster_new_pair	protein_permutation	52	0.32052011904669114	2.117718259288351
seen_molecule_and_protein_cluster_new_pair	protein_permutation	53	0.26003395901495224	2.1959487337512145
seen_molecule_and_protein_cluster_new_pair	protein_permutation	54	0.3339927732939048	1.8977696567096836
seen_molecule_and_protein_cluster_new_pair	protein_permutation	55	0.4334559342071488	2.013925161065546
seen_molecule_and_protein_cluster_new_pair	protein_permutation	56	0.4351513289954428	1.8600675807212865
seen_molecule_and_protein_cluster_new_pair	protein_permutation	57	0.24639737589871824	1.9709610318150128
seen_molecule_and_protein_cluster_new_pair	protein_permutation	58	0.3176039570070634	1.9648612797160352
seen_molecule_and_protein_cluster_new_pair	protein_permutation	59	0.25600461303238387	1.9220629587698341
seen_molecule_and_protein_cluster_new_pair	protein_permutation	60	0.2509184286675021	2.0689056165748116
seen_molecule_and_protein_cluster_new_pair	protein_permutation	61	0.3102572462577897	1.9692650737641983
seen_molecule_and_protein_cluster_new_pair	protein_permutation	62	0.5487427798111363	1.843766785913261
seen_molecule_and_protein_cluster_new_pair	protein_permutation	63	0.2322690859962688	2.048082772567525
seen_molecule_and_protein_cluster_new_pair	protein_permutation	64	0.2723934293192252	1.951173712438647
seen_molecule_and_protein_cluster_new_pair	protein_permutation	65	0.18084211075135284	2.106071973615217
seen_molecule_and_protein_cluster_new_pair	protein_permutation	66	0.3679006690597835	1.81690168203921
seen_molecule_and_protein_cluster_new_pair	protein_permutation	67	0.16049737329182567	1.9412952995493276
seen_molecule_and_protein_cluster_new_pair	protein_permutation	68	0.1740605315981771	1.8462113496486532
seen_molecule_and_protein_cluster_new_pair	protein_permutation	69	0.25939540260897176	2.0192017144906584
seen_molecule_and_protein_cluster_new_pair	protein_permutation	70	0.21644540130552545	1.925565102769903
seen_molecule_and_protein_cluster_new_pair	protein_permutation	71	0.16840921563719735	2.0684129570927228
seen_molecule_and_protein_cluster_new_pair	protein_permutation	72	0.38598488013491883	2.134275235464659
seen_molecule_and_protein_cluster_new_pair	protein_permutation	73	0.12206842475716317	1.9598790632787697
seen_molecule_and_protein_cluster_new_pair	protein_permutation	74	0.4713197511457134	1.993567803575567
seen_molecule_and_protein_cluster_new_pair	protein_permutation	75	0.24470198111042432	2.069268831739028
seen_molecule_and_protein_cluster_new_pair	protein_permutation	76	0.05651315960979777	2.2530452150744567
seen_molecule_and_protein_cluster_new_pair	protein_permutation	77	0.23459585432870686	2.2655894305147184
seen_molecule_and_protein_cluster_new_pair	protein_permutation	78	0.3187342201992594	1.8036074017490948
seen_molecule_and_protein_cluster_new_pair	protein_permutation	79	0.3481210631963542	1.9960620215902372
seen_molecule_and_protein_cluster_new_pair	protein_permutation	80	0.11585197720008542	2.2283200576281628
seen_molecule_and_protein_cluster_new_pair	protein_permutation	81	0.0276914482088009	2.2331368390189597
seen_molecule_and_protein_cluster_new_pair	protein_permutation	82	0.3012151407202221	1.867946909458945
seen_molecule_and_protein_cluster_new_pair	protein_permutation	83	0.0859242647179842	2.125151355384571
seen_molecule_and_protein_cluster_new_pair	protein_permutation	84	0.3113875094499857	2.1245133560547043
seen_molecule_and_protein_cluster_new_pair	protein_permutation	85	0.022605263843919105	2.5011594866718854
seen_molecule_and_protein_cluster_new_pair	protein_permutation	86	0.5905625179223867	1.6201044242044838
seen_molecule_and_protein_cluster_new_pair	protein_permutation	87	0.5154000156413556	2.144224243616849
seen_molecule_and_protein_cluster_new_pair	protein_permutation	88	0.3102572462577897	1.8417904731456625
seen_molecule_and_protein_cluster_new_pair	protein_permutation	89	0.41367632834371965	1.7568589332529099
seen_molecule_and_protein_cluster_new_pair	protein_permutation	90	0.030517106189290794	2.2525734151686403
seen_molecule_and_protein_cluster_new_pair	protein_permutation	91	0.23339934918846475	1.9964057137746176
seen_molecule_and_protein_cluster_new_pair	protein_permutation	92	0.2865217192216747	1.9707085424409456
seen_molecule_and_protein_cluster_new_pair	protein_permutation	93	0.3940079770291776	1.9229252584510326
seen_molecule_and_protein_cluster_new_pair	protein_permutation	94	0.22831316482358296	2.1403527939415885
seen_molecule_and_protein_cluster_new_pair	protein_permutation	95	0.37637764300125315	2.1426247577730404
seen_molecule_and_protein_cluster_new_pair	protein_permutation	96	-0.001695394788293933	2.2559833427101994
seen_molecule_and_protein_cluster_new_pair	protein_permutation	97	0.050296712052720016	2.2966873329528976
seen_molecule_and_protein_cluster_new_pair	protein_permutation	98	0.43119540782275695	1.6787778528228434
seen_molecule_and_protein_cluster_new_pair	protein_permutation	99	0.5713480436550554	1.6914258337213857
seen_molecule_and_protein_cluster_new_pair	ligand_permutation	0	0.4669305437964142	1.6918978903675237
seen_molecule_and_protein_cluster_new_pair	ligand_permutation	1	0.41989277590079743	1.5475052349872742
seen_molecule_and_protein_cluster_new_pair	ligand_permutation	2	0.40882105111452177	1.4258246297022854
seen_molecule_and_protein_cluster_new_pair	ligand_permutation	3	0.5803901491926231	1.568918746640004
seen_molecule_and_protein_cluster_new_pair	ligand_permutation	4	0.6478237326763809	1.2484311728532633
seen_molecule_and_protein_cluster_new_pair	ligand_permutation	5	0.3143019156789422	1.6152945447716123
seen_molecule_and_protein_cluster_new_pair	ligand_permutation	6	0.45392884584566656	1.7792498968948574
seen_molecule_and_protein_cluster_new_pair	ligand_permutation	7	0.586938106579355	1.5669103742915163
seen_molecule_and_protein_cluster_new_pair	ligand_permutation	8	0.7043528542013706	1.472297001726712
seen_molecule_and_protein_cluster_new_pair	ligand_permutation	9	0.48275869782341124	1.42412359040537
seen_molecule_and_protein_cluster_new_pair	ligand_permutation	10	0.4369701093881697	1.4249597929041204
seen_molecule_and_protein_cluster_new_pair	ligand_permutation	11	0.49053422541304453	1.412045666188035
seen_molecule_and_protein_cluster_new_pair	ligand_permutation	12	0.5702177804628594	1.5964729030331346
seen_molecule_and_protein_cluster_new_pair	ligand_permutation	13	0.47045520681505143	1.423464558743361
seen_molecule_and_protein_cluster_new_pair	ligand_permutation	14	0.3989829068451723	1.6109766864238304
seen_molecule_and_protein_cluster_new_pair	ligand_permutation	15	0.4347089445271702	1.4527913686266234
seen_molecule_and_protein_cluster_new_pair	ligand_permutation	16	0.45719146124326393	1.8281386960494017
seen_molecule_and_protein_cluster_new_pair	ligand_permutation	17	0.7122669312148691	1.5470375337345743
seen_molecule_and_protein_cluster_new_pair	ligand_permutation	18	0.4515401452822841	1.5132020025554085
seen_molecule_and_protein_cluster_new_pair	ligand_permutation	19	0.4667986983769295	1.635928593142898
seen_molecule_and_protein_cluster_new_pair	ligand_permutation	20	0.4588868560315579	1.5955658564842592
seen_molecule_and_protein_cluster_new_pair	ligand_permutation	21	0.6391638351868127	1.6056440694120822
seen_molecule_and_protein_cluster_new_pair	ligand_permutation	22	0.5042397640029074	1.1451487026706697
seen_molecule_and_protein_cluster_new_pair	ligand_permutation	23	0.5397006742735686	1.553360526409204
seen_molecule_and_protein_cluster_new_pair	ligand_permutation	24	0.5907293199361414	1.5284716454715324
seen_molecule_and_protein_cluster_new_pair	ligand_permutation	25	0.5769993596160351	1.642096756725669
seen_molecule_and_protein_cluster_new_pair	ligand_permutation	26	0.5829799497912476	1.5174721359412564
seen_molecule_and_protein_cluster_new_pair	ligand_permutation	27	0.5600454117330959	1.6610655428776318
seen_molecule_and_protein_cluster_new_pair	ligand_permutation	28	0.5385704110813727	1.4932639949184163
seen_molecule_and_protein_cluster_new_pair	ligand_permutation	29	0.3635849735361515	1.5797416178932286
seen_molecule_and_protein_cluster_new_pair	ligand_permutation	30	0.3616842215027057	1.5530535621282515
seen_molecule_and_protein_cluster_new_pair	ligand_permutation	31	0.4998586572409921	1.7236583119933697
seen_molecule_and_protein_cluster_new_pair	ligand_permutation	32	0.3329565257821889	1.640341080770151
seen_molecule_and_protein_cluster_new_pair	ligand_permutation	33	0.3825940905583309	1.7753522864451432
seen_molecule_and_protein_cluster_new_pair	ligand_permutation	34	0.46623356678083155	1.562790234008061
seen_molecule_and_protein_cluster_new_pair	ligand_permutation	35	0.6794800407303752	1.4669459240938094
seen_molecule_and_protein_cluster_new_pair	ligand_permutation	36	0.3057361934890059	1.5723422249849377
seen_molecule_and_protein_cluster_new_pair	ligand_permutation	37	0.557219753752606	1.495244039012003
seen_molecule_and_protein_cluster_new_pair	ligand_permutation	38	0.27691448208800906	1.7145999028658947
seen_molecule_and_protein_cluster_new_pair	ligand_permutation	39	0.6483890238916308	1.4753236498819697
seen_molecule_and_protein_cluster_new_pair	ligand_permutation	40	0.6489543151068807	1.287676810261476
seen_molecule_and_protein_cluster_new_pair	ligand_permutation	41	0.6568683921203793	1.1932471234997484
seen_molecule_and_protein_cluster_new_pair	ligand_permutation	42	0.41537172313201365	1.751872495507706
seen_molecule_and_protein_cluster_new_pair	ligand_permutation	43	0.4402375133603246	1.807175127209131
seen_molecule_and_protein_cluster_new_pair	ligand_permutation	44	0.4143584607781739	1.5126184418298914
seen_molecule_and_protein_cluster_new_pair	ligand_permutation	45	0.5103138312764738	1.5412184677616123
seen_molecule_and_protein_cluster_new_pair	ligand_permutation	46	0.5364613632721514	1.3403449935987342
seen_molecule_and_protein_cluster_new_pair	ligand_permutation	47	0.35443759196168484	1.4689703295105512
seen_molecule_and_protein_cluster_new_pair	ligand_permutation	48	0.47527567231839923	1.5298532358932142
seen_molecule_and_protein_cluster_new_pair	ligand_permutation	49	0.44274810929829955	1.4062233836061448
seen_molecule_and_protein_cluster_new_pair	ligand_permutation	50	0.5997739793801398	1.706312359360541
seen_molecule_and_protein_cluster_new_pair	ligand_permutation	51	0.6546072272593796	1.3431726204012504
seen_molecule_and_protein_cluster_new_pair	ligand_permutation	52	0.4724500143379094	1.7046684943397254
seen_molecule_and_protein_cluster_new_pair	ligand_permutation	53	0.6199493609194815	1.6235394873156943
seen_molecule_and_protein_cluster_new_pair	ligand_permutation	54	0.4997174342809082	1.5578796324359596
seen_molecule_and_protein_cluster_new_pair	ligand_permutation	55	0.42477375565610853	1.4973733407458751
seen_molecule_and_protein_cluster_new_pair	ligand_permutation	56	0.2469625074948162	1.712571673964078
seen_molecule_and_protein_cluster_new_pair	ligand_permutation	57	0.5250072527750212	1.5729033319916572
seen_molecule_and_protein_cluster_new_pair	ligand_permutation	58	0.503532252123298	1.4845442155881605
seen_molecule_and_protein_cluster_new_pair	ligand_permutation	59	0.3848546169427227	1.6091115741103599
seen_molecule_and_protein_cluster_new_pair	ligand_permutation	60	0.5104579673706562	1.6021160180260892
seen_molecule_and_protein_cluster_new_pair	ligand_permutation	61	0.35556817439218463	1.7477519636872592
seen_molecule_and_protein_cluster_new_pair	ligand_permutation	62	0.43402106580324684	1.5453262145169468
seen_molecule_and_protein_cluster_new_pair	ligand_permutation	63	0.5969475233038903	1.4779885733113824
seen_molecule_and_protein_cluster_new_pair	ligand_permutation	64	0.6137329133624038	1.3819146200975547
seen_molecule_and_protein_cluster_new_pair	ligand_permutation	65	0.43281472736025217	1.543953927623086
seen_molecule_and_protein_cluster_new_pair	ligand_permutation	66	0.5862069902141424	1.6505159808382392
seen_molecule_and_protein_cluster_new_pair	ligand_permutation	67	0.6299123802788068	1.3397223664054463
seen_molecule_and_protein_cluster_new_pair	ligand_permutation	68	0.5611756749252919	1.6579638335772855
seen_molecule_and_protein_cluster_new_pair	ligand_permutation	69	0.41537172313201365	1.3370456664307286
seen_molecule_and_protein_cluster_new_pair	ligand_permutation	70	0.2571348762245798	1.903103624513934
seen_molecule_and_protein_cluster_new_pair	ligand_permutation	71	0.6568683921203793	1.3407486398781456
seen_molecule_and_protein_cluster_new_pair	ligand_permutation	72	0.5782929132006437	1.741586177683554
seen_molecule_and_protein_cluster_new_pair	ligand_permutation	73	0.3176936629704416	1.7267994390934347
seen_molecule_and_protein_cluster_new_pair	ligand_permutation	74	0.6133409685461373	1.5600592397514002
seen_molecule_and_protein_cluster_new_pair	ligand_permutation	75	0.7348785798248648	1.3859958373267862
seen_molecule_and_protein_cluster_new_pair	ligand_permutation	76	0.6478237326763809	1.2928343587943782
seen_molecule_and_protein_cluster_new_pair	ligand_permutation	77	0.4927947517974365	1.7253262410531074
seen_molecule_and_protein_cluster_new_pair	ligand_permutation	78	0.6088186388241381	1.541594677542264
seen_molecule_and_protein_cluster_new_pair	ligand_permutation	79	0.5257208301824035	1.4317676387118117
seen_molecule_and_protein_cluster_new_pair	ligand_permutation	80	0.5206332092451543	1.2872781885422842
seen_molecule_and_protein_cluster_new_pair	ligand_permutation	81	0.47314874716416305	1.6924640918627298
seen_molecule_and_protein_cluster_new_pair	ligand_permutation	82	0.4458888293213044	1.618249860259852
seen_molecule_and_protein_cluster_new_pair	ligand_permutation	83	0.532919095120393	1.778785624081317
seen_molecule_and_protein_cluster_new_pair	ligand_permutation	84	0.6024302814404442	1.4009814471106647
seen_molecule_and_protein_cluster_new_pair	ligand_permutation	85	0.39457326824442746	1.5538841548134883
seen_molecule_and_protein_cluster_new_pair	ligand_permutation	86	0.5332202644550402	1.4367625624883433
seen_molecule_and_protein_cluster_new_pair	ligand_permutation	87	0.5888671231340927	1.6813263231263704
seen_molecule_and_protein_cluster_new_pair	ligand_permutation	88	0.468061126226914	1.4580557620251868
seen_molecule_and_protein_cluster_new_pair	ligand_permutation	89	0.4939250149896324	1.7105834995246376
seen_molecule_and_protein_cluster_new_pair	ligand_permutation	90	0.49349923091315934	1.5865232395990867
seen_molecule_and_protein_cluster_new_pair	ligand_permutation	91	0.3996608891816766	1.3782182719048475
seen_molecule_and_protein_cluster_new_pair	ligand_permutation	92	0.6329473876297349	1.5203140471195107
seen_molecule_and_protein_cluster_new_pair	ligand_permutation	93	0.4588868560315579	1.504470607494364
seen_molecule_and_protein_cluster_new_pair	ligand_permutation	94	0.4820572514715749	1.7200919093965226
seen_molecule_and_protein_cluster_new_pair	ligand_permutation	95	0.4102855387671318	1.4365161557780082
seen_molecule_and_protein_cluster_new_pair	ligand_permutation	96	0.27974014006849895	1.6879499308925374
seen_molecule_and_protein_cluster_new_pair	ligand_permutation	97	0.46905922476132145	1.3323514419206453
seen_molecule_and_protein_cluster_new_pair	ligand_permutation	98	0.4133446588723589	1.418850584817638
seen_molecule_and_protein_cluster_new_pair	ligand_permutation	99	0.40814025741042503	1.4138567775442696
seen_molecule_and_protein_cluster_new_pair	joint_permutation	0	-0.032212500977584727	2.0256039294464814
seen_molecule_and_protein_cluster_new_pair	joint_permutation	1	-0.006218203367748857	2.3429468858531717
seen_molecule_and_protein_cluster_new_pair	joint_permutation	2	-0.2153151381133295	2.4366175466523714
seen_molecule_and_protein_cluster_new_pair	joint_permutation	3	0.19553553224990025	2.0021560298373626
seen_molecule_and_protein_cluster_new_pair	joint_permutation	4	0.0429500013034463	2.1772443477963646
seen_molecule_and_protein_cluster_new_pair	joint_permutation	5	0.08479368228748442	2.4089396336678446
seen_molecule_and_protein_cluster_new_pair	joint_permutation	6	-0.18649342671233263	2.455165093861741
seen_molecule_and_protein_cluster_new_pair	joint_permutation	7	-0.22661777003528905	2.5120088608988094
seen_molecule_and_protein_cluster_new_pair	joint_permutation	8	-0.08533487101079462	2.212616428818912
seen_molecule_and_protein_cluster_new_pair	joint_permutation	9	0.16106250488792365	2.076627630341845
seen_molecule_and_protein_cluster_new_pair	joint_permutation	10	0.1565414521191398	2.0112851233884523
seen_molecule_and_protein_cluster_new_pair	joint_permutation	11	-0.1740605315981771	2.370647442143405
seen_molecule_and_protein_cluster_new_pair	joint_permutation	12	0.15767171531133578	2.011949888910905
seen_molecule_and_protein_cluster_new_pair	joint_permutation	13	0.16106250488792365	2.1608389929497567
seen_molecule_and_protein_cluster_new_pair	joint_permutation	14	-0.13450131987131866	2.0301382749179164
seen_molecule_and_protein_cluster_new_pair	joint_permutation	15	0.5120092260647677	1.627120425768606
seen_molecule_and_protein_cluster_new_pair	joint_permutation	16	-0.47018948795351745	2.797411917477012
seen_molecule_and_protein_cluster_new_pair	joint_permutation	17	-0.252613823455796	2.649132776662627
seen_molecule_and_protein_cluster_new_pair	joint_permutation	18	-0.19779605863429217	2.4550504022584505
seen_molecule_and_protein_cluster_new_pair	joint_permutation	19	-0.26222106058946165	2.7347310011243064
seen_molecule_and_protein_cluster_new_pair	joint_permutation	20	-0.03503815895807461	2.4826653980400337
seen_molecule_and_protein_cluster_new_pair	joint_permutation	21	-0.3221250097758473	2.632579751271469
seen_molecule_and_protein_cluster_new_pair	joint_permutation	22	0.3865500117310167	2.2592358794285277
seen_molecule_and_protein_cluster_new_pair	joint_permutation	23	0.3159085622187695	2.151156800350149
seen_molecule_and_protein_cluster_new_pair	joint_permutation	24	0.18818882150062657	2.1852006309370298
seen_molecule_and_protein_cluster_new_pair	joint_permutation	25	-0.02599605342050697	2.243103045801247
seen_molecule_and_protein_cluster_new_pair	joint_permutation	26	0.17326175747409317	2.148807797451244
seen_molecule_and_protein_cluster_new_pair	joint_permutation	27	0.2328342175923668	1.8005473215465173
seen_molecule_and_protein_cluster_new_pair	joint_permutation	28	-0.3232552729680432	2.6347291293230928
seen_molecule_and_protein_cluster_new_pair	joint_permutation	29	0.10768797650510521	2.4198942501858713
seen_molecule_and_protein_cluster_new_pair	joint_permutation	30	-0.2362250071689547	2.568930832708757
seen_molecule_and_protein_cluster_new_pair	joint_permutation	31	-0.31364803583437756	2.9608936406555286
seen_molecule_and_protein_cluster_new_pair	joint_permutation	32	-0.14580395179327824	2.21625242538648
seen_molecule_and_protein_cluster_new_pair	joint_permutation	33	0.08420460781859868	2.174474788229418
seen_molecule_and_protein_cluster_new_pair	joint_permutation	34	-0.013563158306351464	2.5502029162874824
seen_molecule_and_protein_cluster_new_pair	joint_permutation	35	-0.07346710749273709	2.51267907719908
seen_molecule_and_protein_cluster_new_pair	joint_permutation	36	-0.10228881889373395	2.489979314674052
seen_molecule_and_protein_cluster_new_pair	joint_permutation	37	0.18875395309672452	2.215863323232498
seen_molecule_and_protein_cluster_new_pair	joint_permutation	38	0.18310263713574476	2.421211155561116
seen_molecule_and_protein_cluster_new_pair	joint_permutation	39	0.060469080782483614	2.456548573577322
seen_molecule_and_protein_cluster_new_pair	joint_permutation	40	0.4515401452822841	2.105514184313661
seen_molecule_and_protein_cluster_new_pair	joint_permutation	41	-0.2961289563553403	2.464320853544073
seen_molecule_and_protein_cluster_new_pair	joint_permutation	42	0.03560329055417259	2.589038901899869
seen_molecule_and_protein_cluster_new_pair	joint_permutation	43	-0.07572763387712901	2.3044060705324996
seen_molecule_and_protein_cluster_new_pair	joint_permutation	44	0.10511447687422383	2.204663774020813
seen_molecule_and_protein_cluster_new_pair	joint_permutation	45	-0.1316756618908288	2.4475595528518137
seen_molecule_and_protein_cluster_new_pair	joint_permutation	46	-0.03108223778538877	2.377098316556328
seen_molecule_and_protein_cluster_new_pair	joint_permutation	47	-0.2845827553754338	2.518345652838619
seen_molecule_and_protein_cluster_new_pair	joint_permutation	48	0.2656118501660495	2.0768414527912653
seen_molecule_and_protein_cluster_new_pair	joint_permutation	49	-0.1367618462557106	2.4231850244871116
seen_molecule_and_protein_cluster_new_pair	joint_permutation	50	0.23339934918846475	2.4676343299331776
seen_molecule_and_protein_cluster_new_pair	joint_permutation	51	0.18592829511623465	2.2883872493681903
seen_molecule_and_protein_cluster_new_pair	joint_permutation	52	0.1729302684059812	1.8932806125776016
seen_molecule_and_protein_cluster_new_pair	joint_permutation	53	0.055948028013699795	2.2773548276174327
seen_molecule_and_protein_cluster_new_pair	joint_permutation	54	0.05651315960979777	2.0920211350644324
seen_molecule_and_protein_cluster_new_pair	joint_permutation	55	0.0429500013034463	2.1798248978546866
seen_molecule_and_protein_cluster_new_pair	joint_permutation	56	0.0005651315960979776	2.1258372951705797
seen_molecule_and_protein_cluster_new_pair	joint_permutation	57	-0.06555526514736541	2.487642818274421
seen_molecule_and_protein_cluster_new_pair	joint_permutation	58	-0.31251777264218167	2.6117527108034206
seen_molecule_and_protein_cluster_new_pair	joint_permutation	59	0.1847980319240387	2.4499175544383465
seen_molecule_and_protein_cluster_new_pair	joint_permutation	60	-0.1740605315981771	2.7532541198369915
seen_molecule_and_protein_cluster_new_pair	joint_permutation	61	-0.22661777003528905	2.614473264321927
seen_molecule_and_protein_cluster_new_pair	joint_permutation	62	0.08394574546460958	2.2813061243391384
seen_molecule_and_protein_cluster_new_pair	joint_permutation	63	0.14241316221669037	2.474630882880247
seen_molecule_and_protein_cluster_new_pair	joint_permutation	64	0.12206842475716317	2.2945797872708216
seen_molecule_and_protein_cluster_new_pair	joint_permutation	65	0.05481776482150383	2.3440948986155377
seen_molecule_and_protein_cluster_new_pair	joint_permutation	66	-0.01582815402699709	2.313845763343822
seen_molecule_and_protein_cluster_new_pair	joint_permutation	67	-0.32551579935243513	2.616401389432745
seen_molecule_and_protein_cluster_new_pair	joint_permutation	68	0.16614868925280543	2.082200976522205
seen_molecule_and_protein_cluster_new_pair	joint_permutation	69	-0.08703026579908855	2.5925831349619197
seen_molecule_and_protein_cluster_new_pair	joint_permutation	70	-0.06331261610798836	2.463757362815699
seen_molecule_and_protein_cluster_new_pair	joint_permutation	71	-0.31816908860316145	2.558475753314636
seen_molecule_and_protein_cluster_new_pair	joint_permutation	72	-0.10059342410544003	2.4954176610255305
seen_molecule_and_protein_cluster_new_pair	joint_permutation	73	-0.13001697950747612	2.489367678355473
seen_molecule_and_protein_cluster_new_pair	joint_permutation	74	0.17858158436696095	2.28887785159702
seen_molecule_and_protein_cluster_new_pair	joint_permutation	75	0.11585197720008542	2.243421913079573
seen_molecule_and_protein_cluster_new_pair	joint_permutation	76	-0.06329473876297351	2.610951945821723
seen_molecule_and_protein_cluster_new_pair	joint_permutation	77	-0.1192427667766733	2.4887882242709183
seen_molecule_and_protein_cluster_new_pair	joint_permutation	78	-0.2758621130419493	2.5292400347295754
seen_molecule_and_protein_cluster_new_pair	joint_permutation	79	-0.07911842345371686	2.442871343892062
seen_molecule_and_protein_cluster_new_pair	joint_permutation	80	0.2153151381133295	2.12115318008632
seen_molecule_and_protein_cluster_new_pair	joint_permutation	81	0.16614868925280543	2.116500198392737
seen_molecule_and_protein_cluster_new_pair	joint_permutation	82	-0.14975987296596407	2.3099353871630446
seen_molecule_and_protein_cluster_new_pair	joint_permutation	83	-0.07855329185761889	2.5435248926842537
seen_molecule_and_protein_cluster_new_pair	joint_permutation	84	0.06981346508336217	2.127359481742691
seen_molecule_and_protein_cluster_new_pair	joint_permutation	85	-0.04747105407223012	2.5052971394785213
seen_molecule_and_protein_cluster_new_pair	joint_permutation	86	-0.255794274900578	2.5924154675778213
seen_molecule_and_protein_cluster_new_pair	joint_permutation	87	-0.06555526514736541	2.3780793114788534
seen_molecule_and_protein_cluster_new_pair	joint_permutation	88	0.25996053420506976	2.1824421390471453
seen_molecule_and_protein_cluster_new_pair	joint_permutation	89	0.08024868664591284	2.173447000900973
seen_molecule_and_protein_cluster_new_pair	joint_permutation	90	-0.176886189578667	2.4642087968118953
seen_molecule_and_protein_cluster_new_pair	joint_permutation	91	0.16501842606060946	2.2595643445764115
seen_molecule_and_protein_cluster_new_pair	joint_permutation	92	0.23452961238066072	2.2390568244746927
seen_molecule_and_protein_cluster_new_pair	joint_permutation	93	-0.19270987426941039	2.4377695606646244
seen_molecule_and_protein_cluster_new_pair	joint_permutation	94	0.3074315882772998	1.9363330622553
seen_molecule_and_protein_cluster_new_pair	joint_permutation	95	0.13111053029473083	2.331345708724293
seen_molecule_and_protein_cluster_new_pair	joint_permutation	96	0.02599605342050697	2.1360992791711184
seen_molecule_and_protein_cluster_new_pair	joint_permutation	97	-0.3277763257368271	2.5480180425283367
seen_molecule_and_protein_cluster_new_pair	joint_permutation	98	-0.1548460573308459	2.6482721859952294
seen_molecule_and_protein_cluster_new_pair	joint_permutation	99	-0.4414924391101689	2.838900250997963
protein_identity_cold	protein_permutation	0	0.1936658476103915	1.3454868988365738
protein_identity_cold	protein_permutation	1	0.07886623222064057	1.4214712922867845
protein_identity_cold	protein_permutation	2	0.1162035486290609	1.3773223864481052
protein_identity_cold	protein_permutation	3	0.09981140271160731	1.4018839337881368
protein_identity_cold	protein_permutation	4	0.08760208851098952	1.4028624130849912
protein_identity_cold	protein_permutation	5	0.053611263012014514	1.4379784384240457
protein_identity_cold	protein_permutation	6	0.15972271281702485	1.3495384911284936
protein_identity_cold	protein_permutation	7	0.13479342154568416	1.3758646913294217
protein_identity_cold	protein_permutation	8	0.15959130117026432	1.3853432911100878
protein_identity_cold	protein_permutation	9	0.17876574112723265	1.348401273184399
protein_identity_cold	protein_permutation	10	0.17181238863229686	1.3789449354471843
protein_identity_cold	protein_permutation	11	0.10215040663272658	1.3999556844412422
protein_identity_cold	protein_permutation	12	0.17672372896404398	1.3747533520993238
protein_identity_cold	protein_permutation	13	0.11099361526448205	1.3869792100454226
protein_identity_cold	protein_permutation	14	0.0941034425702739	1.4069536517196222
protein_identity_cold	protein_permutation	15	0.18632874753309303	1.3731672444970737
protein_identity_cold	protein_permutation	16	0.12706283884778982	1.3946576404507884
protein_identity_cold	protein_permutation	17	0.2420079205260307	1.3491060710239409
protein_identity_cold	protein_permutation	18	0.11787969482574086	1.3746702267808988
protein_identity_cold	protein_permutation	19	0.22209543093143624	1.3300281881299338
protein_identity_cold	protein_permutation	20	0.18597790757505123	1.3677041651695558
protein_identity_cold	protein_permutation	21	0.18970679040144273	1.368767961582144
protein_identity_cold	protein_permutation	22	0.1507593803815949	1.3781531597357646
protein_identity_cold	protein_permutation	23	0.06402412447536833	1.426826425482147
protein_identity_cold	protein_permutation	24	0.11193761292716105	1.3731700638868314
protein_identity_cold	protein_permutation	25	0.17877646513365295	1.3671368493206972
protein_identity_cold	protein_permutation	26	0.15439522577554154	1.357196876830835
protein_identity_cold	protein_permutation	27	0.24508161068737352	1.3213282433327553
protein_identity_cold	protein_permutation	28	0.1671129110081248	1.3436880360367656
protein_identity_cold	protein_permutation	29	0.20523824166979338	1.345736938023742
protein_identity_cold	protein_permutation	30	0.08346045714268012	1.395978595565366
protein_identity_cold	protein_permutation	31	0.1941828568122004	1.3146364053263677
protein_identity_cold	protein_permutation	32	0.1665546891740715	1.3788964957843253
protein_identity_cold	protein_permutation	33	0.20921954446557886	1.379529132647852
protein_identity_cold	protein_permutation	34	0.1380621780898721	1.4017005379558665
protein_identity_cold	protein_permutation	35	0.0842950804876767	1.4259501745871606
protein_identity_cold	protein_permutation	36	0.25925085499426187	1.3107256967726968
protein_identity_cold	protein_permutation	37	0.1965808296073975	1.3418949505593742
protein_identity_cold	protein_permutation	38	0.18777712514090972	1.3579241446420303
protein_identity_cold	protein_permutation	39	0.137745317960703	1.3874462274410577
protein_identity_cold	protein_permutation	40	0.18795812846118187	1.3682959247888242
protein_identity_cold	protein_permutation	41	0.11642084054987606	1.3926488547283797
protein_identity_cold	protein_permutation	42	0.18251313240621517	1.3472504033162325
protein_identity_cold	protein_permutation	43	0.19173291235759188	1.370369719130636
protein_identity_cold	protein_permutation	44	0.12707173085452766	1.4050162740887235
protein_identity_cold	protein_permutation	45	0.1527188327964416	1.3693438424333675
protein_identity_cold	protein_permutation	46	0.1443283628117072	1.3684789862433826
protein_identity_cold	protein_permutation	47	0.05509627291688378	1.4307716085311637
protein_identity_cold	protein_permutation	48	0.14269490106943258	1.3509491032803287
protein_identity_cold	protein_permutation	49	0.11280486114073984	1.3927717305022702
protein_identity_cold	protein_permutation	50	0.22102860410016742	1.3222061945791037
protein_identity_cold	protein_permutation	51	0.17472689979224232	1.3756197100260998
protein_identity_cold	protein_permutation	52	0.11762101966709294	1.3763654290309821
protein_identity_cold	protein_permutation	53	0.09516146637137628	1.3892073652212993
protein_identity_cold	protein_permutation	54	0.10121867954851199	1.4305250371530878
protein_identity_cold	protein_permutation	55	0.16380914167863125	1.3930303498487964
protein_identity_cold	protein_permutation	56	0.12422434745288215	1.4090979379157365
protein_identity_cold	protein_permutation	57	0.12560720049264937	1.3828116795399352
protein_identity_cold	protein_permutation	58	0.07992974599087581	1.4291319848045214
protein_identity_cold	protein_permutation	59	0.09187734175061082	1.388448364927881
protein_identity_cold	protein_permutation	60	0.12671734345978158	1.3983094764872848
protein_identity_cold	protein_permutation	61	0.1725570652304739	1.3638200103839382
protein_identity_cold	protein_permutation	62	0.1542787444732988	1.3687316196526287
protein_identity_cold	protein_permutation	63	0.1989664998118435	1.3582708518518132
protein_identity_cold	protein_permutation	64	0.08845360584665918	1.4263878829862042
protein_identity_cold	protein_permutation	65	0.08136355193956783	1.4033406810811333
protein_identity_cold	protein_permutation	66	0.09491369680640437	1.4042119884822206
protein_identity_cold	protein_permutation	67	0.11232437576898839	1.362710779671818
protein_identity_cold	protein_permutation	68	0.16996991108453294	1.3550198689241535
protein_identity_cold	protein_permutation	69	0.06768809911526404	1.4343631013093814
protein_identity_cold	protein_permutation	70	0.19485311790628776	1.3535863687179708
protein_identity_cold	protein_permutation	71	0.12336259085300594	1.4064397759937943
protein_identity_cold	protein_permutation	72	0.24550658518723123	1.3504557863025406
protein_identity_cold	protein_permutation	73	0.04633808822208494	1.4449249766391115
protein_identity_cold	protein_permutation	74	0.16525156480033104	1.3581041208622366
protein_identity_cold	protein_permutation	75	0.11843717631253414	1.39093763785254
protein_identity_cold	protein_permutation	76	0.10499358059150359	1.4073700166909937
protein_identity_cold	protein_permutation	77	0.1622842427870797	1.3788915117122917
protein_identity_cold	protein_permutation	78	0.11804207765810472	1.4100793966045222
protein_identity_cold	protein_permutation	79	0.21634052623745845	1.333860337704528
protein_identity_cold	protein_permutation	80	0.1327617852729857	1.3573991449436762
protein_identity_cold	protein_permutation	81	0.09716108274844414	1.4097050142944818
protein_identity_cold	protein_permutation	82	0.20981860879014314	1.3324448210874065
protein_identity_cold	protein_permutation	83	0.1439837222579133	1.3570782650538962
protein_identity_cold	protein_permutation	84	0.11853373724723246	1.3814331752002846
protein_identity_cold	protein_permutation	85	0.1322503287075235	1.4073841923359078
protein_identity_cold	protein_permutation	86	0.1204236514023715	1.3761667366233923
protein_identity_cold	protein_permutation	87	0.10215348511086585	1.423961481123171
protein_identity_cold	protein_permutation	88	0.1530511253249795	1.384850436195838
protein_identity_cold	protein_permutation	89	0.16737494256866722	1.3868337763309513
protein_identity_cold	protein_permutation	90	0.18467193484723762	1.346918980075489
protein_identity_cold	protein_permutation	91	0.19898531697369082	1.3431851380635516
protein_identity_cold	protein_permutation	92	0.17180246623914633	1.3633612992714466
protein_identity_cold	protein_permutation	93	0.19361328295168728	1.353561105484555
protein_identity_cold	protein_permutation	94	0.14662282250326725	1.3858613674040625
protein_identity_cold	protein_permutation	95	0.10835784861730918	1.3820443021521271
protein_identity_cold	protein_permutation	96	0.06510885265257252	1.411520650583353
protein_identity_cold	protein_permutation	97	0.1547653994055504	1.3808462756533604
protein_identity_cold	protein_permutation	98	0.1377652456423479	1.3644478151315136
protein_identity_cold	protein_permutation	99	0.060431955619831	1.3979569018400266
protein_identity_cold	ligand_permutation	0	0.04896262227956844	1.4635026192321687
protein_identity_cold	ligand_permutation	1	-0.01309026660638018	1.4895049483601475
protein_identity_cold	ligand_permutation	2	0.0116583724139646	1.4805465398828423
protein_identity_cold	ligand_permutation	3	0.004115837200858142	1.4816308846981565
protein_identity_cold	ligand_permutation	4	0.029100089402253896	1.4643279555564592
protein_identity_cold	ligand_permutation	5	-0.007485034189988481	1.506468387825361
protein_identity_cold	ligand_permutation	6	-0.06812571444749355	1.5076177819751393
protein_identity_cold	ligand_permutation	7	-0.03194598426976176	1.508351724983793
protein_identity_cold	ligand_permutation	8	0.0015230794946368346	1.4545793666788678
protein_identity_cold	ligand_permutation	9	-0.10444215171749913	1.5335234865801004
protein_identity_cold	ligand_permutation	10	-0.025213452929505744	1.4999051725826507
protein_identity_cold	ligand_permutation	11	-0.03574791423237241	1.5115180265786838
protein_identity_cold	ligand_permutation	12	-0.023983304185488098	1.5192333621249716
protein_identity_cold	ligand_permutation	13	-0.013293491954330773	1.5213679714001358
protein_identity_cold	ligand_permutation	14	-0.044328415584767016	1.4946199218875886
protein_identity_cold	ligand_permutation	15	0.030836330923064946	1.4675336953163682
protein_identity_cold	ligand_permutation	16	-0.0169592580764344	1.5013424567880436
protein_identity_cold	ligand_permutation	17	0.02695678574758624	1.4654756436383671
protein_identity_cold	ligand_permutation	18	-0.04624283020796267	1.5213044218891585
protein_identity_cold	ligand_permutation	19	0.04099648274105756	1.4621947450747372
protein_identity_cold	ligand_permutation	20	-0.05381448502737321	1.521762835398023
protein_identity_cold	ligand_permutation	21	-0.06443785920349036	1.5331080076504704
protein_identity_cold	ligand_permutation	22	0.026378943048059007	1.468317669590865
protein_identity_cold	ligand_permutation	23	-0.029010015608708035	1.520122704532986
protein_identity_cold	ligand_permutation	24	0.033870765844235144	1.4687285805816555
protein_identity_cold	ligand_permutation	25	-0.08368305488552542	1.5455472540320812
protein_identity_cold	ligand_permutation	26	-0.037943043858324754	1.5055270155817746
protein_identity_cold	ligand_permutation	27	-0.05129922323682078	1.5276197135663376
protein_identity_cold	ligand_permutation	28	-0.07943136886292684	1.5145835359941164
protein_identity_cold	ligand_permutation	29	-0.043075624629607144	1.5465170545450542
protein_identity_cold	ligand_permutation	30	-0.05525433705689754	1.511360648245294
protein_identity_cold	ligand_permutation	31	-0.020396567013486362	1.4887455047617588
protein_identity_cold	ligand_permutation	32	0.03353674581815	1.4608428431947948
protein_identity_cold	ligand_permutation	33	-0.009187216498779127	1.475628465171816
protein_identity_cold	ligand_permutation	34	-0.026893300966123065	1.4929429488829093
protein_identity_cold	ligand_permutation	35	-0.01660765584813082	1.521283965899925
protein_identity_cold	ligand_permutation	36	-0.027250208381889785	1.5316712468417877
protein_identity_cold	ligand_permutation	37	-0.010851209433392085	1.4685380814753142
protein_identity_cold	ligand_permutation	38	-0.009142671705168009	1.485238832626324
protein_identity_cold	ligand_permutation	39	-0.0027086838419845887	1.5023760692592087
protein_identity_cold	ligand_permutation	40	-0.03160314569224462	1.522860999459977
protein_identity_cold	ligand_permutation	41	-0.005017703554769648	1.491887590170373
protein_identity_cold	ligand_permutation	42	-0.015646562619429583	1.4982576926161406
protein_identity_cold	ligand_permutation	43	0.002469119960094817	1.4854391375055074
protein_identity_cold	ligand_permutation	44	0.007159651569210723	1.5097822980157605
protein_identity_cold	ligand_permutation	45	0.033163485338860786	1.4684196863798569
protein_identity_cold	ligand_permutation	46	-0.024258465104158446	1.50474118733873
protein_identity_cold	ligand_permutation	47	0.012638962420354921	1.500193594788663
protein_identity_cold	ligand_permutation	48	0.02201459595025494	1.4815759713704217
protein_identity_cold	ligand_permutation	49	0.01172296771638631	1.4835825798406488
protein_identity_cold	ligand_permutation	50	-0.014081344058671222	1.4787177240445397
protein_identity_cold	ligand_permutation	51	-0.019669052439309012	1.4591341440087966
protein_identity_cold	ligand_permutation	52	0.04437678493908818	1.4591194393845197
protein_identity_cold	ligand_permutation	53	-0.011058320240463687	1.4811897620988692
protein_identity_cold	ligand_permutation	54	0.002542722821402459	1.4895951762312796
protein_identity_cold	ligand_permutation	55	-0.0250491559778573	1.5100773794858398
protein_identity_cold	ligand_permutation	56	-0.04153403910985413	1.4984302629020925
protein_identity_cold	ligand_permutation	57	0.06962805571893028	1.4593994435638507
protein_identity_cold	ligand_permutation	58	0.015350547070107502	1.4852499871788907
protein_identity_cold	ligand_permutation	59	-0.023676615314104785	1.4745213737197702
protein_identity_cold	ligand_permutation	60	0.01314980125001356	1.4742018397578946
protein_identity_cold	ligand_permutation	61	0.04738222464112984	1.446815926143069
protein_identity_cold	ligand_permutation	62	0.009022241884205136	1.4858303433542908
protein_identity_cold	ligand_permutation	63	-0.04089006286780818	1.516611564259104
protein_identity_cold	ligand_permutation	64	-0.04447327960906397	1.5256271384671019
protein_identity_cold	ligand_permutation	65	-0.024132607558802838	1.504200275261101
protein_identity_cold	ligand_permutation	66	-0.06309912221251379	1.5234762556975965
protein_identity_cold	ligand_permutation	67	-0.004665298259001244	1.4764962355118862
protein_identity_cold	ligand_permutation	68	-0.05976083082862501	1.5208162738722326
protein_identity_cold	ligand_permutation	69	-0.078340533636772	1.5362580804980883
protein_identity_cold	ligand_permutation	70	-0.027265755674350155	1.509720255658027
protein_identity_cold	ligand_permutation	71	0.04169648107540426	1.4652793812755656
protein_identity_cold	ligand_permutation	72	-0.022890674953502905	1.497408290217098
protein_identity_cold	ligand_permutation	73	-0.026452607600430764	1.5037523248564724
protein_identity_cold	ligand_permutation	74	0.03819784906357524	1.476584740178417
protein_identity_cold	ligand_permutation	75	0.05591756481066336	1.4307768516131671
protein_identity_cold	ligand_permutation	76	0.01753907337223822	1.4677259707460968
protein_identity_cold	ligand_permutation	77	0.06221761535386871	1.443876743983204
protein_identity_cold	ligand_permutation	78	0.039610680949031196	1.4589692000656895
protein_identity_cold	ligand_permutation	79	-0.023424835534560373	1.5102653264341894
protein_identity_cold	ligand_permutation	80	0.030166191317765205	1.4666424021710174
protein_identity_cold	ligand_permutation	81	-0.02397639279809172	1.4994478201121948
protein_identity_cold	ligand_permutation	82	-0.01845266189110001	1.5059167612678086
protein_identity_cold	ligand_permutation	83	-0.009641974831301026	1.4876338246479601
protein_identity_cold	ligand_permutation	84	-0.009717551352571714	1.493155852650432
protein_identity_cold	ligand_permutation	85	-0.006538069155545785	1.4995897723899885
protein_identity_cold	ligand_permutation	86	0.004121883370148287	1.4965701837207965
protein_identity_cold	ligand_permutation	87	-0.04843771305149501	1.5249709556082507
protein_identity_cold	ligand_permutation	88	0.019399319254242577	1.4741139508603096
protein_identity_cold	ligand_permutation	89	0.054314219427885134	1.4597242865235303
protein_identity_cold	ligand_permutation	90	0.0030570172278228946	1.5073571244239368
protein_identity_cold	ligand_permutation	91	0.01180459027856148	1.4811704187149495
protein_identity_cold	ligand_permutation	92	0.03044221747157106	1.4912105663430952
protein_identity_cold	ligand_permutation	93	-0.02997974533836487	1.4931472355458015
protein_identity_cold	ligand_permutation	94	0.06000823760902879	1.4453191676262644
protein_identity_cold	ligand_permutation	95	-0.013574637186053689	1.512824887437177
protein_identity_cold	ligand_permutation	96	-0.0070756221551987195	1.4926076680624847
protein_identity_cold	ligand_permutation	97	0.04160110223662815	1.4477207175336868
protein_identity_cold	ligand_permutation	98	-0.011081148297959325	1.4894033423776238
protein_identity_cold	ligand_permutation	99	-0.04847103166858832	1.5203632877931357
protein_identity_cold	joint_permutation	0	-0.01491182956880919	1.4716606319273056
protein_identity_cold	joint_permutation	1	0.024083436158583067	1.4860564078538654
protein_identity_cold	joint_permutation	2	-0.04439689770631865	1.509074911199345
protein_identity_cold	joint_permutation	3	0.07558551139228716	1.438476064233646
protein_identity_cold	joint_permutation	4	0.05238746568368918	1.472030271182068
protein_identity_cold	joint_permutation	5	0.06192875651343084	1.466793509558029
protein_identity_cold	joint_permutation	6	-0.038533594189398834	1.4962023953009373
protein_identity_cold	joint_permutation	7	-0.012616134266750833	1.5066906273226621
protein_identity_cold	joint_permutation	8	-0.10998364451523257	1.5881116956855696
protein_identity_cold	joint_permutation	9	0.022931639422996808	1.4838977724915208
protein_identity_cold	joint_permutation	10	-0.059368199998395633	1.5388532338585108
protein_identity_cold	joint_permutation	11	0.019445220784363674	1.4754344057966828
protein_identity_cold	joint_permutation	12	0.028838440120613693	1.4604175017030017
protein_identity_cold	joint_permutation	13	0.02940313821402112	1.4596798838417004
protein_identity_cold	joint_permutation	14	-0.08508589480137439	1.57241927245501
protein_identity_cold	joint_permutation	15	-0.0026071947326065537	1.501625929650837
protein_identity_cold	joint_permutation	16	-0.09480869088021357	1.5422565317585795
protein_identity_cold	joint_permutation	17	-0.019519132119155434	1.5237555670349288
protein_identity_cold	joint_permutation	18	0.054946229205520204	1.4682795384666838
protein_identity_cold	joint_permutation	19	0.09790450879441454	1.4481506353984694
protein_identity_cold	joint_permutation	20	0.07271579735804391	1.4401591256283905
protein_identity_cold	joint_permutation	21	-0.027664372685002277	1.5273381389052123
protein_identity_cold	joint_permutation	22	0.0030272799462121858	1.4915668902893442
protein_identity_cold	joint_permutation	23	0.00496452194325838	1.4970094601264279
protein_identity_cold	joint_permutation	24	0.005533848986211955	1.4703079695431878
protein_identity_cold	joint_permutation	25	0.015298165607374787	1.4898726356755676
protein_identity_cold	joint_permutation	26	-0.006895100814964414	1.4839526978018234
protein_identity_cold	joint_permutation	27	-0.01642731857011171	1.5078946520515857
protein_identity_cold	joint_permutation	28	0.014175552378768016	1.4655249125725978
protein_identity_cold	joint_permutation	29	-0.036011971421778706	1.5388078979311344
protein_identity_cold	joint_permutation	30	0.029994922457195233	1.460261292543055
protein_identity_cold	joint_permutation	31	0.06981518279610743	1.4623692283465481
protein_identity_cold	joint_permutation	32	-0.00197734414029715	1.4698998539356325
protein_identity_cold	joint_permutation	33	0.0010735035270255976	1.4814748566449016
protein_identity_cold	joint_permutation	34	-0.08645503841824154	1.5158702683389262
protein_identity_cold	joint_permutation	35	0.01852669661710177	1.4654185289321668
protein_identity_cold	joint_permutation	36	-0.06647331265278507	1.5047068698236141
protein_identity_cold	joint_permutation	37	-0.002628973120322688	1.464718295790861
protein_identity_cold	joint_permutation	38	0.015774455677986143	1.4901963941366825
protein_identity_cold	joint_permutation	39	0.03675707151108794	1.4752688409488264
protein_identity_cold	joint_permutation	40	-0.02146279045912178	1.4921741017587116
protein_identity_cold	joint_permutation	41	0.03212268246427646	1.4705547975928763
protein_identity_cold	joint_permutation	42	0.025533466477118846	1.4941314451261418
protein_identity_cold	joint_permutation	43	0.001405919446773524	1.4865868975872651
protein_identity_cold	joint_permutation	44	0.061658711029680256	1.438819860221534
protein_identity_cold	joint_permutation	45	-0.02930072350971868	1.5099563112613845
protein_identity_cold	joint_permutation	46	-0.010510216485630615	1.5042504471973692
protein_identity_cold	joint_permutation	47	-0.023525891490370977	1.5148137450227024
protein_identity_cold	joint_permutation	48	-0.04779792962762974	1.475322134589641
protein_identity_cold	joint_permutation	49	-0.007946579501264156	1.4915901503348348
protein_identity_cold	joint_permutation	50	-0.08593099594935903	1.5588084799367452
protein_identity_cold	joint_permutation	51	-0.03702834481857294	1.4887492998313419
protein_identity_cold	joint_permutation	52	-0.02111322316118345	1.5073554103799705
protein_identity_cold	joint_permutation	53	0.07001575522034142	1.431759641671436
protein_identity_cold	joint_permutation	54	-0.010588323121562479	1.508961175425099
protein_identity_cold	joint_permutation	55	-0.038501265692378064	1.5341945933098207
protein_identity_cold	joint_permutation	56	0.01584318458195778	1.4855168331735598
protein_identity_cold	joint_permutation	57	-0.0003229147965776999	1.5132697171669036
protein_identity_cold	joint_permutation	58	0.032933794633271896	1.448365586410991
protein_identity_cold	joint_permutation	59	0.020225423405212276	1.4960355867874713
protein_identity_cold	joint_permutation	60	0.08841394102729067	1.4367479950447335
protein_identity_cold	joint_permutation	61	0.019207200325245217	1.446686565234401
protein_identity_cold	joint_permutation	62	0.05216745915625395	1.466154869507178
protein_identity_cold	joint_permutation	63	-0.017396310815520243	1.5031695899011734
protein_identity_cold	joint_permutation	64	0.012849713827286401	1.510923647929753
protein_identity_cold	joint_permutation	65	0.010158058598977823	1.470795199435957
protein_identity_cold	joint_permutation	66	-0.00817861618141502	1.4765069827285706
protein_identity_cold	joint_permutation	67	0.00314154020667491	1.459406215785197
protein_identity_cold	joint_permutation	68	0.023959364811111314	1.4684317342042401
protein_identity_cold	joint_permutation	69	-0.05991741427411874	1.4967967945854699
protein_identity_cold	joint_permutation	70	0.04573686737305542	1.4730869681698755
protein_identity_cold	joint_permutation	71	-0.025557157589439414	1.50582130782659
protein_identity_cold	joint_permutation	72	0.05829137210120579	1.453886305600436
protein_identity_cold	joint_permutation	73	0.008606660288915227	1.4812065662325993
protein_identity_cold	joint_permutation	74	0.058080242548384925	1.4482453513549978
protein_identity_cold	joint_permutation	75	0.10285064544738248	1.4517849288284979
protein_identity_cold	joint_permutation	76	-0.0665923851704379	1.5615324861946316
protein_identity_cold	joint_permutation	77	0.033619045686191645	1.4672531111122855
protein_identity_cold	joint_permutation	78	0.07228565559997366	1.4437811062973545
protein_identity_cold	joint_permutation	79	-0.0524047404530896	1.4983631803614366
protein_identity_cold	joint_permutation	80	0.028815796054407115	1.4999997729040568
protein_identity_cold	joint_permutation	81	0.0019256432233059173	1.4813421214143436
protein_identity_cold	joint_permutation	82	-0.010304770756722644	1.4751393827447572
protein_identity_cold	joint_permutation	83	-0.04359677009473232	1.5253886615423908
protein_identity_cold	joint_permutation	84	-0.07259857570854113	1.5105967889517216
protein_identity_cold	joint_permutation	85	0.0321741346170572	1.4744376460540978
protein_identity_cold	joint_permutation	86	0.04283612229099143	1.4717763332713718
protein_identity_cold	joint_permutation	87	-0.00777599066317542	1.4987637666294813
protein_identity_cold	joint_permutation	88	-0.007381632356006015	1.5188185827634586
protein_identity_cold	joint_permutation	89	-0.06954168187192823	1.5348588301558397
protein_identity_cold	joint_permutation	90	-0.044186885866893635	1.498586380275828
protein_identity_cold	joint_permutation	91	0.05441564700250755	1.45856457569493
protein_identity_cold	joint_permutation	92	0.08212980633400839	1.4602171412441698
protein_identity_cold	joint_permutation	93	0.04984819797303864	1.4513054943222594
protein_identity_cold	joint_permutation	94	-0.003975171221454788	1.4667223724229126
protein_identity_cold	joint_permutation	95	0.02804151621163865	1.4658650499531782
protein_identity_cold	joint_permutation	96	-0.058349482168611355	1.5398878469968542
protein_identity_cold	joint_permutation	97	-0.05246754657898109	1.518447095624234
protein_identity_cold	joint_permutation	98	-0.05281625013844941	1.533145578166027
protein_identity_cold	joint_permutation	99	-0.025738605951677283	1.5169174916489263
protein_identity_cold_including_double	protein_permutation	0	0.18700416942489037	1.3629480148365003
protein_identity_cold_including_double	protein_permutation	1	0.11682940394372374	1.4242743895251802
protein_identity_cold_including_double	protein_permutation	2	0.15188528922008057	1.3927373470161428
protein_identity_cold_including_double	protein_permutation	3	0.14097262395544122	1.403092539892557
protein_identity_cold_including_double	protein_permutation	4	0.16205268072773624	1.3887952668796937
protein_identity_cold_including_double	protein_permutation	5	0.16600455501558983	1.383841535199168
protein_identity_cold_including_double	protein_permutation	6	0.13715065578531302	1.4105919347775389
protein_identity_cold_including_double	protein_permutation	7	0.16787782575568114	1.385536135179249
protein_identity_cold_including_double	protein_permutation	8	0.164790399053884	1.3810356265009112
protein_identity_cold_including_double	protein_permutation	9	0.21105091549359678	1.371762208001221
protein_identity_cold_including_double	protein_permutation	10	0.22326629457965316	1.3648030737970156
protein_identity_cold_including_double	protein_permutation	11	0.16213644737490268	1.4068014411674168
protein_identity_cold_including_double	protein_permutation	12	0.14620112386341813	1.404720596194443
protein_identity_cold_including_double	protein_permutation	13	0.1569312586489939	1.3968841116631536
protein_identity_cold_including_double	protein_permutation	14	0.14968776036954318	1.3983058693065238
protein_identity_cold_including_double	protein_permutation	15	0.14861136243751855	1.4037914905426927
protein_identity_cold_including_double	protein_permutation	16	0.18694535276142948	1.3761269208757996
protein_identity_cold_including_double	protein_permutation	17	0.20860753513711533	1.3635263952593093
protein_identity_cold_including_double	protein_permutation	18	0.18580994707345436	1.3775811508375635
protein_identity_cold_including_double	protein_permutation	19	0.18352588224197347	1.3552131511645877
protein_identity_cold_including_double	protein_permutation	20	0.20409933720994303	1.3739192918421987
protein_identity_cold_including_double	protein_permutation	21	0.1758026050197059	1.3897443291272213
protein_identity_cold_including_double	protein_permutation	22	0.20703628050163755	1.3534460649845972
protein_identity_cold_including_double	protein_permutation	23	0.14090691154258855	1.4005423298459616
protein_identity_cold_including_double	protein_permutation	24	0.17383759644473168	1.3745861462790874
protein_identity_cold_including_double	protein_permutation	25	0.17374910157422238	1.385632137698041
protein_identity_cold_including_double	protein_permutation	26	0.1638557907456929	1.3834750423311115
protein_identity_cold_including_double	protein_permutation	27	0.19896692910418132	1.3680928019882461
protein_identity_cold_including_double	protein_permutation	28	0.19750839431709316	1.3586828152395483
protein_identity_cold_including_double	protein_permutation	29	0.23300939521259845	1.3493727932669421
protein_identity_cold_including_double	protein_permutation	30	0.14683735311241597	1.3878641269001895
protein_identity_cold_including_double	protein_permutation	31	0.21400200126867225	1.3516849916269773
protein_identity_cold_including_double	protein_permutation	32	0.16012918131151882	1.3834638741699559
protein_identity_cold_including_double	protein_permutation	33	0.17157494726560943	1.3945706647611424
protein_identity_cold_including_double	protein_permutation	34	0.16275669678916968	1.4057636173606953
protein_identity_cold_including_double	protein_permutation	35	0.12934782552138235	1.417182078611946
protein_identity_cold_including_double	protein_permutation	36	0.21434983360103196	1.3490876898291986
protein_identity_cold_including_double	protein_permutation	37	0.18776940630844818	1.3767269603010235
protein_identity_cold_including_double	protein_permutation	38	0.17315893314898542	1.3706016666435203
protein_identity_cold_including_double	protein_permutation	39	0.15956568071848765	1.4000912959827059
protein_identity_cold_including_double	protein_permutation	40	0.18497973777276386	1.3845036020092354
protein_identity_cold_including_double	protein_permutation	41	0.15524142949541414	1.4018102233191907
protein_identity_cold_including_double	protein_permutation	42	0.15576638514341762	1.3953975095230653
protein_identity_cold_including_double	protein_permutation	43	0.18132314829952273	1.3753555391667274
protein_identity_cold_including_double	protein_permutation	44	0.20878962869665388	1.363505236704937
protein_identity_cold_including_double	protein_permutation	45	0.14278460965772885	1.3989311770041835
protein_identity_cold_including_double	protein_permutation	46	0.21403332734402608	1.359343110592401
protein_identity_cold_including_double	protein_permutation	47	0.18447498377566804	1.3720744721486502
protein_identity_cold_including_double	protein_permutation	48	0.20771760544669743	1.356569107438868
protein_identity_cold_including_double	protein_permutation	49	0.16059294769574717	1.3974446309018311
protein_identity_cold_including_double	protein_permutation	50	0.17505105210119465	1.361075985850876
protein_identity_cold_including_double	protein_permutation	51	0.18628416176674797	1.3748796387176982
protein_identity_cold_including_double	protein_permutation	52	0.16746020246687388	1.3696982659808201
protein_identity_cold_including_double	protein_permutation	53	0.16555973956489461	1.3890769579099622
protein_identity_cold_including_double	protein_permutation	54	0.1446152523535856	1.410681834121226
protein_identity_cold_including_double	protein_permutation	55	0.19092971165834785	1.3675538331492312
protein_identity_cold_including_double	protein_permutation	56	0.154444834992529	1.3905496412707812
protein_identity_cold_including_double	protein_permutation	57	0.16556219862526692	1.3912209003577116
protein_identity_cold_including_double	protein_permutation	58	0.12978658735729892	1.4077314357871782
protein_identity_cold_including_double	protein_permutation	59	0.1605083751512397	1.3820667626146332
protein_identity_cold_including_double	protein_permutation	60	0.13632315197567443	1.408762836746499
protein_identity_cold_including_double	protein_permutation	61	0.17774305829404127	1.3968279703856643
protein_identity_cold_including_double	protein_permutation	62	0.21010537194863207	1.3557356305959551
protein_identity_cold_including_double	protein_permutation	63	0.19571293671048776	1.3753896411403939
protein_identity_cold_including_double	protein_permutation	64	0.1649106071828243	1.3881777067162158
protein_identity_cold_including_double	protein_permutation	65	0.1401282933957394	1.4040270253498401
protein_identity_cold_including_double	protein_permutation	66	0.1658250272468492	1.3921526401436464
protein_identity_cold_including_double	protein_permutation	67	0.2149050689197998	1.3426288526427979
protein_identity_cold_including_double	protein_permutation	68	0.1906942951626676	1.3771639577007002
protein_identity_cold_including_double	protein_permutation	69	0.14340853293595118	1.4024184328769522
protein_identity_cold_including_double	protein_permutation	70	0.18952423427720091	1.3748800164380248
protein_identity_cold_including_double	protein_permutation	71	0.13795517618590275	1.408563662088646
protein_identity_cold_including_double	protein_permutation	72	0.21307087812860387	1.362526845135392
protein_identity_cold_including_double	protein_permutation	73	0.10362547823615889	1.4279471694922172
protein_identity_cold_including_double	protein_permutation	74	0.16325524700412475	1.3738183160913024
protein_identity_cold_including_double	protein_permutation	75	0.14430519114264787	1.4092153182165894
protein_identity_cold_including_double	protein_permutation	76	0.14524092978023553	1.4077320920118
protein_identity_cold_including_double	protein_permutation	77	0.15093552134088772	1.4004017658671302
protein_identity_cold_including_double	protein_permutation	78	0.16027053499634647	1.3973195698717866
protein_identity_cold_including_double	protein_permutation	79	0.18196304449353332	1.3758667774359172
protein_identity_cold_including_double	protein_permutation	80	0.16152899342726026	1.3786057954660653
protein_identity_cold_including_double	protein_permutation	81	0.15202769282380782	1.411630725056545
protein_identity_cold_including_double	protein_permutation	82	0.1877162158612237	1.3780358973735627
protein_identity_cold_including_double	protein_permutation	83	0.16430527915867535	1.386995645056809
protein_identity_cold_including_double	protein_permutation	84	0.19897633184088753	1.366193302415785
protein_identity_cold_including_double	protein_permutation	85	0.17713145167975003	1.4021374408270355
protein_identity_cold_including_double	protein_permutation	86	0.15497971618566272	1.3799263680649325
protein_identity_cold_including_double	protein_permutation	87	0.15431566527573573	1.4039768095214054
protein_identity_cold_including_double	protein_permutation	88	0.12848274321078107	1.4183848304201858
protein_identity_cold_including_double	protein_permutation	89	0.17382590153911223	1.4039436529718896
protein_identity_cold_including_double	protein_permutation	90	0.19537470397359155	1.3705195376964
protein_identity_cold_including_double	protein_permutation	91	0.2229717333178468	1.3608324150642912
protein_identity_cold_including_double	protein_permutation	92	0.16405790032566617	1.3897846528370723
protein_identity_cold_including_double	protein_permutation	93	0.16705976929611208	1.3917249602230914
protein_identity_cold_including_double	protein_permutation	94	0.14159017656453862	1.4177960678553696
protein_identity_cold_including_double	protein_permutation	95	0.16575209965761123	1.383430703776012
protein_identity_cold_including_double	protein_permutation	96	0.1414553188874481	1.4120836786876716
protein_identity_cold_including_double	protein_permutation	97	0.16626778556968708	1.38429668142251
protein_identity_cold_including_double	protein_permutation	98	0.18412260271870293	1.3754989250678833
protein_identity_cold_including_double	protein_permutation	99	0.1483150940347273	1.3814903390654611
protein_identity_cold_including_double	ligand_permutation	0	0.09717827430225025	1.4632819648123394
protein_identity_cold_including_double	ligand_permutation	1	0.07479462247174687	1.4702477057601506
protein_identity_cold_including_double	ligand_permutation	2	0.10738544223846955	1.4553010612708626
protein_identity_cold_including_double	ligand_permutation	3	0.08365816025164406	1.4535025955047847
protein_identity_cold_including_double	ligand_permutation	4	0.11144366265537091	1.4486391306529818
protein_identity_cold_including_double	ligand_permutation	5	0.08005141553144393	1.4709656629712564
protein_identity_cold_including_double	ligand_permutation	6	0.0767500856874071	1.4656045482645652
protein_identity_cold_including_double	ligand_permutation	7	0.0983296080146495	1.4556636864182133
protein_identity_cold_including_double	ligand_permutation	8	0.07233184641961334	1.467819389310291
protein_identity_cold_including_double	ligand_permutation	9	0.09336068024282737	1.4522500524956394
protein_identity_cold_including_double	ligand_permutation	10	0.09365290023474225	1.455093259263771
protein_identity_cold_including_double	ligand_permutation	11	0.052208244197091594	1.4815959574556992
protein_identity_cold_including_double	ligand_permutation	12	0.08126496244834618	1.4603466199999342
protein_identity_cold_including_double	ligand_permutation	13	0.10194789790212325	1.4594125709506613
protein_identity_cold_including_double	ligand_permutation	14	0.07846121918024831	1.454988557854224
protein_identity_cold_including_double	ligand_permutation	15	0.11783694943080528	1.4401901874040297
protein_identity_cold_including_double	ligand_permutation	16	0.06175887607332245	1.4844681188405724
protein_identity_cold_including_double	ligand_permutation	17	0.07884458825261181	1.4514551292428406
protein_identity_cold_including_double	ligand_permutation	18	0.08835403885776277	1.4600656061247204
protein_identity_cold_including_double	ligand_permutation	19	0.10194607054295016	1.4480563309759669
protein_identity_cold_including_double	ligand_permutation	20	0.07064627223416407	1.4884739582654574
protein_identity_cold_including_double	ligand_permutation	21	0.06425560814377711	1.473676364411187
protein_identity_cold_including_double	ligand_permutation	22	0.11203656846553683	1.4422756539985029
protein_identity_cold_including_double	ligand_permutation	23	0.08762978154855267	1.4630858916832923
protein_identity_cold_including_double	ligand_permutation	24	0.09836800479645233	1.447760201099294
protein_identity_cold_including_double	ligand_permutation	25	0.061945931249535	1.4742352189898678
protein_identity_cold_including_double	ligand_permutation	26	0.05700840789683966	1.4879041951754968
protein_identity_cold_including_double	ligand_permutation	27	0.09537572363859945	1.464503541096436
protein_identity_cold_including_double	ligand_permutation	28	0.08150168069518707	1.460618908479372
protein_identity_cold_including_double	ligand_permutation	29	0.11600240173721926	1.456195328271403
protein_identity_cold_including_double	ligand_permutation	30	0.05991815711814856	1.483777841375119
protein_identity_cold_including_double	ligand_permutation	31	0.08748592128752088	1.4588596137985632
protein_identity_cold_including_double	ligand_permutation	32	0.10039607372719356	1.448237437051792
protein_identity_cold_including_double	ligand_permutation	33	0.07513325854983936	1.4578222783708226
protein_identity_cold_including_double	ligand_permutation	34	0.06369044688471157	1.469347038128025
protein_identity_cold_including_double	ligand_permutation	35	0.0689967957267091	1.4861802517243934
protein_identity_cold_including_double	ligand_permutation	36	0.07264780117556366	1.4709407896707816
protein_identity_cold_including_double	ligand_permutation	37	0.083757571099462	1.4586788176485028
protein_identity_cold_including_double	ligand_permutation	38	0.07454662155265573	1.4765982720827873
protein_identity_cold_including_double	ligand_permutation	39	0.05384480814927274	1.478351324714078
protein_identity_cold_including_double	ligand_permutation	40	0.06360442082387559	1.4658684824550088
protein_identity_cold_including_double	ligand_permutation	41	0.09960290909057555	1.450581901071417
protein_identity_cold_including_double	ligand_permutation	42	0.08280952489502853	1.4671948546143132
protein_identity_cold_including_double	ligand_permutation	43	0.09266269766293322	1.4653414683542527
protein_identity_cold_including_double	ligand_permutation	44	0.07221486952984707	1.4802309265876252
protein_identity_cold_including_double	ligand_permutation	45	0.09364881556365955	1.465464885772416
protein_identity_cold_including_double	ligand_permutation	46	0.079025997176669	1.473468228500204
protein_identity_cold_including_double	ligand_permutation	47	0.09506261514412906	1.4513507389775917
protein_identity_cold_including_double	ligand_permutation	48	0.10121928373698952	1.4443270571044924
protein_identity_cold_including_double	ligand_permutation	49	0.09659746022373081	1.4508185498421269
protein_identity_cold_including_double	ligand_permutation	50	0.08359547883688492	1.4537907520711402
protein_identity_cold_including_double	ligand_permutation	51	0.08898656701212208	1.443376780348644
protein_identity_cold_including_double	ligand_permutation	52	0.10860969136193804	1.4509651295348704
protein_identity_cold_including_double	ligand_permutation	53	0.06963698371146629	1.4712569212132331
protein_identity_cold_including_double	ligand_permutation	54	0.07472886110542269	1.4668602539599174
protein_identity_cold_including_double	ligand_permutation	55	0.09384256768258226	1.4644019078612236
protein_identity_cold_including_double	ligand_permutation	56	0.10461397602874577	1.457579883888535
protein_identity_cold_including_double	ligand_permutation	57	0.13712924585900726	1.431535651039649
protein_identity_cold_including_double	ligand_permutation	58	0.08979328019789498	1.4656037074842265
protein_identity_cold_including_double	ligand_permutation	59	0.08519735474329627	1.4528934727106333
protein_identity_cold_including_double	ligand_permutation	60	0.10184802527642203	1.4491720902734002
protein_identity_cold_including_double	ligand_permutation	61	0.09138141104362854	1.4627769194098001
protein_identity_cold_including_double	ligand_permutation	62	0.08975698807135485	1.4597103985598427
protein_identity_cold_including_double	ligand_permutation	63	0.09614756263584055	1.4598520456103328
protein_identity_cold_including_double	ligand_permutation	64	0.06747178380539372	1.4758858099953427
protein_identity_cold_including_double	ligand_permutation	65	0.08509867592347363	1.4657275829743586
protein_identity_cold_including_double	ligand_permutation	66	0.056975704262499	1.4802383767267153
protein_identity_cold_including_double	ligand_permutation	67	0.1013273486309427	1.4541553946285355
protein_identity_cold_including_double	ligand_permutation	68	0.06000413928692419	1.4774846174710605
protein_identity_cold_including_double	ligand_permutation	69	0.05515599474554854	1.46987662712443
protein_identity_cold_including_double	ligand_permutation	70	0.07364228355097759	1.4631415257724218
protein_identity_cold_including_double	ligand_permutation	71	0.1196213812102439	1.4393483812980221
protein_identity_cold_including_double	ligand_permutation	72	0.06898508160166435	1.4784578205965924
protein_identity_cold_including_double	ligand_permutation	73	0.08775440581094371	1.4585896345755163
protein_identity_cold_including_double	ligand_permutation	74	0.09426269979656185	1.4680762402268244
protein_identity_cold_including_double	ligand_permutation	75	0.10874244845621928	1.4437509062601472
protein_identity_cold_including_double	ligand_permutation	76	0.09558963757128558	1.4421686685751214
protein_identity_cold_including_double	ligand_permutation	77	0.11876673416454972	1.4485955612532428
protein_identity_cold_including_double	ligand_permutation	78	0.09077651255559281	1.4538831274069939
protein_identity_cold_including_double	ligand_permutation	79	0.07631884588235638	1.4840305912203018
protein_identity_cold_including_double	ligand_permutation	80	0.1079292333079031	1.4410594868844098
protein_identity_cold_including_double	ligand_permutation	81	0.0888837800807679	1.4460512791902724
protein_identity_cold_including_double	ligand_permutation	82	0.06115840314731237	1.478271961431865
protein_identity_cold_including_double	ligand_permutation	83	0.08135316199762795	1.466466955572431
protein_identity_cold_including_double	ligand_permutation	84	0.0699042988910018	1.4727627498020688
protein_identity_cold_including_double	ligand_permutation	85	0.08805634334273751	1.470121542227341
protein_identity_cold_including_double	ligand_permutation	86	0.11266893966467033	1.450273756708766
protein_identity_cold_including_double	ligand_permutation	87	0.06022390590002416	1.4693239903426383
protein_identity_cold_including_double	ligand_permutation	88	0.09567937710113578	1.4622353025215236
protein_identity_cold_including_double	ligand_permutation	89	0.10966593926133328	1.4444587454033342
protein_identity_cold_including_double	ligand_permutation	90	0.08543139636740728	1.4679353433655131
protein_identity_cold_including_double	ligand_permutation	91	0.10775481782504849	1.446917588752791
protein_identity_cold_including_double	ligand_permutation	92	0.09165571535345898	1.4623224239018375
protein_identity_cold_including_double	ligand_permutation	93	0.07310938663861506	1.4615143589985184
protein_identity_cold_including_double	ligand_permutation	94	0.10513530151146284	1.4466135599095868
protein_identity_cold_including_double	ligand_permutation	95	0.0649175246537452	1.4647896903906887
protein_identity_cold_including_double	ligand_permutation	96	0.10883187855613168	1.4390750348810453
protein_identity_cold_including_double	ligand_permutation	97	0.11126476807314842	1.4362565720808007
protein_identity_cold_including_double	ligand_permutation	98	0.10762167463774737	1.4490445154811809
protein_identity_cold_including_double	ligand_permutation	99	0.04870930148080329	1.4846041426364402
protein_identity_cold_including_double	joint_permutation	0	0.043963477313848774	1.508362033180613
protein_identity_cold_including_double	joint_permutation	1	0.01083929355776437	1.5100519817824458
protein_identity_cold_including_double	joint_permutation	2	0.005065612521266473	1.520224716145602
protein_identity_cold_including_double	joint_permutation	3	0.06994620223156803	1.466894618248181
protein_identity_cold_including_double	joint_permutation	4	0.06845128358064516	1.4777630955586731
protein_identity_cold_including_double	joint_permutation	5	0.040217042257237406	1.4931141449458756
protein_identity_cold_including_double	joint_permutation	6	0.0018242011504980278	1.5082866728518731
protein_identity_cold_including_double	joint_permutation	7	-0.0033739725393103514	1.5184096088659498
protein_identity_cold_including_double	joint_permutation	8	-0.016380020676522146	1.534630217102524
protein_identity_cold_including_double	joint_permutation	9	0.059758181954250984	1.4963059070560984
protein_identity_cold_including_double	joint_permutation	10	-0.036009434041428395	1.5284687582946603
protein_identity_cold_including_double	joint_permutation	11	0.03653467134167933	1.501450761856122
protein_identity_cold_including_double	joint_permutation	12	0.016547807713300503	1.5173840629889186
protein_identity_cold_including_double	joint_permutation	13	0.06369878184077066	1.485735282007166
protein_identity_cold_including_double	joint_permutation	14	0.04121558168215213	1.5159506061869792
protein_identity_cold_including_double	joint_permutation	15	0.015938658515366542	1.5096112905448456
protein_identity_cold_including_double	joint_permutation	16	-0.0015459108719439805	1.5073637114859637
protein_identity_cold_including_double	joint_permutation	17	0.050705019895197254	1.4702655212728097
protein_identity_cold_including_double	joint_permutation	18	0.04963556202969155	1.4956546880536927
protein_identity_cold_including_double	joint_permutation	19	0.05984522502491486	1.488861707029321
protein_identity_cold_including_double	joint_permutation	20	0.05979781842757552	1.488335403521298
protein_identity_cold_including_double	joint_permutation	21	-0.007410466013925335	1.5154221417025286
protein_identity_cold_including_double	joint_permutation	22	0.02674434446281055	1.5014970880363825
protein_identity_cold_including_double	joint_permutation	23	0.015072041648527993	1.4909520200115731
protein_identity_cold_including_double	joint_permutation	24	-0.0037898485280275607	1.504516752906817
protein_identity_cold_including_double	joint_permutation	25	0.06072161608641928	1.4888776267306163
protein_identity_cold_including_double	joint_permutation	26	0.006099439296794023	1.515785978296511
protein_identity_cold_including_double	joint_permutation	27	-0.02866058376369624	1.540741116663007
protein_identity_cold_including_double	joint_permutation	28	0.03473641799347692	1.5101421384823446
protein_identity_cold_including_double	joint_permutation	29	0.011196490874721306	1.5189937732186658
protein_identity_cold_including_double	joint_permutation	30	0.034362955970902234	1.483294769460656
protein_identity_cold_including_double	joint_permutation	31	0.07946836153393333	1.4652743689841743
protein_identity_cold_including_double	joint_permutation	32	-0.004326254757005036	1.5004247331359768
protein_identity_cold_including_double	joint_permutation	33	0.013354760670322811	1.5199293169349692
protein_identity_cold_including_double	joint_permutation	34	-0.018247934873856286	1.5285996481525996
protein_identity_cold_including_double	joint_permutation	35	-0.005349961228580373	1.5138495521310893
protein_identity_cold_including_double	joint_permutation	36	-0.0035412905029463078	1.5166006824871
protein_identity_cold_including_double	joint_permutation	37	-0.00534153295246824	1.5041998643297219
protein_identity_cold_including_double	joint_permutation	38	0.011207097410316242	1.5088446876169768
protein_identity_cold_including_double	joint_permutation	39	-0.001830736015930495	1.5253203056942757
protein_identity_cold_including_double	joint_permutation	40	0.030992691693189342	1.5128397941416263
protein_identity_cold_including_double	joint_permutation	41	0.043139878545314814	1.4804971166567642
protein_identity_cold_including_double	joint_permutation	42	0.021990278617584354	1.50224492651627
protein_identity_cold_including_double	joint_permutation	43	-0.01458254340789994	1.5290176058681886
protein_identity_cold_including_double	joint_permutation	44	0.05486152557322858	1.4756198870955959
protein_identity_cold_including_double	joint_permutation	45	0.015665272370174278	1.520822942058286
protein_identity_cold_including_double	joint_permutation	46	-0.030519062850666634	1.5301499967888663
protein_identity_cold_including_double	joint_permutation	47	0.01660780020096796	1.5007066045051185
protein_identity_cold_including_double	joint_permutation	48	0.04213717880503897	1.4880012828656677
protein_identity_cold_including_double	joint_permutation	49	0.0024413243467748145	1.5240649276982188
protein_identity_cold_including_double	joint_permutation	50	0.0033932553968742504	1.5315901785085788
protein_identity_cold_including_double	joint_permutation	51	-0.042303025662713566	1.5345465780269052
protein_identity_cold_including_double	joint_permutation	52	0.046249285991998734	1.501006192521175
protein_identity_cold_including_double	joint_permutation	53	0.04025944640768699	1.4811823671522217
protein_identity_cold_including_double	joint_permutation	54	-0.001627114066843302	1.516734453734664
protein_identity_cold_including_double	joint_permutation	55	0.017206173423849603	1.5072933704697329
protein_identity_cold_including_double	joint_permutation	56	0.039253684206193386	1.5117478905454769
protein_identity_cold_including_double	joint_permutation	57	0.03706409567527005	1.5088029660927686
protein_identity_cold_including_double	joint_permutation	58	0.06434272473059986	1.4744976673300498
protein_identity_cold_including_double	joint_permutation	59	0.0622482120060246	1.4924313581030715
protein_identity_cold_including_double	joint_permutation	60	0.055647612125891185	1.4931241919091944
protein_identity_cold_including_double	joint_permutation	61	0.018686158617539382	1.5068456820477827
protein_identity_cold_including_double	joint_permutation	62	0.04238424359615774	1.4900003356563816
protein_identity_cold_including_double	joint_permutation	63	0.009907303525613498	1.5081195606762938
protein_identity_cold_including_double	joint_permutation	64	-0.004107679498530627	1.5454289019025045
protein_identity_cold_including_double	joint_permutation	65	0.016568016420846265	1.4889294725963014
protein_identity_cold_including_double	joint_permutation	66	0.009920915953057736	1.4932995053654807
protein_identity_cold_including_double	joint_permutation	67	0.0004746430855398174	1.5025787153851102
protein_identity_cold_including_double	joint_permutation	68	0.03641965671715783	1.4997349540223424
protein_identity_cold_including_double	joint_permutation	69	0.004357777295517659	1.5081152045628001
protein_identity_cold_including_double	joint_permutation	70	0.02877839060400092	1.4754406872573111
protein_identity_cold_including_double	joint_permutation	71	-0.0045975165643459	1.5139987157542123
protein_identity_cold_including_double	joint_permutation	72	0.024145287214279745	1.496926506062334
protein_identity_cold_including_double	joint_permutation	73	0.027758001835944495	1.5043631152369228
protein_identity_cold_including_double	joint_permutation	74	-0.034712580052511204	1.5396896319312925
protein_identity_cold_including_double	joint_permutation	75	0.066154148240391	1.4895304090142485
protein_identity_cold_including_double	joint_permutation	76	-0.018189933992383	1.5298518843768685
protein_identity_cold_including_double	joint_permutation	77	0.06598866719215676	1.477963732974951
protein_identity_cold_including_double	joint_permutation	78	0.08561574013964582	1.4735788239330265
protein_identity_cold_including_double	joint_permutation	79	-0.004500566831142305	1.491274686499225
protein_identity_cold_including_double	joint_permutation	80	0.057157516324489156	1.49020785204751
protein_identity_cold_including_double	joint_permutation	81	0.027968502452269523	1.4951838318789614
protein_identity_cold_including_double	joint_permutation	82	0.007767037104071703	1.5001298388287791
protein_identity_cold_including_double	joint_permutation	83	-0.021369862261980798	1.5380257812957643
protein_identity_cold_including_double	joint_permutation	84	0.015182895998656399	1.4886334656519253
protein_identity_cold_including_double	joint_permutation	85	0.043894840183858794	1.5126086290757386
protein_identity_cold_including_double	joint_permutation	86	0.036529101517045144	1.5061621511202852
protein_identity_cold_including_double	joint_permutation	87	-4.7897755620925685e-05	1.5149735059221439
protein_identity_cold_including_double	joint_permutation	88	-0.0012677630248121177	1.524740291768435
protein_identity_cold_including_double	joint_permutation	89	0.006824300511934248	1.5125066641673712
protein_identity_cold_including_double	joint_permutation	90	0.01698647832449316	1.4996732472670644
protein_identity_cold_including_double	joint_permutation	91	0.014006409832008819	1.5078041037674714
protein_identity_cold_including_double	joint_permutation	92	-0.0019696429408432754	1.528229845346164
protein_identity_cold_including_double	joint_permutation	93	0.02347864287166594	1.5055574843114394
protein_identity_cold_including_double	joint_permutation	94	-0.016618708826402137	1.5205225854446507
protein_identity_cold_including_double	joint_permutation	95	0.033301027561853346	1.5013125612288203
protein_identity_cold_including_double	joint_permutation	96	-0.005286754069322201	1.5285250290113437
protein_identity_cold_including_double	joint_permutation	97	0.005099922370587131	1.514646516213268
protein_identity_cold_including_double	joint_permutation	98	0.021820546540419764	1.5150754440537193
protein_identity_cold_including_double	joint_permutation	99	0.015210452471398605	1.4920572920579867
strict_double_cold	protein_permutation	0	0.1654119084564019	1.372001008217144
strict_double_cold	protein_permutation	1	0.11930497040219361	1.4257276998831558
strict_double_cold	protein_permutation	2	0.15211950439209962	1.400729478560651
strict_double_cold	protein_permutation	3	0.14627770273013435	1.4037191609552178
strict_double_cold	protein_permutation	4	0.1820602571589961	1.381501931134049
strict_double_cold	protein_permutation	5	0.20072884439611519	1.3557733964533156
strict_double_cold	protein_permutation	6	0.10102425804428948	1.4422460639421721
strict_double_cold	protein_permutation	7	0.1629969366157979	1.3905504491070715
strict_double_cold	protein_permutation	8	0.14960196605296971	1.3788022492532561
strict_double_cold	protein_permutation	9	0.21020029086205283	1.3838740563082381
strict_double_cold	protein_permutation	10	0.2286339074961415	1.357471000640323
strict_double_cold	protein_permutation	11	0.17230794624405738	1.410350732651868
strict_double_cold	protein_permutation	12	0.1152110707158243	1.4202575906471677
strict_double_cold	protein_permutation	13	0.1569695320811283	1.4020194654848468
strict_double_cold	protein_permutation	14	0.1619725479794067	1.3938222889360963
strict_double_cold	protein_permutation	15	0.10801305352885555	1.4196691181089585
strict_double_cold	protein_permutation	16	0.20359053971476965	1.3665193745052442
strict_double_cold	protein_permutation	17	0.1743228896742412	1.3710028417733855
strict_double_cold	protein_permutation	18	0.189160200387413	1.379090365724897
strict_double_cold	protein_permutation	19	0.1481948314469064	1.3682706959197704
strict_double_cold	protein_permutation	20	0.1918850754601105	1.3771416231426459
strict_double_cold	protein_permutation	21	0.15657419088281302	1.4006198605959046
strict_double_cold	protein_permutation	22	0.21935081874618148	1.340636278643438
strict_double_cold	protein_permutation	23	0.158509439193284	1.3869149223073143
strict_double_cold	protein_permutation	24	0.18105819372147264	1.3753203367239357
strict_double_cold	protein_permutation	25	0.15551979323677567	1.3952213142004988
strict_double_cold	protein_permutation	26	0.14829209461593246	1.3970993752964533
strict_double_cold	protein_permutation	27	0.16038375136521707	1.3923386314048007
strict_double_cold	protein_permutation	28	0.1934152404783425	1.3664570970705368
strict_double_cold	protein_permutation	29	0.22363511001294434	1.3512578602609306
strict_double_cold	protein_permutation	30	0.1583258167711993	1.3836570515269087
strict_double_cold	protein_permutation	31	0.2043744162360283	1.370893420603856
strict_double_cold	protein_permutation	32	0.1398748065239009	1.3858319041568241
strict_double_cold	protein_permutation	33	0.1406146153631282	1.4023691863823797
strict_double_cold	protein_permutation	34	0.1521562691126505	1.4078701855180284
strict_double_cold	protein_permutation	35	0.12952071570890877	1.41263611976116
strict_double_cold	protein_permutation	36	0.17675823492429416	1.368977075433777
strict_double_cold	protein_permutation	37	0.1603000991923395	1.394786169897191
strict_double_cold	protein_permutation	38	0.15105162750079423	1.377174529613043
strict_double_cold	protein_permutation	39	0.15100194693231542	1.4066473329396685
strict_double_cold	protein_permutation	40	0.16976966445339012	1.3929067301135676
strict_double_cold	protein_permutation	41	0.15246263131001014	1.4065600806141427
strict_double_cold	protein_permutation	42	0.11990913460811613	1.4203601427126875
strict_double_cold	protein_permutation	43	0.1587626068197324	1.3779405168843033
strict_double_cold	protein_permutation	44	0.23782067904026863	1.3419831789704453
strict_double_cold	protein_permutation	45	0.11850022875471791	1.4142712013200185
strict_double_cold	protein_permutation	46	0.22645362869738792	1.3546064705176732
strict_double_cold	protein_permutation	47	0.23565887376524458	1.3416420079730573
strict_double_cold	protein_permutation	48	0.21929510222078466	1.3594828880040197
strict_double_cold	protein_permutation	49	0.16511110800509296	1.399867370455581
strict_double_cold	protein_permutation	50	0.13693108237251897	1.3812286475187698
strict_double_cold	protein_permutation	51	0.17085692921411602	1.374495936973996
strict_double_cold	protein_permutation	52	0.17437737255258873	1.3662415692289607
strict_double_cold	protein_permutation	53	0.17896304445228853	1.3890093461647377
strict_double_cold	protein_permutation	54	0.14894824268477222	1.400393809822036
strict_double_cold	protein_permutation	55	0.19202841654080136	1.3543451277581213
strict_double_cold	protein_permutation	56	0.157327717117384	1.3809329817886669
strict_double_cold	protein_permutation	57	0.1700477670440219	1.3955807946737462
strict_double_cold	protein_permutation	58	0.1367231599933298	1.3966359806858564
strict_double_cold	protein_permutation	59	0.1744737198113571	1.3787581193698384
strict_double_cold	protein_permutation	60	0.1273217357803309	1.4141825476763472
strict_double_cold	protein_permutation	61	0.15734606438583176	1.4139414723751955
strict_double_cold	protein_permutation	62	0.22296821607468004	1.3489976533151515
strict_double_cold	protein_permutation	63	0.17484562761838082	1.3842651497914336
strict_double_cold	protein_permutation	64	0.1883889908150454	1.3683670329398723
strict_double_cold	protein_permutation	65	0.14773107862548165	1.404382871455065
strict_double_cold	protein_permutation	66	0.1792731684669096	1.3859002791442432
strict_double_cold	protein_permutation	67	0.2385548368043917	1.3322170580893995
strict_double_cold	protein_permutation	68	0.18363857234537945	1.3886449128192224
strict_double_cold	protein_permutation	69	0.15879471260794542	1.3858562113175252
strict_double_cold	protein_permutation	70	0.16585306782765394	1.385920046861064
strict_double_cold	protein_permutation	71	0.13438234598628299	1.4096648246236188
strict_double_cold	protein_permutation	72	0.18130492695063413	1.368785277626856
strict_double_cold	protein_permutation	73	0.1082667022219702	1.4191447552754324
strict_double_cold	protein_permutation	74	0.14501929903554014	1.3819655906063724
strict_double_cold	protein_permutation	75	0.13302820855430592	1.418691672382609
strict_double_cold	protein_permutation	76	0.1380529484902517	1.407919815722161
strict_double_cold	protein_permutation	77	0.12463447961035885	1.411554099342295
strict_double_cold	protein_permutation	78	0.15954714228234124	1.3907040347049564
strict_double_cold	protein_permutation	79	0.15336980731854652	1.3976456843989242
strict_double_cold	protein_permutation	80	0.15639832000515752	1.389600720807929
strict_double_cold	protein_permutation	81	0.15375332869586916	1.4126291404374443
strict_double_cold	protein_permutation	82	0.15681065265181018	1.4016733161866979
strict_double_cold	protein_permutation	83	0.14919446157694244	1.4025067866776375
strict_double_cold	protein_permutation	84	0.22019647178720425	1.3582919479181397
strict_double_cold	protein_permutation	85	0.18319518358596457	1.399417179036214
strict_double_cold	protein_permutation	86	0.15479970013097652	1.3818756087981177
strict_double_cold	protein_permutation	87	0.1605933074097613	1.3936154385915123
strict_double_cold	protein_permutation	88	0.0888193983879911	1.435771270607525
strict_double_cold	protein_permutation	89	0.16091622112584184	1.4128145407189672
strict_double_cold	protein_permutation	90	0.18317389279489357	1.382755622258378
strict_double_cold	protein_permutation	91	0.21252466736569042	1.369981926577459
strict_double_cold	protein_permutation	92	0.1331949454154934	1.403484260864705
strict_double_cold	protein_permutation	93	0.13653776614868762	1.4115116178645197
strict_double_cold	protein_permutation	94	0.11402620794293142	1.4343531213564025
strict_double_cold	protein_permutation	95	0.17380225119240805	1.3841495057543047
strict_double_cold	protein_permutation	96	0.15242213365034668	1.4123755895656207
strict_double_cold	protein_permutation	97	0.15296382209170462	1.3860855991863448
strict_double_cold	protein_permutation	98	0.18132621616620243	1.3812285488275071
strict_double_cold	protein_permutation	99	0.16933037377605528	1.3729529876269437
strict_double_cold	ligand_permutation	0	0.10110987921094093	1.4631675630179672
strict_double_cold	ligand_permutation	1	0.0966163852595545	1.4602634819689586
strict_double_cold	ligand_permutation	2	0.13647862635408822	1.4422121412518671
strict_double_cold	ligand_permutation	3	0.09955893147883264	1.4389190364769708
strict_double_cold	ligand_permutation	4	0.12417686785745904	1.4405050097868322
strict_double_cold	ligand_permutation	5	0.10227323682193475	1.4525587104545683
strict_double_cold	ligand_permutation	6	0.11826298641182176	1.4438221188549638
strict_double_cold	ligand_permutation	7	0.13960550998448298	1.4283467346050929
strict_double_cold	ligand_permutation	8	0.07481068182905394	1.4746838896802763
strict_double_cold	ligand_permutation	9	0.17113537133133128	1.4101125476080996
strict_double_cold	ligand_permutation	10	0.1319092974585385	1.431859809886795
strict_double_cold	ligand_permutation	11	0.06928874425076818	1.46608238468597
strict_double_cold	ligand_permutation	12	0.11687843174874261	1.4298158517106745
strict_double_cold	ligand_permutation	13	0.13955416135953397	1.4272908079335334
strict_double_cold	ligand_permutation	14	0.11507945663043269	1.4344410466721533
strict_double_cold	ligand_permutation	15	0.14146704380878253	1.4260135107165246
strict_double_cold	ligand_permutation	16	0.07376838791985942	1.4757193498763295
strict_double_cold	ligand_permutation	17	0.078782049818675	1.4441859705008422
strict_double_cold	ligand_permutation	18	0.12969120251314184	1.4283153678377603
strict_double_cold	ligand_permutation	19	0.10668154986434301	1.4407260452571442
strict_double_cold	ligand_permutation	20	0.10664188623257367	1.4712148103203062
strict_double_cold	ligand_permutation	21	0.10408249341252866	1.4428630834703648
strict_double_cold	ligand_permutation	22	0.124464183082271	1.4287737567098493
strict_double_cold	ligand_permutation	23	0.12729282853366672	1.4335142486575279
strict_double_cold	ligand_permutation	24	0.10448766866683401	1.4368888111688087
strict_double_cold	ligand_permutation	25	0.11375519273575017	1.4372623599125838
strict_double_cold	ligand_permutation	26	0.07715001991489422	1.4787673635728098
strict_double_cold	ligand_permutation	27	0.15242393927848455	1.4317799573584897
strict_double_cold	ligand_permutation	28	0.135652611668622	1.4326400888161879
strict_double_cold	ligand_permutation	29	0.17318186315359294	1.409366592348274
strict_double_cold	ligand_permutation	30	0.08675489476453765	1.469477096335895
strict_double_cold	ligand_permutation	31	0.11394665810584338	1.443364798171338
strict_double_cold	ligand_permutation	32	0.11087875925492416	1.4417019636964001
strict_double_cold	ligand_permutation	33	0.0899984735620135	1.448590377543603
strict_double_cold	ligand_permutation	34	0.08610920214243899	1.4571133628076658
strict_double_cold	ligand_permutation	35	0.09616612095885635	1.4679801726419086
strict_double_cold	ligand_permutation	36	0.10077977599442325	1.4394541179841094
strict_double_cold	ligand_permutation	37	0.09926193144228874	1.453567125465568
strict_double_cold	ligand_permutation	38	0.08469948019763547	1.472118436005527
strict_double_cold	ligand_permutation	39	0.06392779991654572	1.4658953136928103
strict_double_cold	ligand_permutation	40	0.09434322838788259	1.436319805314649
strict_double_cold	ligand_permutation	41	0.12941879341240117	1.4291663094221
strict_double_cold	ligand_permutation	42	0.11219562774385232	1.4510898320707522
strict_double_cold	ligand_permutation	43	0.1068150450540733	1.4549215120471393
strict_double_cold	ligand_permutation	44	0.08483325931793503	1.464909547935254
strict_double_cold	ligand_permutation	45	0.10181955985495365	1.463932922389297
strict_double_cold	ligand_permutation	46	0.10893375191457946	1.4572542654660252
strict_double_cold	ligand_permutation	47	0.11362546265204411	1.4260273833369081
strict_double_cold	ligand_permutation	48	0.1278912136985534	1.4250147649069582
strict_double_cold	ligand_permutation	49	0.11220960942937	1.4338315172434613
strict_double_cold	ligand_permutation	50	0.10509350850167042	1.4408669668860676
strict_double_cold	ligand_permutation	51	0.1144516751038865	1.4352071244737068
strict_double_cold	ligand_permutation	52	0.11679533846005526	1.4467373978656628
strict_double_cold	ligand_permutation	53	0.08727167488619579	1.4661070818336066
strict_double_cold	ligand_permutation	54	0.08916026735411393	1.4550729718163842
strict_double_cold	ligand_permutation	55	0.1322787696983434	1.4407207329422114
strict_double_cold	ligand_permutation	56	0.15209859948095916	1.4364003549965632
strict_double_cold	ligand_permutation	57	0.1466679922935322	1.417089224517868
strict_double_cold	ligand_permutation	58	0.10190151905211682	1.455417781222078
strict_double_cold	ligand_permutation	59	0.11437640620457824	1.441680143352203
strict_double_cold	ligand_permutation	60	0.12363629398283309	1.4361950184526042
strict_double_cold	ligand_permutation	61	0.08181952189643564	1.4710521502938299
strict_double_cold	ligand_permutation	62	0.10454779518542587	1.446168097636585
strict_double_cold	ligand_permutation	63	0.13650019540757916	1.430424170174535
strict_double_cold	ligand_permutation	64	0.09909632094770615	1.4500966269098425
strict_double_cold	ligand_permutation	65	0.1187807879555437	1.445780803592738
strict_double_cold	ligand_permutation	66	0.09708853122697672	1.4578210104989147
strict_double_cold	ligand_permutation	67	0.1306824923693501	1.4425724302500937
strict_double_cold	ligand_permutation	68	0.0984379106925361	1.4550186308426118
strict_double_cold	ligand_permutation	69	0.0963885571489822	1.4354601065542805
strict_double_cold	ligand_permutation	70	0.10103044876933356	1.4389920422379816
strict_double_cold	ligand_permutation	71	0.13435132126435417	1.4259040418210291
strict_double_cold	ligand_permutation	72	0.0817554715764316	1.468632648137097
strict_double_cold	ligand_permutation	73	0.11712440989472439	1.4351743193020097
strict_double_cold	ligand_permutation	74	0.09798774180307998	1.4636648730644217
strict_double_cold	ligand_permutation	75	0.10532161861947874	1.4504775112972894
strict_double_cold	ligand_permutation	76	0.11181751297674786	1.4289180786711355
strict_double_cold	ligand_permutation	77	0.1243416335901916	1.4510421071389872
strict_double_cold	ligand_permutation	78	0.09260989335019544	1.4512461721223007
strict_double_cold	ligand_permutation	79	0.09824209462009982	1.4704287753778744
strict_double_cold	ligand_permutation	80	0.12298949324664404	1.4277956174531428
strict_double_cold	ligand_permutation	81	0.12224823130030378	1.418366993058878
strict_double_cold	ligand_permutation	82	0.07657250264737805	1.4639390751532864
strict_double_cold	ligand_permutation	83	0.10473128229764282	1.4554926555545784
strict_double_cold	ligand_permutation	84	0.07901071044938333	1.4621896211946075
strict_double_cold	ligand_permutation	85	0.11274301015171788	1.4548432694867637
strict_double_cold	ligand_permutation	86	0.14418238179541293	1.4262706375903127
strict_double_cold	ligand_permutation	87	0.09248559034065446	1.440472935908052
strict_double_cold	ligand_permutation	88	0.1075510372042615	1.4560766283117836
strict_double_cold	ligand_permutation	89	0.1112334858932499	1.436544082748687
strict_double_cold	ligand_permutation	90	0.10705390478248816	1.4474964938110746
strict_double_cold	ligand_permutation	91	0.13398605244232425	1.4291586641275238
strict_double_cold	ligand_permutation	92	0.10131548953759184	1.4473449068690833
strict_double_cold	ligand_permutation	93	0.10083535494815243	1.4451137909022709
strict_double_cold	ligand_permutation	94	0.1013153940859463	1.44728465818148
strict_double_cold	ligand_permutation	95	0.08682849560672848	1.43988507828562
strict_double_cold	ligand_permutation	96	0.14684361972374135	1.4113201895526004
strict_double_cold	ligand_permutation	97	0.1218060512093031	1.4303128034866197
strict_double_cold	ligand_permutation	98	0.1402099311062877	1.4281198396044739
strict_double_cold	ligand_permutation	99	0.0740038927841413	1.4660642449344599
strict_double_cold	joint_permutation	0	0.03975724894815232	1.5273904585463192
strict_double_cold	joint_permutation	1	-0.025699006588862434	1.5224928688334856
strict_double_cold	joint_permutation	2	0.002066825145344991	1.5260055099032497
strict_double_cold	joint_permutation	3	0.038607596914547807	1.4816286696903764
strict_double_cold	joint_permutation	4	0.04793207639843891	1.4807353695607481
strict_double_cold	joint_permutation	5	0.012205539021352229	1.5067604971000863
strict_double_cold	joint_permutation	6	-0.00560387870282766	1.5145519587980258
strict_double_cold	joint_permutation	7	-0.024458411295011046	1.5244855012854104
strict_double_cold	joint_permutation	8	0.007554369806719116	1.5069018936894394
strict_double_cold	joint_permutation	9	0.04305501378622244	1.5027391018232448
strict_double_cold	joint_permutation	10	-0.04751030704436977	1.523084761731016
strict_double_cold	joint_permutation	11	0.013421904725994529	1.514939355551712
strict_double_cold	joint_permutation	12	-0.019655913140615006	1.5469192829738048
strict_double_cold	joint_permutation	13	0.050958299735009885	1.4992441177037499
strict_double_cold	joint_permutation	14	0.08619373993220775	1.4866735277951735
strict_double_cold	joint_permutation	15	-0.006452566974247904	1.513751427940177
strict_double_cold	joint_permutation	16	0.024744070054353015	1.4892729737025767
strict_double_cold	joint_permutation	17	0.07101855320329628	1.442532756069438
strict_double_cold	joint_permutation	18	0.0153816818020488	1.509847769870821
strict_double_cold	joint_permutation	19	0.013370160467097684	1.5099690097924758
strict_double_cold	joint_permutation	20	0.0319607702028339	1.5133131612356605
strict_double_cold	joint_permutation	21	-0.02347897819513466	1.509244103380115
strict_double_cold	joint_permutation	22	0.007065164956568318	1.5066455570387531
strict_double_cold	joint_permutation	23	0.0014008837054596203	1.4878114438156615
strict_double_cold	joint_permutation	24	-0.03773372448519906	1.5222528408723348
strict_double_cold	joint_permutation	25	0.06830563190637984	1.4883617485134186
strict_double_cold	joint_permutation	26	-0.017824593493822292	1.5322904490075353
strict_double_cold	joint_permutation	27	-0.06053500744904882	1.5577708887981898
strict_double_cold	joint_permutation	28	0.023304073016180645	1.533274649074756
strict_double_cold	joint_permutation	29	0.014602544662333095	1.5087208250367745
strict_double_cold	joint_permutation	30	0.017828789429685507	1.4952368420102644
strict_double_cold	joint_permutation	31	0.06754007078331409	1.4667805853658982
strict_double_cold	joint_permutation	32	-0.034831306227027944	1.5162508423804733
strict_double_cold	joint_permutation	33	-0.008039585078508167	1.5398666436478594
strict_double_cold	joint_permutation	34	-0.016500706943143532	1.5351993976298595
strict_double_cold	joint_permutation	35	-0.04004181594267901	1.5389593866021214
strict_double_cold	joint_permutation	36	-0.003648968109113061	1.5227672188822305
strict_double_cold	joint_permutation	37	-0.03449654277026875	1.5246697116545576
strict_double_cold	joint_permutation	38	-0.012937979073186343	1.5185131920492319
strict_double_cold	joint_permutation	39	-0.05001856486977539	1.5512702838648567
strict_double_cold	joint_permutation	40	0.022638432502273268	1.5235542511299274
strict_double_cold	joint_permutation	41	0.023039634674374313	1.4856518701486954
strict_double_cold	joint_permutation	42	-0.0002130297291821954	1.5064514900210952
strict_double_cold	joint_permutation	43	-0.05480727985242243	1.5510164816104286
strict_double_cold	joint_permutation	44	0.030535476399189333	1.4946994464834262
strict_double_cold	joint_permutation	45	0.013768103712223515	1.5264569196731566
strict_double_cold	joint_permutation	46	-0.06295320783002131	1.5435780303128672
strict_double_cold	joint_permutation	47	0.009757253331366454	1.493392533071996
strict_double_cold	joint_permutation	48	0.05662333812919061	1.4945749890030962
strict_double_cold	joint_permutation	49	-0.019924882947322285	1.5409019926664504
strict_double_cold	joint_permutation	50	0.02444691525223667	1.517478417114714
strict_double_cold	joint_permutation	51	-0.0759900493428701	1.558290905500457
strict_double_cold	joint_permutation	52	0.0574466266891366	1.4977143395119987
strict_double_cold	joint_permutation	53	-0.004299338167911683	1.5068063654483679
strict_double_cold	joint_permutation	54	-0.02148695764407243	1.5207646335400495
strict_double_cold	joint_permutation	55	0.028398867762882588	1.49334600351429
strict_double_cold	joint_permutation	56	0.023175770239641864	1.5253477995522238
strict_double_cold	joint_permutation	57	0.03064537870263231	1.5064871079364346
strict_double_cold	joint_permutation	58	0.04400233228963594	1.4880462604201867
strict_double_cold	joint_permutation	59	0.0626875225468791	1.4905626884016427
strict_double_cold	joint_permutation	60	0.011129324358638382	1.5223533280676156
strict_double_cold	joint_permutation	61	-0.019082944341325972	1.5380361332365389
strict_double_cold	joint_permutation	62	0.021781309423460477	1.502363396941125
strict_double_cold	joint_permutation	63	-0.00758683672028368	1.5106859517741897
strict_double_cold	joint_permutation	64	-0.034737809082403724	1.5633186997718995
strict_double_cold	joint_permutation	65	-0.006775267059920323	1.4983314750160823
strict_double_cold	joint_permutation	66	-0.01212828382679467	1.5020058558803562
strict_double_cold	joint_permutation	67	-0.034669565235115385	1.5249621846379064
strict_double_cold	joint_permutation	68	0.017753984835402747	1.5159646063428076
strict_double_cold	joint_permutation	69	0.0012465712734614513	1.51398341428116
strict_double_cold	joint_permutation	70	0.0068376386147395345	1.4766610103637232
strict_double_cold	joint_permutation	71	-0.015071732834841334	1.5182384229894141
strict_double_cold	joint_permutation	72	-0.01581850623974321	1.519241382722267
strict_double_cold	joint_permutation	73	0.009568780146690808	1.5163689964678575
strict_double_cold	joint_permutation	74	-0.10983769707353387	1.5871003739914455
strict_double_cold	joint_permutation	75	0.027180171948578	1.509100153712827
strict_double_cold	joint_permutation	76	-0.009960635845523282	1.513426572354875
strict_double_cold	joint_permutation	77	0.0623523291786585	1.483516825275907
strict_double_cold	joint_permutation	78	0.06875071865506135	1.4890279246958391
strict_double_cold	joint_permutation	79	0.0008933904096960866	1.4875995440848682
strict_double_cold	joint_permutation	80	0.04266266872196257	1.4851310748988744
strict_double_cold	joint_permutation	81	0.023634348197282874	1.5023602868783728
strict_double_cold	joint_permutation	82	-0.00893352577487484	1.5130865383609782
strict_double_cold	joint_permutation	83	-0.03824764097500915	1.5445776970769878
strict_double_cold	joint_permutation	84	0.028689281553284263	1.477246231270639
strict_double_cold	joint_permutation	85	0.023444619671139956	1.5323989824889472
strict_double_cold	joint_permutation	86	0.004195419969463241	1.5239900254311565
strict_double_cold	joint_permutation	87	-0.022012704968441814	1.523377703140641
strict_double_cold	joint_permutation	88	-0.019713684812298172	1.5278104960110719
strict_double_cold	joint_permutation	89	0.02172923854725629	1.500917828108009
strict_double_cold	joint_permutation	90	0.0214654104816273	1.5002367507497367
strict_double_cold	joint_permutation	91	-0.034544589675194276	1.5333331204528093
strict_double_cold	joint_permutation	92	-0.07064685175377401	1.5634921138081355
strict_double_cold	joint_permutation	93	-0.012603748706639278	1.533685291621171
strict_double_cold	joint_permutation	94	-0.0466912221231613	1.5484161617982508
strict_double_cold	joint_permutation	95	0.0039959066584589675	1.5196908873873567
strict_double_cold	joint_permutation	96	0.0014239527424331011	1.5226337952546514
strict_double_cold	joint_permutation	97	0.018025723271921413	1.5126760453538894
strict_double_cold	joint_permutation	98	0.037124935462946575	1.5057066955437868
strict_double_cold	joint_permutation	99	0.020882932040812208	1.4791681260768887
