between_to_within_signal_ratio	local_prediction_signal	replicate	global_spearman	pooled_within_target_centered_spearman	macro_target_spearman	attenuation
0.25	0.05	0	0.039726305365489836	-0.005942545793434578	-0.014125874125874129	0.04566885115892441
0.25	0.05	1	0.05102237570998314	0.015787726241476556	0.01307692307692308	0.03523464946850658
0.25	0.05	2	0.050902243682113664	0.0002351182188320964	-0.006853146853146843	0.050667125463281566
0.25	0.05	3	0.09199087638255304	0.03212347369685673	0.046013986013986	0.05986740268569631
0.25	0.05	4	0.06661410875979774	0.005175288316172442	0.0032867132867132874	0.0614388204436253
0.25	0.05	5	0.13872309633548358	0.07749204686947699	0.070979020979021	0.06123104946600659
0.25	0.05	6	0.03400919028415992	-0.021587987213880007	-0.012657342657342663	0.055597177498039926
0.25	0.05	7	0.11170932063147267	0.03264672406022504	0.009650349650349648	0.07906259657124762
0.25	0.05	8	0.09181166098032012	0.023689294228676546	0.0272027972027972	0.06812236675164357
0.25	0.05	9	0.03454908649242118	-0.014774961649278922	-0.014615384615384617	0.049324048141700105
0.25	0.05	10	0.07587489991312495	0.01372157897331873	0.008321678321678324	0.06215332093980622
0.25	0.05	11	0.10267744630378216	0.04775680399778055	0.06174825174825175	0.054920642306001605
0.25	0.05	12	0.05482812140841764	0.007289956451358647	0.009650349650349648	0.047538164957058995
0.25	0.05	13	0.03498533679537277	-0.03767824144322323	-0.03860139860139861	0.07266357823859601
0.25	0.05	14	0.0648049755590108	0.024949683992836105	0.015314685314685317	0.03985529156617469
0.25	0.05	15	0.036574886510337856	-0.04206070976438178	-0.03832167832167833	0.07863559627471964
0.25	0.05	16	0.0719686124782031	0.02524723975502761	0.023846153846153854	0.04672137272317549
0.25	0.05	17	0.10141290375896095	0.031102396598886525	0.024755244755244758	0.07031050716007442
0.25	0.05	18	0.013115946608296255	-0.03932608286533532	-0.03594405594405595	0.05244202947363158
0.25	0.05	19	0.03763466502407293	-0.00732941481209362	-0.020839160839160837	0.04496407983616655
0.25	0.05	20	0.08565394837079748	0.018031838910999243	0.023286713286713293	0.06762210945979824
0.25	0.05	21	0.09567292755064413	0.04900483958669415	0.0667132867132867	0.04666808796394998
0.25	0.05	22	0.08122475085052143	0.017139734124815367	0.00678321678321678	0.06408501672570606
0.25	0.05	23	0.017535019121541057	-0.011770910952021495	-0.020979020979020987	0.029305930073562553
0.25	0.05	24	0.07900359653027536	0.006489601728890089	0.0017482517482517472	0.07251399480138528
0.25	0.05	25	0.050751840799889446	-0.0030546618435151694	0.010419580419580418	0.05380650264340461
0.25	0.05	26	0.01939602735835233	-0.05352168994561801	-0.05223776223776225	0.07291771730397034
0.25	0.05	27	0.07990144437600305	0.030585861517959386	0.030279720279720285	0.04931558285804366
0.25	0.05	28	0.04791008882645058	-0.003939037457664902	0.00902097902097901	0.051849126284115477
0.25	0.05	29	0.08480683667141435	-0.004985843740169264	-0.003076923076923077	0.08979268041158361
0.25	0.05	30	0.05546119129249396	-0.00710158826499185	-0.01013986013986015	0.0625627795574858
0.25	0.05	31	0.10093921593001107	0.04573969148589686	0.04545454545454547	0.055199524444114204
0.25	0.05	32	0.043389050964618724	-0.03649806006809727	-0.010559440559440563	0.079887111032716
0.25	0.05	33	0.04846265865462407	-0.005936788844992253	-0.014615384615384624	0.054399447499616324
0.25	0.05	34	0.06586858046429199	0.016859907541602458	0.01734265734265734	0.04900867292268953
0.25	0.05	35	0.0549452464897545	0.011388487075338247	0.0019580419580419615	0.04355675941441625
0.25	0.05	36	0.043175557760804	0.0261366292615481	0.029790209790209805	0.0170389284992559
0.25	0.05	37	0.08690971313174523	0.0026919185360545386	0.011398601398601398	0.08421779459569069
0.25	0.05	38	0.07538556623997655	0.014657857401289864	-0.013566433566433576	0.06072770883868669
0.25	0.05	39	0.0455023371544008	0.006386059990319438	0.010139860139860141	0.039116277164081364
0.25	0.05	40	0.06498823263071711	0.016415115566052477	0.02006993006993008	0.048573117064664634
0.25	0.05	41	0.09319663416432929	0.035160934139537595	0.029720279720279727	0.05803570002479169
0.25	0.05	42	0.07620605292087008	-0.00394257912679106	0.005174825174825177	0.08014863204766115
0.25	0.05	43	0.040337208567505944	-0.003937468012130564	-0.007692307692307696	0.04427467657963651
0.25	0.05	44	0.11817779040124332	0.04089316728692173	0.05237762237762238	0.07728462311432159
0.25	0.05	45	0.0768607617088623	0.006601893473537135	0.002587412587412592	0.07025886823532516
0.25	0.05	46	0.07859834624885155	0.017687422005154167	0.010139860139860147	0.06091092424369739
0.25	0.05	47	0.06511856605455976	0.00030976410400285	-0.007692307692307694	0.06480880195055691
0.25	0.05	48	0.12951938855513093	0.06955347885658254	0.06216783216783218	0.059965909698548384
0.25	0.05	49	0.11970245812670703	0.06839891555480246	0.059860139860139855	0.05130354257190457
0.25	0.05	50	0.08035756274830747	0.04126286198809861	0.04440559440559441	0.03909470076020886
0.25	0.05	51	0.039586173323731474	-0.03513851051285452	-0.05104895104895105	0.074724683836586
0.25	0.05	52	0.05693092147980658	0.018245089059089625	0.005104895104895104	0.03868583242071695
0.25	0.05	53	0.11858039484749641	0.048569089284089775	0.03475524475524477	0.07001130556340664
0.25	0.05	54	0.024358864138100095	-0.04815926261059903	-0.031608391608391614	0.07251812674869912
0.25	0.05	55	0.025676184497350343	-0.034309037714609525	-0.03293706293706294	0.05998522221195987
0.25	0.05	56	0.02434504468405881	-0.016161615390010688	-0.006923076923076923	0.0405066600740695
0.25	0.05	57	0.11255910594382355	0.024263683516446886	0.01552447552447553	0.08829542242737667
0.25	0.05	58	0.04666752546355935	-0.012446064198655694	0.004475524475524481	0.05911358966221505
0.25	0.05	59	0.06272151577883041	0.019384416239177946	0.026223776223776224	0.043337099539652466
0.25	0.05	60	0.07426446823921405	0.023996593053189616	0.01713286713286714	0.050267875186024435
0.25	0.05	61	0.09963793030411827	0.0435510719104666	0.02678321678321678	0.05608685839365167
0.25	0.05	62	0.08280732139397319	0.018628617103206322	0.028531468531468526	0.06417870429076687
0.25	0.05	63	0.08062055598649721	0.01805295003677086	-0.0016083916083916017	0.06256760594972635
0.25	0.05	64	0.09885170059145876	0.046468296158539	0.019370629370629375	0.05238340443291976
0.25	0.05	65	0.10576095538955235	0.03150567465671851	0.015874125874125882	0.07425528073283384
0.25	0.05	66	0.08588987214574455	0.005534684399086388	-0.003566433566433568	0.08035518774665816
0.25	0.05	67	0.09290711312993967	0.03970174284843253	0.04230769230769231	0.05320537028150714
0.25	0.05	68	0.03385789851242952	-0.042541758709554664	-0.026083916083916085	0.07639965722198419
0.25	0.05	69	0.07237725165086921	-0.012552960106222298	-0.007202797202797204	0.0849302117570915
0.25	0.05	70	0.06903208266116852	0.02231686966449282	0.013076923076923076	0.04671521299667569
0.25	0.05	71	0.06736526900365902	-0.019701576181650127	-0.0241958041958042	0.08706684518530915
0.25	0.05	72	0.06890654090732005	0.008561422612099035	-0.0010489510489510492	0.06034511829522102
0.25	0.05	73	0.09242308501603126	0.014306621046264616	0.02503496503496504	0.07811646396976665
0.25	0.05	74	0.0602057570873313	0.01859011707647019	-0.0014685314685314727	0.04161564001086111
0.25	0.05	75	0.10392832217244596	0.030399500277430748	0.03601398601398602	0.07352882189501522
0.25	0.05	76	0.07250830729743563	-0.001898904096461178	0.0048251748251748276	0.0744072113938968
0.25	0.05	77	0.09391725966476366	0.032030306965490946	0.038251748251748256	0.06188695269927272
0.25	0.05	78	0.04587069157686915	-0.028148248714061606	-0.007552447552447549	0.07401894029093076
0.25	0.05	79	0.09382900265902963	0.015846705449101006	0.018951048951048953	0.07798229720992862
0.25	0.05	80	0.08692926175643177	0.036987157629970575	0.022307692307692313	0.0499421041264612
0.25	0.05	81	0.09013774315121051	0.044148898714513	0.059020979020979025	0.045988844436697505
0.25	0.05	82	0.09479037832665162	0.025448267672408105	0.02293706293706295	0.0693421106542435
0.25	0.05	83	0.07963637474748246	0.0066540185097350765	-0.0021678321678321663	0.07298235623774739
0.25	0.05	84	0.10808192922356195	0.023641009472923247	0.009580419580419592	0.08444091975063871
0.25	0.05	85	0.0657149553576079	0.04188633464328795	0.028531468531468533	0.023828620714319945
0.25	0.05	86	0.07651181702209514	0.011052507675352551	0.0057342657342657356	0.06545930934674259
0.25	0.05	87	0.1094785968601367	0.05433775301232849	0.043076923076923075	0.05514084384780821
0.25	0.05	88	0.05666141434820441	0.010108402853057535	-0.0012587412587412644	0.04655301149514687
0.25	0.05	89	0.10137295928677727	0.04765811642924752	0.04832167832167832	0.05371484285752975
0.25	0.05	90	0.05885424920433972	0.010876556164275113	0.012657342657342655	0.047977693040064606
0.25	0.05	91	0.08543805238753638	0.023229259186985547	0.01622377622377623	0.06220879320055083
0.25	0.05	92	0.058696304650211556	0.004067745880379083	0.006643356643356644	0.05462855876983247
0.25	0.05	93	0.1029223353627329	0.053494648260172396	0.0304895104895105	0.04942768710256051
0.25	0.05	94	0.06094624371266925	0.011676494219787652	-0.0093006993006993	0.0492697494928816
0.25	0.05	95	0.08731002590974021	0.030636576830956136	0.048601398601398615	0.05667344907878408
0.25	0.05	96	0.04541514264940462	0.025399073193800827	0.016083916083916093	0.02001606945560379
0.25	0.05	97	0.04418855846427671	-0.030163180668875463	-0.031538461538461536	0.07435173913315217
0.25	0.05	98	0.08084714642162946	-0.0007824658211568202	-0.0037062937062937117	0.08162961224278628
0.25	0.05	99	0.0630675437969054	-0.007604331669674771	-0.020979020979020976	0.07067187546658017
0.25	0.05	100	0.07288334922454806	0.01868100602847641	0.01062937062937063	0.05420234319607165
0.25	0.05	101	0.06241836279052971	0.00731406063476433	-0.0052447552447552484	0.05510430215576538
0.25	0.05	102	0.08066091018118762	0.017163956363858583	0.024335664335664343	0.06349695381732903
0.25	0.05	103	0.020891583952488853	-0.026177115400774584	-0.0016083916083916153	0.04706869935326344
0.25	0.05	104	0.08218999457638512	0.02387780824847795	0.023776223776223782	0.058312186327907176
0.25	0.05	105	0.08843163779974847	0.026326934949260382	0.026923076923076928	0.06210470285048809
0.25	0.05	106	0.08259084207697366	0.019490666312962715	0.01384615384615385	0.06310017576401095
0.25	0.05	107	0.09763885252698092	0.03906153407050977	0.023636363636363632	0.05857731845647115
0.25	0.05	108	0.07630233076550746	-0.00548857325595365	-0.015734265734265736	0.08179090402146111
0.25	0.05	109	0.017726165087614647	-0.026415691955341634	-0.03727272727272728	0.044141857042956284
0.25	0.05	110	0.030186854296426594	-0.020938014540287875	-0.005874125874125871	0.051124868836714465
0.25	0.05	111	0.04845241559195527	0.007531817730428979	0.0090909090909091	0.04092059786152629
0.25	0.05	112	0.05538544123988974	0.026372254425176683	0.02104895104895104	0.029013186814713057
0.25	0.05	113	0.03999836110997299	-0.033430280159916774	-0.03888111888111889	0.07342864126988977
0.25	0.05	114	0.011132709119936888	-0.029490985757629	-0.036853146853146855	0.04062369487756588
0.25	0.05	115	0.005536962178445957	-0.05341250236979331	-0.051188811188811204	0.058949464548239267
0.25	0.05	116	0.06282504362850251	-0.02562571918452721	-0.019580419580419582	0.08845076281302972
0.25	0.05	117	0.0650580104569517	-0.004722017168067478	0.003986013986013984	0.06978002762501917
0.25	0.05	118	0.03265515462163515	-0.026224830711687994	-0.012867132867132869	0.05887998533332314
0.25	0.05	119	0.028852381147486908	-0.0013567162199418193	-0.00965034965034965	0.030209097367428727
0.25	0.05	120	0.00528878839499194	-0.03303701599792778	-0.05552447552447555	0.038325804392919716
0.25	0.05	121	0.09493833676273386	0.010812201952918023	0.013216783216783221	0.08412613480981584
0.25	0.05	122	0.12002673612967787	0.052712626883768675	0.054615384615384614	0.06731410924590919
0.25	0.05	123	0.05763529002450696	-0.011281841167945256	-0.008111888111888111	0.06891713119245221
0.25	0.05	124	0.1157589901104098	0.05414653065731295	0.019300699300699307	0.061612459453096846
0.25	0.05	125	0.12643123363280115	0.07339634263634905	0.05713286713286713	0.0530348909964521
0.25	0.05	126	0.08101701459514901	0.03699633819190152	0.0420979020979021	0.04402067640324749
0.25	0.05	127	0.07901306181462626	0.029491659369207897	0.013286713286713292	0.04952140244541837
0.25	0.05	128	0.06764680392139161	0.009093804926253422	0.02055944055944056	0.05855299899513819
0.25	0.05	129	0.06318046748643574	0.0093864023516683	0.005314685314685323	0.05379406513476744
0.25	0.05	130	0.06339241207806394	0.003438488498950346	-0.00860139860139861	0.0599539235791136
0.25	0.05	131	0.12641932390230826	0.03414361398862083	0.03419580419580419	0.09227570991368743
0.25	0.05	132	0.06897407567644145	0.0016892303397432913	-0.002027972027972036	0.06728484533669817
0.25	0.05	133	0.12030953493717704	0.06538116345914129	0.05118881118881119	0.054928371478035753
0.25	0.05	134	0.07720593555967747	0.010349798854026981	0.01055944055944057	0.06685613670565049
0.25	0.05	135	0.08543935794399857	0.0381919501332987	0.03	0.04724740781069987
0.25	0.05	136	0.07231656410872507	0.01780710264382128	0.026713286713286717	0.05450946146490379
0.25	0.05	137	0.0787526588560131	0.013489252423091961	0.025384615384615398	0.06526340643292114
0.25	0.05	138	0.09613906676324081	0.035795462357959974	0.010000000000000004	0.06034360440528084
0.25	0.05	139	0.09300848125588976	0.017860436014191673	0.014475524475524476	0.07514804524169809
0.25	0.05	140	0.06937426345434962	0.02176616094872288	0.02412587412587413	0.047608102505626734
0.25	0.05	141	0.05668771992202773	-0.00807583894155482	-0.002167832167832168	0.06476355886358255
0.25	0.05	142	0.08522089945895796	0.018293929370784286	0.027482517482517482	0.06692697008817367
0.25	0.05	143	0.07365655115038275	0.025380441236417525	0.025944055944055956	0.04827610991396522
0.25	0.05	144	0.061074861857542954	0.005545489962145807	0.0027972027972027963	0.055529371895397146
0.25	0.05	145	0.06307200907778407	0.000738889402006529	-0.011398601398601405	0.06233311967577754
0.25	0.05	146	0.06868148519547583	0.005939198568887895	0.005174825174825173	0.06274228662658793
0.25	0.05	147	0.14266846018643067	0.07597012914592302	0.06587412587412589	0.06669833104050765
0.25	0.05	148	0.09918336054400038	0.015087135477177414	0.00958041958041959	0.08409622506682297
0.25	0.05	149	0.06014456954483996	-0.018089561173306373	-0.028321678321678322	0.07823413071814633
0.25	0.05	150	0.024737260234208497	-0.01742633849051284	-0.02272727272727274	0.042163598724721335
0.25	0.05	151	0.058039047249338366	-0.004150093159786917	0.0016783216783216738	0.06218914040912528
0.25	0.05	152	0.08137308428686409	0.015054843788085963	0.0165034965034965	0.06631824049877813
0.25	0.05	153	0.07727946338851624	0.025745247045310452	0.011678321678321673	0.05153421634320579
0.25	0.05	154	0.07695619927513837	0.010080534778149151	0.006503496503496502	0.06687566449698923
0.25	0.05	155	0.05801144306350213	0.004468510047576422	-0.007832167832167825	0.053542933015925706
0.25	0.05	156	0.0824335919677722	0.032367709977576375	0.02524475524475525	0.05006588199019582
0.25	0.05	157	0.033485773254009206	-0.03793002634029607	-0.03713286713286713	0.07141579959430527
0.25	0.05	158	0.117575491371869	0.025806969310395354	0.020769230769230772	0.09176852206147365
0.25	0.05	159	0.03078267415463483	-0.02008745839406833	-0.007272727272727271	0.05087013254870316
0.25	0.05	160	0.06497987845824892	-0.0020999042360446084	-0.005664335664335659	0.06707978269429353
0.25	0.05	161	0.047045185448045444	-0.009597458053790316	0.00398601398601399	0.05664264350183576
0.25	0.05	162	0.07977250678646304	0.02082363946086074	0.008951048951048958	0.0589488673256023
0.25	0.05	163	0.075149135520233	0.014850732535230927	0.01062937062937062	0.060298402985002074
0.25	0.05	164	0.04761740806764449	-0.016745796351247465	-0.01237762237762238	0.06436320441889196
0.25	0.05	165	0.09084514642024057	0.04489269784215128	0.05125874125874126	0.045952448578089285
0.25	0.05	166	0.09731473424634324	0.052282383529433	0.042727272727272725	0.04503235071691024
0.25	0.05	167	0.0676896858956152	0.013901745765101227	0.020629370629370643	0.05378794013051398
0.25	0.05	168	0.0918172790397771	0.024913850634618494	0.014615384615384615	0.0669034284051586
0.25	0.05	169	0.1353919898555485	0.07833008911811744	0.045804195804195806	0.05706190073743107
0.25	0.05	170	0.09362000945833991	0.05987027768769285	0.06755244755244756	0.033749731770647065
0.25	0.05	171	0.040132625092100756	-0.009661367820394319	0.007902097902097904	0.049793992912495075
0.25	0.05	172	0.08134690371312758	0.020147437602387224	0.016503496503496504	0.061199466110740355
0.25	0.05	173	0.12436390580826791	0.06385929434673218	0.0732867132867133	0.060504611461535726
0.25	0.05	174	0.09938246484893391	0.03691690758118583	0.00853146853146853	0.062465557267748086
0.25	0.05	175	0.05614924038141692	-0.025397559303860628	-0.027902097902097907	0.08154679968527755
0.25	0.05	176	0.025099406319032163	-0.03180642486557282	-0.02979020979020979	0.05690583118460499
0.25	0.05	177	0.022711189382770405	-0.016714907440907947	-0.03615384615384616	0.039426096823678355
0.25	0.05	178	0.07878108248686283	0.033066196573747625	0.033566433566433566	0.045714885913115205
0.25	0.05	179	0.09357843998502777	0.022186939018707653	0.020209790209790204	0.07139150096632012
0.25	0.05	180	0.09704433822523488	0.04207631394188468	0.0402097902097902	0.0549680242833502
0.25	0.05	181	0.10657697678956721	0.050139854263787684	0.04160839160839161	0.05643712252577952
0.25	0.05	182	0.07916074247273783	0.04286118254248788	0.0265034965034965	0.03629955993024995
0.25	0.05	183	0.1042664126850088	0.051515195496663536	0.0683916083916084	0.052751217188345266
0.25	0.05	184	0.0782082487557283	0.03690926174254287	0.03426573426573426	0.04129898701318542
0.25	0.05	185	0.08936224261266848	0.012929272867550601	-0.005664335664335663	0.07643296974511787
0.25	0.05	186	0.09176438316971053	0.05193066800740834	0.055104895104895114	0.03983371516230219
0.25	0.05	187	0.0863911780494292	0.027695533121898	0.03321678321678322	0.058695644927531196
0.25	0.05	188	0.05076584775406094	-0.02205089031311827	-0.03839160839160839	0.07281673806717921
0.25	0.05	189	0.015010621535153843	-0.06310020354180801	-0.06118881118881119	0.07811082507696185
0.25	0.05	190	0.06949880520750362	0.02118032720856056	0.027552447552447564	0.048318477998943066
0.25	0.05	191	0.07310748132463982	0.03173882759640805	0.020209790209790208	0.041368653728231765
0.25	0.05	192	0.06718471332271758	0.003061335459260736	0.010769230769230769	0.06412337786345684
0.25	0.05	193	0.04067394491246175	0.004877906165212615	-0.0032167832167832155	0.03579603874724913
0.25	0.05	194	0.07552255244621697	0.02244198086248671	0.004965034965034964	0.053080571583730266
0.25	0.05	195	0.07575196232775161	-0.0009167228588353186	-0.0041958041958041975	0.07666868518658693
0.25	0.05	196	0.04726799810277646	-0.014110454243371	-0.009230769230769223	0.06137845234614746
0.25	0.05	197	0.021426598212915426	-0.02143011210424452	-0.0141958041958042	0.04285671031715994
0.25	0.05	198	0.07966218032095855	0.0301832362383585	0.01846153846153846	0.04947894408260005
0.25	0.05	199	0.036181115403552365	-0.0012565355948163852	0.016153846153846164	0.03743765099836875
0.25	0.05	200	0.07890529090645203	0.030356326636337944	0.021328671328671337	0.048548964270114084
0.25	0.05	201	0.0877436928775645	0.022131591758049834	0.015944055944055943	0.06561210111951467
0.25	0.05	202	0.0347835241552251	-0.01934029120853556	-0.012237762237762241	0.05412381536376066
0.25	0.05	203	0.06620317791887355	0.012897703401182917	0.019930069930069932	0.05330547451769063
0.25	0.05	204	0.03570719146332741	-0.03143390377354429	-0.033986013986013995	0.0671410952368717
0.25	0.05	205	0.1025051336841206	0.035841552667744914	0.036573426573426576	0.06666358101637569
0.25	0.05	206	0.08087732005369448	0.0082868599214305	-0.002027972027972036	0.07259046013226399
0.25	0.05	207	0.04440321833556829	-0.014032141688987282	-0.017762237762237763	0.05843536002455557
0.25	0.05	208	0.08868399214166121	0.045830997104859106	0.04244755244755246	0.04285299503680211
0.25	0.05	209	0.07284040475028108	0.04766899838124887	0.03937062937062938	0.025171406369032215
0.25	0.05	210	0.10822662376848874	0.07515822580432346	0.0876923076923077	0.033068397964165275
0.25	0.05	211	0.061555480246861284	0.018599880972139562	-0.012167832167832172	0.04295559927472172
0.25	0.05	212	0.022875585330267588	-0.03772438036415303	-0.023076923076923085	0.06059996569442062
0.25	0.05	213	0.05109923687447006	-0.027283546724685224	-0.01804195804195806	0.07838278359915528
0.25	0.05	214	0.05101512570494841	-0.018738110234798773	-0.019160839160839157	0.06975323593974718
0.25	0.05	215	0.0853798787360269	0.013701960904139514	-0.0020979020979020957	0.07167791783188739
0.25	0.05	216	0.10590852493647565	0.051498341318292576	0.05167832167832168	0.054410183618183075
0.25	0.05	217	0.060071520883000606	-0.0018176193177911928	0.0079020979020979	0.0618891402007918
0.25	0.05	218	0.11520468416991955	0.014290634924052031	0.02482517482517482	0.10091404924586753
0.25	0.05	219	0.09684940058986151	0.033204189725131755	0.023986013986013986	0.06364521086472975
0.25	0.05	220	0.07681617140011901	0.01732203980697209	0.01846153846153845	0.05949413159314692
0.25	0.05	221	0.04286547421213487	-0.007547033018772929	-0.000979020979020979	0.0504125072309078
0.25	0.05	222	0.08241518223276544	0.022200126527865644	0.006993006993006994	0.060215055704899795
0.25	0.05	223	0.039304325905781874	-0.008722985224295295	-0.020279720279720283	0.04802731113007717
0.25	0.05	224	0.012166036226414047	-0.03276234219607097	-0.03181818181818182	0.04492837842248502
0.25	0.05	225	0.09677226859185319	0.04894558954554829	0.033636363636363645	0.047826679046304894
0.25	0.05	226	0.06448655867122129	0.007473449634340024	-0.005244755244755239	0.05701310903688126
0.25	0.05	227	0.04685952559689277	-0.010645465726017865	-0.037132867132867134	0.057504991322910634
0.25	0.05	228	0.0784151655660872	0.02837754748440797	0.020979020979020987	0.050037618081679225
0.25	0.05	229	0.025940455514205218	-0.04577317067581296	-0.05671328671328671	0.07171362619001818
0.25	0.05	230	0.025580469153103583	-0.012171362619001818	-0.012027972027972029	0.0377518317721054
0.25	0.05	231	0.07201377917623554	0.008928054811149175	0.004405594405594405	0.06308572436508636
0.25	0.05	232	0.09530201757084553	0.017536012177786237	0.031678321678321686	0.07776600539305929
0.25	0.05	233	0.055555135802177635	0.003794884579780958	0.0076923076923077005	0.05176025122239668
0.25	0.05	234	0.08628620575430955	0.03610704590767077	0.031818181818181815	0.05017915984663878
0.25	0.05	235	0.044037773637342806	-0.015572052480592001	-0.0016783216783216792	0.059609826117934805
0.25	0.05	236	0.059968180533458704	-0.035776719289388394	-0.023286713286713293	0.09574489982284709
0.25	0.05	237	0.062126307032157664	0.021261702265071014	0.02048951048951049	0.04086460476708665
0.25	0.05	238	0.05743538016345844	-0.003171411924591614	-0.003776223776223785	0.06060679208805006
0.25	0.05	239	0.10846546421212791	0.04190556382330821	0.04230769230769232	0.0665599003888197
0.25	0.2	0	0.09635174746649129	0.02667839352666217	0.02818181818181818	0.06967335393982912
0.25	0.2	1	0.15220514736468568	0.06836741553292744	0.05174825174825175	0.08383773183175824
0.25	0.2	2	0.1096157566776088	0.039558520526750365	0.041258741258741266	0.07005723615085843
0.25	0.2	3	0.10681181028597936	0.07048980589569853	0.044825174825174834	0.036322004390280827
0.25	0.2	4	0.06399246110587577	0.017760519278138386	-0.0005594405594405671	0.04623194182773738
0.25	0.2	5	0.10320375222482794	0.059985847212393896	0.04930069930069931	0.04321790501243405
0.25	0.2	6	0.07793796384580823	0.02104800767222755	0.03741258741258742	0.05688995617358068
0.25	0.2	7	0.1011224452239203	0.06843806835976969	0.07013986013986015	0.03268437686415061
0.25	0.2	8	0.10501192709161604	0.03680021305570351	0.02146853146853147	0.06821171403591253
0.25	0.2	9	0.11744759544971906	0.06904231877938805	0.06993006993006992	0.04840527667033101
0.25	0.2	10	0.12952578439290582	0.07770944979822902	0.06755244755244756	0.0518163345946768
0.25	0.2	11	0.09034211829313771	0.04167361921779113	0.03251748251748252	0.04866849907534658
0.25	0.2	12	0.09487528810783896	0.04202989029853493	0.03979020979020979	0.05284539780930403
0.25	0.2	13	0.13880298527985088	0.09538661485181586	0.10230769230769234	0.04341637042803502
0.25	0.2	14	0.10414164176502902	0.03384909295075899	0.04223776223776224	0.07029254881427002
0.25	0.2	15	0.13397184303600213	0.06564288586311517	0.07251748251748252	0.06832895717288695
0.25	0.2	16	0.1741284681447695	0.11815698483123947	0.10860139860139861	0.05597148331353004
0.25	0.2	17	0.061614508065630604	-0.0023204391114160497	0.006993006993006991	0.06393494717704665
0.25	0.2	18	0.13511382994015966	0.0900424583628183	0.09643356643356647	0.04507137157734137
0.25	0.2	19	0.1002010904174239	0.05113007022921544	0.06419580419580419	0.049071020188208456
0.25	0.2	20	0.09129845923504114	0.04082778529707312	0.01923076923076923	0.050470673937968016
0.25	0.2	21	0.04656572678175472	0.016717365775948456	0.009510489510489512	0.029848361005806262
0.25	0.2	22	0.13251555035802107	0.0833351134271621	0.07517482517482518	0.04918043693085897
0.25	0.2	23	0.11512712161605669	0.03998941665931712	0.03237762237762238	0.07513770495673958
0.25	0.2	24	0.15082086168115394	0.06152412605842087	0.0565734265734266	0.08929673562273308
0.25	0.2	25	0.15405814865149212	0.10018369457201011	0.10811188811188814	0.053874454079482006
0.25	0.2	26	0.09631176132761203	0.04512241327945366	0.04370629370629369	0.05118934804815837
0.25	0.2	27	0.14161170250812677	0.07208371672480328	0.06244755244755247	0.06952798578332349
0.25	0.2	28	0.10716842858918653	0.06549462881571445	0.06328671328671329	0.041673799773472076
0.25	0.2	29	0.17759644971975674	0.1279975055538233	0.12489510489510491	0.04959894416593344
0.25	0.2	30	0.135700080347278	0.07114549385103738	0.0683916083916084	0.06455458649624063
0.25	0.2	31	0.10818478346165518	0.06076538247596006	0.04664335664335665	0.047419400985695116
0.25	0.2	32	0.1376737206067504	0.06009954173579287	0.05622377622377624	0.07757417887095752
0.25	0.2	33	0.10152603578196928	0.056297164095252844	0.06314685314685314	0.04522887168671644
0.25	0.2	34	0.07664298377984985	0.007303595349718993	0.0019580419580419563	0.06933938843013085
0.25	0.2	35	0.1106260490458674	0.08146809824173488	0.08650349650349654	0.029157950804132513
0.25	0.2	36	0.009115374385676656	-0.051113542439960025	-0.031328671328671336	0.06022891682563668
0.25	0.2	37	0.09469748242880724	0.04762743585238601	0.054475524475524485	0.04707004657642123
0.25	0.2	38	0.1238647804616531	0.06682778946374268	0.0681118881118881	0.05703699099791042
0.25	0.2	39	0.06892149230659188	0.04103065349350937	0.045454545454545456	0.027890838813082505
0.25	0.2	40	0.12808921395084302	0.04914702718543555	0.05090909090909092	0.07894218676540747
0.25	0.2	41	0.097924172169564	0.055685622003904166	0.0634965034965035	0.04223855016565984
0.25	0.2	42	0.1671910813826954	0.09705456739900514	0.08503496503496505	0.07013651398369025
0.25	0.2	43	0.05366169698728958	0.012952585383739848	0.004755244755244754	0.04070911160354973
0.25	0.2	44	0.16130739674124775	0.0978327554394135	0.08510489510489512	0.06347464130183425
0.25	0.2	45	0.1058630457382262	0.029967756922053418	0.03965034965034966	0.07589528881617279
0.25	0.2	46	0.10570953174273036	0.043256828650575445	0.04279720279720279	0.062452703092154914
0.25	0.2	47	0.0506982018737513	0.00940283291863397	0.02013986013986015	0.04129536895511733
0.25	0.2	48	0.10181064014627789	0.04962992335411344	0.05020979020979021	0.05218071679216445
0.25	0.2	49	0.04617653206703616	0.0005805490142701488	-0.009930069930069927	0.04559598305276601
0.25	0.2	50	0.07912178411235009	0.02844863086710477	0.02111888111888112	0.05067315324524532
0.25	0.2	51	0.04588928881200612	0.008245179336930095	0.003986013986013983	0.03764410947507603
0.25	0.2	52	0.1177814637371276	0.05034600718472721	0.03195804195804196	0.06743545655240038
0.25	0.2	53	0.08448739200513333	0.06443685030336826	0.0818881118881119	0.020050541701765068
0.25	0.2	54	0.11402200973750677	0.058095248677256024	0.06965034965034965	0.05592676106025075
0.25	0.2	55	0.12301333542592736	0.07209650145590378	0.06377622377622379	0.050916833970023584
0.25	0.2	56	0.10651384480128111	0.06353224550850382	0.06783216783216785	0.042981599292777284
0.25	0.2	57	0.11949053436842665	0.057174129982034715	0.04853146853146852	0.06231640438639193
0.25	0.2	58	0.13246340448847535	0.08180085541726072	0.0660839160839161	0.05066254907121463
0.25	0.2	59	0.10517264942545099	0.05573324009252784	0.07097902097902098	0.049439409332923144
0.25	0.2	60	0.15228416825289462	0.08457814901260348	0.0809090909090909	0.06770601924029114
0.25	0.2	61	0.02394032912522856	-0.018161790390132215	-0.030489510489510496	0.042102119515360775
0.25	0.2	62	0.08468776019983348	0.03195272357828026	0.021958041958041963	0.052735036621553225
0.25	0.2	63	0.06886320754389412	0.021865348517603134	0.030909090909090903	0.046997859026290986
0.25	0.2	64	0.09890186034851413	0.059827048491005896	0.04986013986013986	0.03907481185750823
0.25	0.2	65	0.06407508616325429	0.03276807831116549	0.020349650349650365	0.0313070078520888
0.25	0.2	66	0.08442178084845892	0.033069238242526555	0.010979020979020971	0.05135254260593236
0.25	0.2	67	0.06755051913230495	-0.008740089402839863	-0.010069930069930072	0.07629060853514481
0.25	0.2	68	0.12079821583209431	0.06010772924147865	0.06748251748251749	0.06069048659061566
0.25	0.2	69	0.13767777616512233	0.04306159240388362	0.036923076923076927	0.09461618376123872
0.25	0.2	70	0.08976513872579078	0.05036548636492109	0.05832167832167832	0.039399652360869696
0.25	0.2	71	0.16612670564354556	0.10761919973555538	0.09545454545454547	0.058507505907990184
0.25	0.2	72	0.03989450687118533	-0.01421432931550647	-0.03006993006993007	0.054108836186691794
0.25	0.2	73	0.10180259152957746	0.019633923356891222	0.003006993006993003	0.08216866817268624
0.25	0.2	74	0.05869593659440041	-0.005436392664161572	-0.01041958041958042	0.06413232925856198
0.25	0.2	75	0.06806833893634648	0.01929168006366671	0.015314685314685307	0.04877665887267977
0.25	0.2	76	0.09001584028877799	0.04799515138552179	0.04496503496503497	0.0420206889032562
0.25	0.2	77	0.07145004961809001	0.014748878297832151	0.02552447552447552	0.05670117132025786
0.25	0.2	78	0.09462555182329986	0.03855516566330949	0.038251748251748256	0.05607038615999037
0.25	0.2	79	0.10629590020548627	0.0637743915099941	0.06104895104895104	0.04252150869549216
0.25	0.2	80	0.08811744313711328	0.04932180508458686	0.059370629370629376	0.03879563805252642
0.25	0.2	81	0.13958117332025927	0.0795312357855804	0.06692307692307692	0.06004993753467887
0.25	0.2	82	0.13749916492997563	0.0831241827251269	0.07111888111888112	0.05437498220484874
0.25	0.2	83	0.12675779635958082	0.08063759072054912	0.06755244755244756	0.0461202056390317
0.25	0.2	84	0.1163579280263389	0.07443789197075831	0.05867132867132868	0.04192003605558059
0.25	0.2	85	0.09535306621740709	0.0684693600481667	0.05965034965034965	0.026883706169240393
0.25	0.2	86	0.1474401648890034	0.09873680467833656	0.09643356643356643	0.048703360210666846
0.25	0.2	87	0.1520612514314246	0.10309700215069593	0.08657342657342657	0.048964249280728664
0.25	0.2	88	0.11419015568760811	0.060605750420660014	0.07391608391608392	0.0535844052669481
0.25	0.2	89	0.0851749827604047	0.03151545938573568	0.03405594405594406	0.05365952337466901
0.25	0.2	90	0.1384598044859753	0.08259883513807996	0.06972027972027973	0.05586096934789535
0.25	0.2	91	0.08945972879147832	0.01769358173165398	0.005944055944055948	0.07176614705982434
0.25	0.2	92	0.1056529969812479	0.02469369770395674	0.033566433566433566	0.08095929927729116
0.25	0.2	93	0.11808272089077841	0.06419763485946865	0.05461538461538461	0.05388508603130976
0.25	0.2	94	0.1003042432668356	0.03401196111941744	0.032937062937062944	0.06629228214741816
0.25	0.2	95	0.11632102522293418	0.08934450648924062	0.10013986013986015	0.026976518733693555
0.25	0.2	96	0.13574015676399773	0.08088986172907064	0.07251748251748254	0.05485029503492708
0.25	0.2	97	0.12430671826855436	0.06571523313557856	0.06706293706293708	0.058591485132975796
0.25	0.2	98	0.09033097939651347	0.03620313625217795	0.05209790209790209	0.05412784314433552
0.25	0.2	99	0.14363716224802933	0.09077869498520486	0.07573426573426574	0.05285846726282448
0.25	0.2	100	0.12041371556508026	0.05630614326815505	0.042727272727272725	0.06410757229692521
0.25	0.2	101	0.12303509932993009	0.06874589496242706	0.06608391608391609	0.054289204367503036
0.25	0.2	102	0.1262143515377441	0.07562508029519464	0.04720279720279721	0.05058927124254946
0.25	0.2	103	0.10121291056452121	0.03789864437405859	0.04300699300699301	0.06331426619046263
0.25	0.2	104	0.07853157536914956	0.030439423916266608	0.023356643356643367	0.04809215145288295
0.25	0.2	105	0.04627034463218377	-0.002296223816822095	0.015664335664335668	0.048566568449005865
0.25	0.2	106	0.07003733335925928	0.03638176832067244	0.028811188811188816	0.03365556503858684
0.25	0.2	107	0.08316558553165662	0.022666668518519804	0.0009790209790209732	0.06049891701313682
0.25	0.2	108	0.09806663754627606	0.07203150141076486	0.0672027972027972	0.0260351361355112
0.25	0.2	109	0.06568604561530945	0.029271596716386607	0.019160839160839167	0.03641444889892285
0.25	0.2	110	0.10598060137541764	0.04719299110624383	0.031468531468531465	0.058787610269173805
0.25	0.2	111	0.1090751938022179	0.024896239511277438	0.008251748251748244	0.08417895429094047
0.25	0.2	112	0.0900059930597174	0.023024279877972138	0.023426573426573435	0.06698171318174527
0.25	0.2	113	0.11214534871204772	0.06797433192661939	0.07251748251748252	0.04417101678542833
0.25	0.2	114	0.10744835933913845	0.0715751191493883	0.07321678321678322	0.03587324018975015
0.25	0.2	115	0.08420904458961428	0.02771241507806603	0.03146853146853148	0.056496629511548255
0.25	0.2	116	0.09483813530426062	0.020141090375757204	0.02678321678321679	0.07469704492850342
0.25	0.2	117	0.1200552014272232	0.04899805485976032	0.04097902097902096	0.07105714656746288
0.25	0.2	118	0.11057657678928945	0.096012761119973	0.09048951048951048	0.014563815669316443
0.25	0.2	119	0.14938850651979618	0.07946674268523798	0.06097902097902099	0.0699217638345582
0.25	0.2	120	0.09013014592371243	0.05497499651041424	0.06020979020979022	0.0351551494132982
0.25	0.2	121	0.0749421353764829	0.05844701281042555	0.06069930069930072	0.01649512256605734
0.25	0.2	122	0.13093763954002746	0.08044945170100812	0.09006993006993008	0.050488187839019344
0.25	0.2	123	0.09748825520017722	0.0352188091797286	0.02685314685314685	0.06226944602044862
0.25	0.2	124	0.09104323683558113	0.04263869627687241	0.06314685314685314	0.04840454055870872
0.25	0.2	125	0.05656569900395764	0.0043917808276255745	-0.005734265734265732	0.05217391817633206
0.25	0.2	126	0.08492103119516055	0.024529044811836674	0.02566433566433567	0.060391986383323874
0.25	0.2	127	0.049923597169164696	0.003926898560346222	0.003986013986013984	0.04599669860881847
0.25	0.2	128	0.10328965506226047	0.04506709379659291	0.021328671328671334	0.058222561265667556
0.25	0.2	129	0.1122288834922802	0.048198255693233126	0.05538461538461541	0.06403062779904709
0.25	0.2	130	0.07920795778330401	0.011380382903043683	0.022237762237762228	0.06782757488026034
0.25	0.2	131	0.03464367683588669	-0.0012807995005552086	0.01342657342657343	0.0359244763364419
0.25	0.2	132	0.07953147189685549	0.03191140410514174	0.01944055944055945	0.047620067791713745
0.25	0.2	133	0.09590829576964982	0.0019764666503240625	0.013776223776223777	0.09393182911932575
0.25	0.2	134	0.14350354409968338	0.10384662767126922	0.07860139860139861	0.039656916428414166
0.25	0.2	135	0.04563719141471626	-0.0060691639369194	-0.009720279720279723	0.05170635535163566
0.25	0.2	136	0.03325133559120527	-0.028679151860522126	-0.03251748251748251	0.0619304874517274
0.25	0.2	137	0.12739684541447596	0.06518384387766936	0.05965034965034967	0.0622130015368066
0.25	0.2	138	0.11884448530867035	0.0680744569961507	0.0593006993006993	0.05077002831251966
0.25	0.2	139	0.14121626473351717	0.059182957765942894	0.038251748251748256	0.08203330696757427
0.25	0.2	140	0.10031663910877715	0.032148293158536914	0.027342657342657346	0.06816834595024024
0.25	0.2	141	0.11759572055258372	0.0253605106670213	0.019370629370629368	0.09223520988556241
0.25	0.2	142	0.12320796750553299	0.07962803446391283	0.07111888111888112	0.04357993304162017
0.25	0.2	143	0.09754732468564214	0.06392079438944055	0.07503496503496505	0.03362653029620159
0.25	0.2	144	0.1155263927266616	0.03083331307868964	0.028601398601398605	0.08469307964797196
0.25	0.2	145	0.08678287276588387	0.03392762078306999	0.04566433566433567	0.05285525198281388
0.25	0.2	146	0.0904950281215473	0.03383928738839402	0.018881118881118892	0.056655740733153284
0.25	0.2	147	0.06527881616584456	0.010873049217395288	0.008881118881118881	0.05440576694844927
0.25	0.2	148	0.10089880617972652	0.059120291055757675	0.03636363636363638	0.041778515123968844
0.25	0.2	149	0.12676630330993285	0.0459762124834809	0.04391608391608393	0.08079009082645196
0.25	0.2	150	0.07078619499041318	0.029883756863720044	0.02160839160839161	0.040902438126693134
0.25	0.2	151	0.0988046866699213	0.04283901586042768	0.052587412587412584	0.05596567080949362
0.25	0.2	152	0.12198898054790316	0.07804262364071088	0.038671328671328685	0.043946356907192285
0.25	0.2	153	0.061540285791865136	0.03199607083060474	0.03531468531468532	0.029544214961260397
0.25	0.2	154	0.1326350851632536	0.08570322618279595	0.0760839160839161	0.04693185898045764
0.25	0.2	155	0.06119496610761536	-0.012396821108903548	-0.023566433566433575	0.0735917872165189
0.25	0.2	156	0.08267650185868185	0.017815915149941075	0.02685314685314685	0.06486058670874077
0.25	0.2	157	0.12447143366071782	0.04694231037660442	0.03041958041958043	0.0775291232841134
0.25	0.2	158	0.11392156522330918	0.05120759111638272	0.0509090909090909	0.06271397410692646
0.25	0.2	159	0.09527121199389721	0.047468595464302404	0.04965034965034965	0.047802616529594805
0.25	0.2	160	0.0737552526078143	-0.0032825578351096075	-0.012727272727272733	0.07703781044292392
0.25	0.2	161	0.11138129262589766	0.029771659563652478	0.0016783216783216837	0.08160963306224518
0.25	0.2	162	0.09823451266285602	0.031828327658560876	0.03048951048951049	0.06640618500429514
0.25	0.2	163	0.07379595402496808	0.03465041295167565	0.028251748251748258	0.03914554107329243
0.25	0.2	164	0.0798612429591965	0.04431724605364309	0.014685314685314683	0.03554399690555341
0.25	0.2	165	0.072093723676197	0.015362371779424846	0.03174825174825176	0.056731351896772156
0.25	0.2	166	0.03960877750609549	-0.004319516888553396	-0.011818181818181814	0.04392829439464888
0.25	0.2	167	0.03591155271635606	-0.018164450114201466	-0.012237762237762234	0.054076002830557524
0.25	0.2	168	0.04818508901742293	0.02216906400629445	0.021678321678321674	0.02601602501112848
0.25	0.2	169	0.1913245356420386	0.11317741192875827	0.12426573426573428	0.07814712371328034
0.25	0.2	170	0.17443441974612484	0.09001081945195795	0.08300699300699302	0.08442360029416689
0.25	0.2	171	0.08379171791091522	0.025565399698194234	0.028461538461538458	0.058226318212720986
0.25	0.2	172	0.12248056422261404	0.057819741541487175	0.06608391608391609	0.06466082268112686
0.25	0.2	173	0.12403863474905191	0.11047235449469063	0.10951048951048956	0.013566280254361282
0.25	0.2	174	0.056986088184783464	-0.007779435957941638	-0.004755244755244766	0.0647655241427251
0.25	0.2	175	0.12318064804211669	0.08640578917068693	0.09104895104895103	0.036774858871429755
0.25	0.2	176	0.11933651342813432	0.013750391493327426	0.02356643356643358	0.1055861219348069
0.25	0.2	177	0.08412344730794952	0.04035040996556248	0.029860139860139853	0.043773037342387036
0.25	0.2	178	0.09675252552258716	0.02945655517816332	0.024335664335664343	0.06729597034442383
0.25	0.2	179	0.11870208937645096	0.043748349825242935	0.040069930069930065	0.07495373955120803
0.25	0.2	180	0.0791333674537274	0.03640753222745294	0.0337062937062937	0.04272583522627446
0.25	0.2	181	0.08750915104802157	0.05562624696267151	0.036573426573426576	0.03188290408535006
0.25	0.2	182	0.10927785366517616	0.05697919929111062	0.05468531468531469	0.052298654374065535
0.25	0.2	183	0.09774302621043487	0.030367055810455422	0.0283916083916084	0.06737597039997945
0.25	0.2	184	0.07736390789160269	0.031564806642226835	0.02020979020979021	0.045799101249375855
0.25	0.2	185	0.1306990421521126	0.06767112338272456	0.057832167832167845	0.06302791876938803
0.25	0.2	186	0.11315647441421835	0.05326680087972283	0.0483916083916084	0.059889673534495515
0.25	0.2	187	0.09142576487900339	0.020031937522178835	0.032937062937062944	0.07139382735682456
0.25	0.2	188	0.09674529635090025	-0.0031196132775092203	-0.011538461538461537	0.09986490962840947
0.25	0.2	189	0.09030345854406842	0.061005389587076096	0.05643356643356643	0.029298068956992322
0.25	0.2	190	0.09548516353136356	0.0378096026455574	0.039860139860139865	0.057675560885806165
0.25	0.2	191	0.10411659313652301	0.0707941186070268	0.06405594405594407	0.0333224745294962
0.25	0.2	192	0.0968164283447419	0.01954616635150441	0.021818181818181827	0.07727026199323749
0.25	0.2	193	0.15130295923816614	0.1012055772260953	0.08811188811188812	0.05009738201207084
0.25	0.2	194	0.15907356880108944	0.08869025603490002	0.09286713286713288	0.07038331276618942
0.25	0.2	195	0.11674533801759585	0.06882899224235574	0.061328671328671334	0.04791634577524011
0.25	0.2	196	0.12326462726710227	0.0648983922905502	0.07993006993006994	0.05836623497655208
0.25	0.2	197	0.08520504528128144	0.03856091566730255	0.03412587412587413	0.04664412961397889
0.25	0.2	198	0.08047196560553167	0.034090037562526085	0.04223776223776224	0.04638192804300559
0.25	0.2	199	0.14479738527596203	0.1106127365366226	0.09958041958041958	0.034184648739339435
0.25	0.2	200	0.1209551673299773	0.0613623551127466	0.061398601398601406	0.0595928122172307
0.25	0.2	201	0.10206730004673616	0.06276107830630437	0.05237762237762238	0.03930622174043179
0.25	0.2	202	0.05465604490003118	-0.004653531009396535	-0.022307692307692313	0.05930957590942772
0.25	0.2	203	0.07615919177721651	0.04250125868142964	0.0276923076923077	0.03365793309578687
0.25	0.2	204	0.13735545649684477	0.06807370699562985	0.06111888111888113	0.06928174950121492
0.25	0.2	205	0.06376078038943082	-0.014217947373574565	0.003706293706293706	0.07797872776300539
0.25	0.2	206	0.1887133463287127	0.1265359906499935	0.11314685314685315	0.06217735567871921
0.25	0.2	207	0.12491623952516633	0.05836688775478316	0.06468531468531472	0.06654935177038317
0.25	0.2	208	0.15359618999735417	0.09635558080248667	0.08461538461538459	0.057240609194867495
0.25	0.2	209	0.11530906618685151	0.0360803931113841	0.0206993006993007	0.07922867307546741
0.25	0.2	210	0.14383275960608305	0.07907467991297217	0.08986013986013985	0.06475807969311088
0.25	0.2	211	0.20281289084228526	0.1329385020406264	0.1303496503496504	0.06987438880165886
0.25	0.2	212	0.09327907172157758	0.03266630046270866	0.02517482517482518	0.06061277125886892
0.25	0.2	213	0.11075705608128894	0.06910469382270404	0.06867132867132866	0.0416523622585849
0.25	0.2	214	0.0764653933787454	0.0026409323895363814	-0.0106993006993007	0.07382446098920901
0.25	0.2	215	0.09060467403102362	0.029974999982638875	0.025944055944055952	0.06062967404838475
0.25	0.2	216	0.1447700380347486	0.0839146207740422	0.07300699300699302	0.06085541726070641
0.25	0.2	217	0.10904646461560043	0.06069354214829316	0.053076923076923084	0.04835292246730727
0.25	0.2	218	0.13307683547002463	0.08331825924879115	0.07013986013986015	0.04975857622123349
0.25	0.2	219	0.14912428411408618	0.05983850683229641	0.06223776223776224	0.08928577728178977
0.25	0.2	220	0.09000804167225115	0.0023755641496973263	0.00965034965034965	0.08763247752255383
0.25	0.2	221	0.08899613124731336	0.047701651181702207	0.04223776223776224	0.04129448006561115
0.25	0.2	222	0.08850209618201124	0.03717330359257194	0.03510489510489512	0.0513287925894393
0.25	0.2	223	0.11275112691050479	0.06932990925688143	0.06692307692307695	0.04342121765362336
0.25	0.2	224	0.08509180909153409	0.044719031054882674	0.03412587412587414	0.040372778036651416
0.25	0.2	225	0.10542776765817198	0.054128308422436405	0.06181818181818183	0.051299459235735576
0.25	0.2	226	0.08765072753522744	0.026500226736268565	0.026083916083916074	0.06115050079895888
0.25	0.2	227	0.04796513053134065	0.01422853071425744	0.02083916083916084	0.033736599817083206
0.25	0.2	228	0.1711611396952359	0.11701438681554639	0.09671328671328673	0.054146752879689494
0.25	0.2	229	0.07944306905768683	0.03619669180325819	0.032587412587412594	0.04324637725442864
0.25	0.2	230	0.09430937799262361	0.03745256073094495	0.029650349650349656	0.056856817261678655
0.25	0.2	231	0.07587292074508384	0.0066994143745933155	0.005804195804195794	0.06917350637049052
0.25	0.2	232	0.07877838109609799	0.0436183914016607	0.03251748251748252	0.03515998969443729
0.25	0.2	233	0.10022344459961431	0.05679892833258912	0.036643356643356655	0.04342451626702519
0.25	0.2	234	0.09186958463165598	0.06282725890781868	0.0548951048951049	0.029042325723837303
0.25	0.2	235	0.09687448394061385	0.03885349225936962	0.04783216783216784	0.05802099168124423
0.25	0.2	236	0.14390912771467204	0.10287771727619255	0.1053846153846154	0.04103141043847949
0.25	0.2	237	0.09668805325559254	0.05402436390580826	0.0427972027972028	0.04266368934978428
0.25	0.2	238	0.13881946445796142	0.10106511185077213	0.08902097902097901	0.03775435260718929
0.25	0.2	239	0.12019725013697927	0.07685900476319775	0.06552447552447552	0.04333824537378152
0.25	0.5	0	0.1681471584355267	0.13521116334108566	0.12034965034965035	0.032935995094441034
0.25	0.5	1	0.16663874072134774	0.11973238175859845	0.11426573426573426	0.04690635896274929
0.25	0.5	2	0.16755586635824055	0.10175150121632029	0.09244755244755246	0.06580436514192026
0.25	0.5	3	0.15269187686935892	0.12144300100208402	0.12076923076923078	0.0312488758672749
0.25	0.5	4	0.14143518849665865	0.07047992394439163	0.08181818181818183	0.07095526455226701
0.25	0.5	5	0.10366221087653534	0.06013245148086909	0.06132867132867134	0.043529759395666244
0.25	0.5	6	0.2114181884848531	0.1547067463241294	0.14986013986013988	0.05671144216072371
0.25	0.5	7	0.1480356097469512	0.07543160793861663	0.06398601398601399	0.07260400180833458
0.25	0.5	8	0.1643159196638331	0.09745487323255085	0.10174825174825176	0.06686104643128225
0.25	0.5	9	0.15044861142264682	0.11501293403675975	0.10062937062937063	0.03543567738588707
0.25	0.5	10	0.18595310830076964	0.14052822953349275	0.13370629370629372	0.04542487876727688
0.25	0.5	11	0.13793142217459875	0.08439314888413116	0.05265734265734267	0.05353827329046759
0.25	0.5	12	0.19264546017045847	0.1283056377122484	0.11580419580419582	0.06433982245821007
0.25	0.5	13	0.17109366742615792	0.1347488921867307	0.1312587412587413	0.036344775239427224
0.25	0.5	14	0.14360405111392438	0.0992262564071225	0.08195804195804196	0.04437779470680188
0.25	0.5	15	0.2071955883302697	0.15891007563199697	0.15181818181818185	0.04828551269827272
0.25	0.5	16	0.16849666562268448	0.13596308052991704	0.12636363636363637	0.032533585092767436
0.25	0.5	17	0.17185114711885216	0.13297529373284286	0.12503496503496503	0.038875853386009296
0.25	0.5	18	0.10783001932640231	0.05181673737273428	0.06111888111888113	0.056013281953668025
0.25	0.5	19	0.18810655424066264	0.09177934845788088	0.08531468531468532	0.09632720578278176
0.25	0.5	20	0.13535817038761833	0.12074676440747528	0.09615384615384615	0.014611405980143044
0.25	0.5	21	0.13139575791372077	0.07615855288788395	0.08531468531468533	0.055237205025836816
0.25	0.5	22	0.1346574268454353	0.10639519194110551	0.10377622377622378	0.02826223490432979
0.25	0.5	23	0.1660265597406665	0.10987231241132807	0.09160839160839164	0.05615424732933842
0.25	0.5	24	0.14377308595353192	0.10193422356543304	0.10034965034965034	0.04183886238809888
0.25	0.5	25	0.20060829903354097	0.1598413262786988	0.14174825174825179	0.04076697275484217
0.25	0.5	26	0.12595293468953797	0.10041519473277412	0.08902097902097901	0.025537739956763852
0.25	0.5	27	0.13868854770038036	0.108714679662972	0.11475524475524479	0.029973868037408355
0.25	0.5	28	0.15287504366322477	0.1057690595618469	0.08111888111888113	0.04710598410137787
0.25	0.5	29	0.19983520821889456	0.12948199269582825	0.12265734265734268	0.07035321552306631
0.25	0.5	30	0.13950704826878355	0.0902487848949895	0.09356643356643359	0.04925826337379405
0.25	0.5	31	0.12093043814613759	0.06442316279386305	0.06622377622377623	0.05650727535227454
0.25	0.5	32	0.13121616056677815	0.06812194314023828	0.06741258741258743	0.06309421742653987
0.25	0.5	33	0.13704906045073642	0.0819338971763175	0.09321678321678321	0.05511516327441893
0.25	0.5	34	0.13898417290567563	0.0846334962732613	0.10090909090909093	0.05435067663241433
0.25	0.5	35	0.14518101054236843	0.1022111543133016	0.11384615384615387	0.04296985622906682
0.25	0.5	36	0.1696596455969761	0.1177298734235232	0.11664335664335665	0.051929772173452904
0.25	0.5	37	0.16762406779449152	0.14913583967766644	0.1481818181818182	0.018488228116825073
0.25	0.5	38	0.15911192299439095	0.13582232348772466	0.1228671328671329	0.023289599506666286
0.25	0.5	39	0.16507746185934852	0.10041538223290432	0.10699300699300701	0.0646620796264442
0.25	0.5	40	0.1894245134892455	0.1427699255346705	0.15307692307692305	0.046654587954575
0.25	0.5	41	0.20112842439473916	0.14656677539359403	0.14440559440559445	0.05456164900114513
0.25	0.5	42	0.16056934761760253	0.11785931101341042	0.1044755244755245	0.042710036604192106
0.25	0.5	43	0.24221482792696383	0.20032075022274323	0.1932867132867133	0.0418940777042206
0.25	0.5	44	0.14995350691215759	0.09924990920132583	0.0995804195804196	0.05070359771083176
0.25	0.5	45	0.16497796179025123	0.09315694663676849	0.08146853146853149	0.07182101515348274
0.25	0.5	46	0.10303538405235005	0.05652990731243563	0.07104895104895104	0.04650547673991442
0.25	0.5	47	0.1733228495297566	0.14377182206376532	0.14230769230769233	0.02955102746599128
0.25	0.5	48	0.08957572887203394	0.05566909421464876	0.05958041958041957	0.03390663465738518
0.25	0.5	49	0.1491685688670617	0.11535026760435249	0.11930069930069934	0.03381830126270921
0.25	0.5	50	0.1317796817914457	0.09753795662358097	0.08545454545454546	0.03424172516786472
0.25	0.5	51	0.13404337780790124	0.10106153545939964	0.08132867132867133	0.0329818423485016
0.25	0.5	52	0.14755763024835436	0.08093388259297403	0.06874125874125875	0.06662374765538033
0.25	0.5	53	0.1379207485560754	0.07750619271263383	0.08034965034965037	0.06041455584344156
0.25	0.5	54	0.12186066101434793	0.07239627249741146	0.06188811188811189	0.04946438851693648
0.25	0.5	55	0.12892797842220724	0.07732750508854519	0.07545454545454547	0.05160047333366205
0.25	0.5	56	0.16581337903706878	0.11477893387425962	0.08944055944055945	0.05103444516280915
0.25	0.5	57	0.20033402106529238	0.14030671549077464	0.1316083916083916	0.06002730557451774
0.25	0.5	58	0.15822655432399604	0.09645030309048827	0.09566433566433565	0.06177625123350777
0.25	0.5	59	0.1745522184390406	0.11840012388897492	0.11174825174825175	0.05615209455006567
0.25	0.5	60	0.1776331997452776	0.10543933711065076	0.1020979020979021	0.07219386263462685
0.25	0.5	61	0.21229802242918225	0.1435560788583881	0.13286713286713286	0.06874194357079416
0.25	0.5	62	0.13475541996904164	0.07582165682059501	0.07244755244755244	0.05893376314844663
0.25	0.5	63	0.18623108071602826	0.11757946359684972	0.11062937062937067	0.06865161711917854
0.25	0.5	64	0.19356036358358583	0.15064571572619145	0.15461538461538463	0.04291464785739438
0.25	0.5	65	0.14101652153925104	0.11368323866891573	0.11020979020979021	0.027333282870335304
0.25	0.5	66	0.15020414597510134	0.10693549092742427	0.10118881118881123	0.043268655047677074
0.25	0.5	67	0.17577237900859652	0.14114869524214949	0.13853146853146855	0.03462368376644703
0.25	0.5	68	0.23424506544796211	0.19864779767208174	0.1906993006993007	0.035597267775880376
0.25	0.5	69	0.1570696785206101	0.12260026569462895	0.10307692307692308	0.03446941282598115
0.25	0.5	70	0.1391290549507326	0.1181653042814613	0.11405594405594406	0.020963750669271308
0.25	0.5	71	0.13689753256773093	0.08437169748034548	0.07132867132867134	0.05252583508738545
0.25	0.5	72	0.18468478103109792	0.15111223688349784	0.12860139860139863	0.03357254414760008
0.25	0.5	73	0.19518219109874382	0.15695597010831255	0.13517482517482518	0.03822622099043127
0.25	0.5	74	0.15806110282021027	0.11547098296596038	0.10895104895104896	0.04259011985424989
0.25	0.5	75	0.17483947558296917	0.13961769417895428	0.1395804195804196	0.035221781404014885
0.25	0.5	76	0.12132832731133841	0.051898327707172016	0.05825174825174827	0.0694299996041664
0.25	0.5	77	0.13829395714858136	0.06798449860034625	0.06958041958041958	0.07030945854823512
0.25	0.5	78	0.14307184935545095	0.08633069189631382	0.07951048951048952	0.05674115745913713
0.25	0.5	79	0.12753083856308234	0.08905847851283229	0.0906993006993007	0.03847236005025005
0.25	0.5	80	0.11064005600003887	0.08363391919022167	0.0823776223776224	0.0270061368098172
0.25	0.5	81	0.1474082551446216	0.10978906235351552	0.11160839160839163	0.03761919279110609
0.25	0.5	82	0.1450220243208502	0.10011245841142946	0.08097902097902099	0.044909565909420746
0.25	0.5	83	0.14953400662083796	0.11855745733156758	0.10902097902097903	0.030976549289270378
0.25	0.5	84	0.1353763023446544	0.10964994420135013	0.10055944055944056	0.025726358143304262
0.25	0.5	85	0.20816313761329	0.16394934996482638	0.14643356643356645	0.04421378764846362
0.25	0.5	86	0.10571906647157393	0.07980726375504427	0.08762237762237765	0.025911802716529667
0.25	0.5	87	0.14218170290396034	0.08149202881390889	0.07636363636363637	0.06068967409005145
0.25	0.5	88	0.21234384884989504	0.16084120197305693	0.16951048951048953	0.051502646876838115
0.25	0.5	89	0.09015779177624429	0.06651708091463952	0.05496503496503498	0.02364071086160477
0.25	0.5	90	0.23577449706562295	0.18046106976463178	0.16748251748251752	0.055313427300991175
0.25	0.5	91	0.18432401689167838	0.10636346969685395	0.12083916083916087	0.07796054719482443
0.25	0.5	92	0.1771699216457789	0.1315672510883688	0.1286713286713287	0.0456026705574101
0.25	0.5	93	0.14487489227423073	0.09236345303017571	0.07650349650349651	0.05251143924405502
0.25	0.5	94	0.12071197271664771	0.0348975728455367	0.03468531468531468	0.08581439987111102
0.25	0.5	95	0.14351890522146196	0.11091977147206353	0.09986013986013986	0.032599133749398435
0.25	0.5	96	0.15333118286887698	0.11571460813514453	0.10251748251748254	0.03761657473373245
0.25	0.5	97	0.15419254457815595	0.10420980153458441	0.090979020979021	0.049982743043571545
0.25	0.5	98	0.16641076139636207	0.1349626978907624	0.1330769230769231	0.03144806350559967
0.25	0.5	99	0.11764851920036055	0.048794582496237845	0.027412587412587407	0.06885393670412271
0.25	0.5	100	0.1998579165679976	0.12496263539071903	0.11307692307692309	0.07489528117727856
0.25	0.5	101	0.1887380616236539	0.1384002697224095	0.13748251748251752	0.05033779190124438
0.25	0.5	102	0.1513384662072682	0.10229793215134178	0.07132867132867135	0.04904053405592643
0.25	0.5	103	0.2155079274360607	0.18467977408317643	0.1951748251748252	0.030828153352884274
0.25	0.5	104	0.20457917679109497	0.14112693828259604	0.11713286713286714	0.06345223850849893
0.25	0.5	105	0.17889938118012583	0.14298752985245128	0.14034965034965038	0.03591185132767455
0.25	0.5	106	0.18358655110177158	0.13471814910982577	0.1370629370629371	0.04886840199194581
0.25	0.5	107	0.19518552443439197	0.1328149325103698	0.14265734265734267	0.06237059192402217
0.25	0.5	108	0.15364753031078496	0.11666142129265368	0.09713286713286715	0.03698610901813128
0.25	0.5	109	0.18029089603534448	0.12454694065759767	0.1170629370629371	0.05574395537774682
0.25	0.5	110	0.16783590127493145	0.1383714849801979	0.123986013986014	0.029464416294733536
0.25	0.5	111	0.15931208980006237	0.10833354050940314	0.0932867132867133	0.05097854929065923
0.25	0.5	112	0.20280095333399537	0.17873020745153295	0.17111888111888113	0.024070745882462413
0.25	0.5	113	0.18119557721915083	0.14679095610483064	0.1368531468531469	0.03440462111432019
0.25	0.5	114	0.14743688016450013	0.10520487861449905	0.10188811188811188	0.04223200155000108
0.25	0.5	115	0.13800180416791957	0.06463135738288707	0.04818181818181817	0.0733704467850325
0.25	0.5	116	0.16138308429380854	0.12033793079022971	0.09713286713286713	0.04104515350357883
0.25	0.5	117	0.14464332961342335	0.11827506824657517	0.0953146853146853	0.02636826136684818
0.25	0.5	118	0.1822842724196336	0.13111654938649261	0.1244055944055944	0.05116772303314099
0.25	0.5	119	0.16543310099520903	0.11767858866568658	0.14083916083916084	0.04775451232952245
0.25	0.5	120	0.15556119136193844	0.1179743944266628	0.1127972027972028	0.03758679693527564
0.25	0.5	121	0.13221966126365364	0.0839687735894261	0.0762937062937063	0.04825088767422754
0.25	0.5	122	0.1577626442796141	0.12066156295941873	0.11825174825174826	0.037101081320195364
0.25	0.5	123	0.16391322493973953	0.11940164541780933	0.1041958041958042	0.0445115795219302
0.25	0.5	124	0.11744784544989267	0.08345005795142912	0.0834965034965035	0.03399778749846355
0.25	0.5	125	0.15429341270375882	0.12440728083838948	0.10062937062937062	0.029886131865369342
0.25	0.5	126	0.17222433487801034	0.12799463749627604	0.10412587412587414	0.044229697381734295
0.25	0.5	127	0.118514783690822	0.04656863650599758	0.04279720279720281	0.07194614718482442
0.25	0.5	128	0.14224807100560488	0.11432835022802099	0.11349650349650348	0.027919720777583895
0.25	0.5	129	0.1512516814247788	0.10354666912963134	0.09356643356643359	0.04770501229514745
0.25	0.5	130	0.13909552020522237	0.11687256727261615	0.08776223776223778	0.02222295293260622
0.25	0.5	131	0.08147087602144168	0.03901010347923853	0.026853146853146864	0.04246077254220315
0.25	0.5	132	0.13213408481533667	0.08066841018639596	0.09328671328671331	0.05146567462894071
0.25	0.5	133	0.15341937043011836	0.11478820471403105	0.10139860139860142	0.03863116571608731
0.25	0.5	134	0.17844011002785418	0.13352173161231362	0.13020979020979026	0.044918378415540555
0.25	0.5	135	0.19257693234509193	0.11631903911044382	0.10461538461538464	0.07625789323464811
0.25	0.5	136	0.15077702831738077	0.09393099578541372	0.08125874125874125	0.056846032531967045
0.25	0.5	137	0.16932761064417406	0.09026884740892181	0.09251748251748254	0.07905876323525225
0.25	0.5	138	0.17609188617492097	0.14932140925097862	0.14545454545454548	0.026770476923942355
0.25	0.5	139	0.17841795029024324	0.12882565196225831	0.12370629370629371	0.049592298327984924
0.25	0.5	140	0.18632619189318878	0.12347328018977792	0.11349650349650352	0.06285291170341085
0.25	0.5	141	0.18311317577303873	0.13665181711931745	0.12405594405594407	0.04646135865372128
0.25	0.5	142	0.16081278528665643	0.12198116804247781	0.12314685314685316	0.03883161724417862
0.25	0.5	143	0.16299565485809364	0.10771509563548308	0.0914685314685315	0.05528055922261056
0.25	0.5	144	0.11565024003488893	0.0851219202235557	0.09209790209790211	0.03052831981133322
0.25	0.5	145	0.11737605373337065	0.05604955281218946	0.056293706293706294	0.06132650092118119
0.25	0.5	146	0.2098971665952546	0.14138000790278324	0.1374825174825175	0.06851715869247135
0.25	0.5	147	0.16180603597641388	0.11380073875051303	0.12083916083916084	0.048005297225900856
0.25	0.5	148	0.1414416815567233	0.11505979518041332	0.09433566433566436	0.026381886376309976
0.25	0.5	149	0.13140850097812568	0.08597759442888502	0.06937062937062936	0.04543090654924066
0.25	0.5	150	0.18490085757003996	0.13663818516540638	0.12000000000000002	0.04826267240463358
0.25	0.5	151	0.12314198134859816	0.07550258021012514	0.0674125874125874	0.04763940113847302
0.25	0.5	152	0.20444698919929805	0.17265790462354488	0.1503496503496504	0.03178908457575316
0.25	0.5	153	0.1536295302982849	0.11002197223748073	0.11041958041958047	0.043607558060804186
0.25	0.5	154	0.10644596280969638	0.06458362818307513	0.0455944055944056	0.041862334626621256
0.25	0.5	155	0.16530442729474118	0.1289190061937543	0.1167832167832168	0.03638542110098689
0.25	0.5	156	0.18338125929254118	0.12892002008334727	0.10993006993006993	0.05446123920919391
0.25	0.5	157	0.1221201125834115	0.05898393679440056	0.06573426573426575	0.06313617578901094
0.25	0.5	158	0.16961080528528144	0.13623242793918605	0.11580419580419582	0.03337837734609539
0.25	0.5	159	0.16289291867563796	0.10725335920372167	0.08412587412587415	0.05563955947191629
0.25	0.5	160	0.16647812949870103	0.11950601354584275	0.10167832167832172	0.04697211595285827
0.25	0.5	161	0.16288527283699505	0.13194361940529126	0.12125874125874128	0.030941653431703797
0.25	0.5	162	0.1528655922677724	0.10098687568533034	0.09496503496503499	0.05187871658244207
0.25	0.5	163	0.11291351591216382	0.07561176778594986	0.04342657342657343	0.037301748126213966
0.25	0.5	164	0.1837478498248957	0.1249593159439694	0.1218881118881119	0.058788533880926294
0.25	0.5	165	0.15670649771284564	0.10784799156110526	0.09615384615384617	0.04885850615174038
0.25	0.5	166	0.14483135752177606	0.10600408750283855	0.09363636363636366	0.038827270018937515
0.25	0.5	167	0.17035214607787924	0.11096445900309652	0.0993006993006993	0.059387687074782716
0.25	0.5	168	0.1085537767734561	0.08918624249044617	0.08384615384615385	0.019367534283009927
0.25	0.5	169	0.19684612280980754	0.12686688671311577	0.11720279720279722	0.06997923609669177
0.25	0.5	170	0.19202990418743343	0.1392833745023434	0.13790209790209793	0.05274652968509003
0.25	0.5	171	0.16868227686269227	0.11517062164626503	0.11832167832167835	0.05351165521642724
0.25	0.5	172	0.1096387428046825	0.07112845217253623	0.07111888111888114	0.03851029063214627
0.25	0.5	173	0.1274686579643458	0.08135741760931779	0.08125874125874127	0.04611124035502802
0.25	0.5	174	0.12411468341297459	0.09234799468610741	0.08321678321678322	0.03176668872686718
0.25	0.5	175	0.13846788782492211	0.10330459257263373	0.08559440559440562	0.03516329525228838
0.25	0.5	176	0.11633769884562419	0.06509438548221214	0.05804195804195807	0.05124331336341205
0.25	0.5	177	0.1630204187641797	0.0903642224751545	0.07293706293706294	0.0726561962890252
0.25	0.5	178	0.12193241106417434	0.09543492044091698	0.0732867132867133	0.02649749062325736
0.25	0.5	179	0.1807665908101325	0.11802120695917151	0.12573426573426574	0.06274538385096098
0.25	0.5	180	0.15354577329567592	0.10594067773658176	0.10720279720279721	0.04760509555909416
0.25	0.5	181	0.10817085984087489	0.06038022943071489	0.05762237762237762	0.047790630410160004
0.25	0.5	182	0.16730673424078768	0.11975331232868912	0.10937062937062939	0.04755342191209856
0.25	0.5	183	0.15908006880560333	0.11086920199250137	0.08951048951048955	0.04821086681310195
0.25	0.5	184	0.23489439923222166	0.18314366190532075	0.18328671328671325	0.051750737326900914
0.25	0.5	185	0.16688291450202397	0.10635570580257347	0.10202797202797204	0.0605272086994505
0.25	0.5	186	0.15062252126563977	0.08204911253410592	0.07286713286713287	0.06857340873153385
0.25	0.5	187	0.1458768582478182	0.08760826222795988	0.07307692307692308	0.05826859601985833
0.25	0.5	188	0.17811101257709205	0.12179601513612162	0.1146853146853147	0.05631499744097043
0.25	0.5	189	0.1871250257812679	0.12489046867393659	0.11524475524475525	0.06223455710733132
0.25	0.5	190	0.1719789180409153	0.1247509685770615	0.12503496503496503	0.04722794946385381
0.25	0.5	191	0.12789108186880685	0.08466400323889114	0.07076923076923078	0.043227078629915705
0.25	0.5	192	0.1185100545208712	0.07483766308171047	0.07370629370629374	0.043672391439160727
0.25	0.5	193	0.1838605096253539	0.14871224216127926	0.12503496503496506	0.03514826746407465
0.25	0.5	194	0.12153245245309197	0.0927637033081273	0.08650349650349654	0.02876874914496466
0.25	0.5	195	0.15841202667501852	0.13020035430580162	0.11916083916083917	0.0282116723692169
0.25	0.5	196	0.18566280254361284	0.13146386212768205	0.12195804195804195	0.05419894041593079
0.25	0.5	197	0.16082191723744252	0.12532714258829347	0.1158741258741259	0.03549477464914905
0.25	0.5	198	0.1967500949653437	0.1479576096927845	0.11755244755244756	0.04879248527255922
0.25	0.5	199	0.14956085386170406	0.10136248705728268	0.08615384615384616	0.04819836680442138
0.25	0.5	200	0.14085500059375042	0.1014131259813375	0.09174825174825176	0.039441874612412914
0.25	0.5	201	0.1202754932468703	0.09688226172379286	0.08300699300699302	0.023393231523077443
0.25	0.5	202	0.13542193432078772	0.09288766172754287	0.07790209790209791	0.042534272593244854
0.25	0.5	203	0.1704575280955056	0.1259980805542226	0.09699300699300702	0.044459447541283004
0.25	0.5	204	0.12107996602775419	0.08138712596328192	0.07293706293706297	0.03969284006447227
0.25	0.5	205	0.21088093811176256	0.14216763344974542	0.12811188811188812	0.06871330466201714
0.25	0.5	206	0.14204664725461613	0.1142103918127721	0.11069930069930072	0.027836255441844038
0.25	0.5	207	0.1729786895685344	0.11854665176850816	0.0823776223776224	0.05443203780002624
0.25	0.5	208	0.13319724527586477	0.05867858241568223	0.05244755244755245	0.07451866286018254
0.25	0.5	209	0.1833956343025238	0.11705839379055125	0.1055944055944056	0.06633724051197257
0.25	0.5	210	0.18635497663540043	0.1296819997791665	0.12398601398601401	0.05667297685623393
0.25	0.5	211	0.134462100320903	0.07445140586903186	0.07405594405594405	0.06001069445187114
0.25	0.5	212	0.17005174309148827	0.09847248505033684	0.09027972027972028	0.07157925804115142
0.25	0.5	213	0.2007989172214703	0.15120226472379494	0.14062937062937064	0.049596652497675364
0.25	0.5	214	0.13883798530415645	0.08213573759426222	0.07867132867132869	0.056702247709894224
0.25	0.5	215	0.18036747247741144	0.10977715956747193	0.08734265734265736	0.07059031290993951
0.25	0.5	216	0.12550641354612052	0.10937900651319896	0.10741258741258744	0.016127407032921565
0.25	0.5	217	0.19748137325095366	0.14494422565571224	0.1286713286713287	0.05253714759524142
0.25	0.5	218	0.12237334192593188	0.09318197443192669	0.0881818181818182	0.029191367494005194
0.25	0.5	219	0.18089400062083377	0.11104729239395306	0.10685314685314687	0.06984670822688072
0.25	0.5	220	0.21004235419607933	0.15939185374434287	0.1505594405594406	0.05065050045173647
0.25	0.5	221	0.1256990039576416	0.08435100996597915	0.07958041958041959	0.04134799399166246
0.25	0.5	222	0.14858097818123486	0.08060525736476205	0.061328671328671334	0.06797572081647281
0.25	0.5	223	0.14451678091443118	0.1058325943281905	0.1027972027972028	0.038684186586240676
0.25	0.5	224	0.17076845192253606	0.1333490092701453	0.1372027972027972	0.03741944265239075
0.25	0.5	225	0.1188251450174618	0.09372607203199447	0.0604895104895105	0.025099072985467333
0.25	0.5	226	0.20807640838639468	0.16256894622843487	0.13874125874125873	0.04550746215795981
0.25	0.5	227	0.1884933531203841	0.1508828061686154	0.15062937062937062	0.037610546951768686
0.25	0.5	228	0.1448903575627483	0.10375648177533456	0.1000699300699301	0.04113387578741373
0.25	0.5	229	0.1857502887154783	0.12770633868495743	0.11153846153846154	0.058043950030520874
0.25	0.5	230	0.167971616646956	0.0951572952481217	0.0848951048951049	0.0728143213988343
0.25	0.5	231	0.13389779437346833	0.09561673306717572	0.08552447552447554	0.03828106130629261
0.25	0.5	232	0.14826317240498085	0.07811904730489397	0.073986013986014	0.07014412510008688
0.25	0.5	233	0.1188834020023625	0.07770620674042135	0.06811188811188812	0.04117719526194115
0.25	0.5	234	0.1633741065097962	0.11006866671435189	0.1090909090909091	0.053305439795444304
0.25	0.5	235	0.18017520845500587	0.13588865686712281	0.1083916083916084	0.044286551587883055
0.25	0.5	236	0.1500902222848766	0.09940199264027266	0.08244755244755245	0.05068822964460393
0.25	0.5	237	0.1371626646962949	0.08832967245116143	0.10510489510489514	0.048832992245133475
0.25	0.5	238	0.20301394653746288	0.1436571900397153	0.13643356643356644	0.059356756497747576
0.25	0.5	239	0.1446973643731697	0.10217600845556143	0.07531468531468531	0.04252135591760828
0.5	0.05	0	0.22073877829081825	0.04358881499223263	0.043566433566433575	0.17714996329858562
0.5	0.05	1	0.19615403205141113	-0.026130191757077606	-0.02146853146853147	0.22228422380848872
0.5	0.05	2	0.164170384840545	-0.04289709228964742	-0.03412587412587413	0.2070674771301924
0.5	0.05	3	0.18083115335496763	-0.0035949608298339094	0.0055944055944055935	0.18442611418480154
0.5	0.05	4	0.2004263266849491	0.017556908025630574	0.021888111888111888	0.18286941865931855
0.5	0.05	5	0.215816142927877	0.009831770716507442	-0.007622377622377627	0.20598437221136956
0.5	0.05	6	0.2547063852127675	0.04255371010674312	0.03251748251748252	0.21215267510602437
0.5	0.05	7	0.1760745042184057	-0.009841069334075926	-0.007552447552447546	0.18591557355248162
0.5	0.05	8	0.13157059831291548	-0.023150939688152565	-0.03195804195804196	0.15472153800106805
0.5	0.05	9	0.2818634665718518	0.08405520420500293	0.07020979020979022	0.19780826236684887
0.5	0.05	10	0.19681283806447086	-0.005181420264875183	-0.001888111888111893	0.20199425832934603
0.5	0.05	11	0.2167198379998875	0.038007061116014665	0.036923076923076927	0.17871277688387283
0.5	0.05	12	0.2378414637787943	0.03718360221083487	0.022377622377622378	0.20065786156795945
0.5	0.05	13	0.19254240454333646	-0.037271720327583566	-0.05000000000000001	0.22981412487092
0.5	0.05	14	0.16929373562064973	-0.027643046974338174	-0.031118881118881118	0.1969367825949879
0.5	0.05	15	0.24666338657179626	0.01825476962136779	0.028111888111888108	0.22840861695042847
0.5	0.05	16	0.18106095212566117	0.026846421421125984	0.008461538461538463	0.1542145307045352
0.5	0.05	17	0.1974001440278778	0.01273538384401656	0.0029370629370629327	0.18466476018386124
0.5	0.05	18	0.20102015348621768	0.03790382493321176	0.04069930069930071	0.16311632855300592
0.5	0.05	19	0.17140948708992157	-0.038977152067466714	-0.04223776223776223	0.21038663915738828
0.5	0.05	20	0.15508414241954332	0.003974377759984556	-0.006993006993006997	0.15110976465955878
0.5	0.05	21	0.18019820152652885	-0.02651149063297961	-0.028601398601398605	0.20670969215950846
0.5	0.05	22	0.26621381681515055	0.07693890759646362	0.0953846153846154	0.18927490921868695
0.5	0.05	23	0.20920169389006524	-0.019055985455545457	-0.006083916083916086	0.2282576793456107
0.5	0.05	24	0.23459030874326994	0.010668861575598317	0.01748251748251749	0.22392144716767162
0.5	0.05	25	0.23012054175037625	0.016993414578760125	0.029230769230769237	0.2131271271716161
0.5	0.05	26	0.19301332848147812	0.01687860894347843	0.017622377622377627	0.1761347195379997
0.5	0.05	27	0.2230504882295057	0.007768977617345569	0.028811188811188822	0.21528151061216014
0.5	0.05	28	0.1912657717123415	-0.024313065495184374	-0.031118881118881125	0.21557883720752585
0.5	0.05	29	0.21306743268571712	0.022266404351669686	0.019790209790209793	0.19080102833404744
0.5	0.05	30	0.24350624549044825	0.016890067284768946	0.0003496503496503375	0.2266161782056793
0.5	0.05	31	0.2469447756560942	0.05862186709851881	0.06342657342657343	0.18832290855757539
0.5	0.05	32	0.13214801538056622	-0.05414419037790999	-0.0455944055944056	0.18629220575847621
0.5	0.05	33	0.18643620585847626	-0.031090070201437642	-0.04244755244755245	0.2175262760599139
0.5	0.05	34	0.20472823939461066	-0.01151054966010393	-0.030839160839160846	0.21623878905471458
0.5	0.05	35	0.2371790952632606	0.03085716726192171	0.026153846153846163	0.20632192800133886
0.5	0.05	36	0.19463644766419974	0.016729747728991478	0.0262937062937063	0.17790669993520827
0.5	0.05	37	0.19632049050034062	0.015736434539190654	0.011888111888111898	0.18058405596114996
0.5	0.05	38	0.19054529204534168	-0.005269239770305396	-0.0181818181818182	0.19581453181564706
0.5	0.05	39	0.23485944087461175	-0.00201232778633874	-0.011748251748251747	0.2368717686609505
0.5	0.05	40	0.1563366710671327	-0.0359147402185696	-0.04244755244755246	0.1922514112857023
0.5	0.05	41	0.21796669997687498	0.017930908285352976	0.013636363636363637	0.200035791691522
0.5	0.05	42	0.24658563651780313	0.014062252821008906	0.0086013986013986	0.23252338369679423
0.5	0.05	43	0.20297287012004867	0.001202910557576776	0.02384615384615385	0.2017699595624719
0.5	0.05	44	0.1829134811899175	0.013653558092748676	0.0013986013986014112	0.1692599230971688
0.5	0.05	45	0.20043630585854574	-0.0017350775938038848	0.002797202797202804	0.20217138345234964
0.5	0.05	46	0.26249728645644893	0.015023718766471364	0.01146853146853147	0.24747356768997758
0.5	0.05	47	0.18873315189802217	0.023817822095709786	0.016363636363636372	0.16491532980231238
0.5	0.05	48	0.22424132933425647	0.0401150348021075	0.03895104895104894	0.18412629453214896
0.5	0.05	49	0.2353553092745203	0.004254287676588664	0.01090909090909091	0.23110102159793164
0.5	0.05	50	0.1831621549737187	-0.003005627087241033	-0.020559440559440558	0.18616778206095974
0.5	0.05	51	0.17014634037940304	-0.014071516716331053	-0.02594405594405594	0.1842178570957341
0.5	0.05	52	0.21073793106800767	-0.017573345537045513	-0.018671328671328667	0.22831127660505318
0.5	0.05	53	0.29297862706849104	0.02236970997896526	0.020209790209790208	0.2706089170895258
0.5	0.05	54	0.24377564151086215	0.038878443665585884	0.046713286713286714	0.20489719784527627
0.5	0.05	55	0.20471534355232193	0.020660167125116057	0.022307692307692303	0.18405517642720587
0.5	0.05	56	0.24931019396541249	0.05007623616405289	0.06958041958041959	0.1992339578013596
0.5	0.05	57	0.2419878486026726	0.040797493609370565	0.04552447552447553	0.20119035499330204
0.5	0.05	58	0.18337206484171167	0.0226160712611606	0.021468531468531466	0.16075599358055107
0.5	0.05	59	0.2544693364370392	0.04313746051212535	0.0455944055944056	0.21133187592491381
0.5	0.05	60	0.17475139913291604	0.019031367382894016	0.032237762237762244	0.15572003175002203
0.5	0.05	61	0.1798989929854118	0.019283562002473612	0.027552447552447554	0.16061543098293818
0.5	0.05	62	0.26450464201711255	0.023693412287091865	0.031678321678321686	0.24081122973002067
0.5	0.05	63	0.22111006327087726	0.03801668612269869	0.05013986013986014	0.18309337714817858
0.5	0.05	64	0.12111802160973724	-0.016402823890849925	0.005454545454545455	0.13752084550058716
0.5	0.05	65	0.21484545475378802	0.011659799763749834	0.03097902097902099	0.20318565499003818
0.5	0.05	66	0.22270637687942837	0.027133359120388275	0.02034965034965035	0.1955730177590401
0.5	0.05	67	0.1946108920908973	-0.020560632333772453	-0.025804195804195813	0.21517152442466975
0.5	0.05	68	0.2658172401508612	0.07893124925781198	0.08181818181818182	0.18688599089304925
0.5	0.05	69	0.23102597293470342	0.013685190059159765	0.0227972027972028	0.21734078287554365
0.5	0.05	70	0.17598170554285106	0.05165832059605597	0.04839160839160841	0.1243233849467951
0.5	0.05	71	0.16921892306869657	-0.04871531855230455	-0.04118881118881118	0.2179342416210011
0.5	0.05	72	0.2227731408146811	0.004248711283827281	0.016713286713286715	0.21852442953085383
0.5	0.05	73	0.2686429990576382	0.10014577787901244	0.08636363636363636	0.16849722117862578
0.5	0.05	74	0.17209575839983224	0.01680651861563793	0.02216783216783217	0.15528923978419432
0.5	0.05	75	0.12955555524691337	-0.035432732939397873	-0.033146853146853145	0.16498828818631123
0.5	0.05	76	0.22826714462996156	0.023780273458523238	0.02041958041958043	0.20448687117143832
0.5	0.05	77	0.19998621526820506	0.03764843586696935	0.038531468531468535	0.16233777940123573
0.5	0.05	78	0.3155856011011119	0.10675491441313502	0.10391608391608395	0.20883068668797689
0.5	0.05	79	0.2088730547729547	-0.03015329177311929	-0.02153846153846154	0.239026346546074
0.5	0.05	80	0.2248894478398943	-0.024695801872084634	-0.012307692307692308	0.24958524971197896
0.5	0.05	81	0.18338135651483092	-0.02989514576051789	-0.02279720279720281	0.2132765022753488
0.5	0.05	82	0.18997185414712092	0.03914434662801849	0.028671328671328683	0.15082750751910243
0.5	0.05	83	0.23246191837633218	-0.011788473464217682	-0.005384615384615387	0.24425039184054986
0.5	0.05	84	0.23087111866049906	-0.0011796952636772666	-0.0007692307692307687	0.2320508139241763
0.5	0.05	85	0.18899055485455196	0.02727808838756138	0.03643356643356644	0.16171246646699058
0.5	0.05	86	0.22565092753536634	0.04399082916029803	0.04279720279720281	0.1816600983750683
0.5	0.05	87	0.16339203013335427	-0.035511489938534674	-0.027132867132867132	0.19890352007188894
0.5	0.05	88	0.23440701000486808	0.02535815649871979	-0.0039860139860139875	0.2090488535061483
0.5	0.05	89	0.24339768291505762	0.05584830961688167	0.05853146853146854	0.18754937329817595
0.5	0.05	90	0.24000490278118247	0.03927103421599598	0.0625874125874126	0.2007338685651865
0.5	0.05	91	0.22826581824015157	0.057530227451546845	0.06461538461538463	0.17073559078860473
0.5	0.05	92	0.20929293700898402	0.023891030479882277	0.02195804195804196	0.18540190652910174
0.5	0.05	93	0.20263461294070342	0.01292152980661792	0.0062237762237762236	0.1897130831340855
0.5	0.05	94	0.19366019004179863	-0.053910495771177624	-0.05041958041958041	0.24757068581297625
0.5	0.05	95	0.17190318187720963	0.039636930303423815	0.04041958041958042	0.1322662515737858
0.5	0.05	96	0.18137949401353748	-0.04745492878814499	-0.04468531468531469	0.22883442280168248
0.5	0.05	97	0.2105086947977047	0.02551513577439984	0.03209790209790211	0.18499355902330486
0.5	0.05	98	0.22774698454651704	0.02879713805356809	0.019020979020979014	0.19894984649294895
0.5	0.05	99	0.20274684912975635	0.0004763197752220661	-0.0038461538461538464	0.2022705293545343
0.5	0.05	100	0.2411377785679018	0.019094200759861638	0.008181818181818179	0.22204357780804018
0.5	0.05	101	0.21645206003615283	0.04710325493281592	0.030629370629370625	0.1693488051033369
0.5	0.05	102	0.30870604076808383	0.07584510128132033	0.06426573426573427	0.2328609394867635
0.5	0.05	103	0.2723097099372985	0.038072047272255057	0.024965034965034966	0.23423766266504348
0.5	0.05	104	0.25567333727315084	0.07450213507092712	0.07356643356643358	0.1811712022022237
0.5	0.05	105	0.2682766793588051	0.03012089591728883	0.021048951048951044	0.23815578344151628
0.5	0.05	106	0.2476663872683245	0.020148909825631823	0.025664335664335666	0.22751747744269266
0.5	0.05	107	0.19220129319534252	0.0056402469723937304	-0.03251748251748252	0.18656104622294878
0.5	0.05	108	0.23439654471982274	-0.003699599791388744	-0.013496503496503503	0.23809614451121147
0.5	0.05	109	0.2281632487244783	0.05443687808116533	0.03909090909090909	0.17372637064331298
0.5	0.05	110	0.23305413406537084	0.013814884593669858	0.018951048951048963	0.21923924947170098
0.5	0.05	111	0.24217394595412914	0.09913500634375441	0.10146853146853145	0.14303893961037473
0.5	0.05	112	0.21939668013658342	0.0019117721609528896	-0.0010489510489510507	0.21748490797563053
0.5	0.05	113	0.16196714025495848	-0.05961143028571548	-0.045734265734265735	0.22157857054067395
0.5	0.05	114	0.24320239805722085	-0.0013355773163731364	-0.00027972027972027967	0.24453797537359398
0.5	0.05	115	0.2051261285598115	0.002308126602865697	0.00244755244755244	0.2028180019569458
0.5	0.05	116	0.24773821370709284	0.013857794345690518	0.019650349650349664	0.23388041936140233
0.5	0.05	117	0.21672407411394037	0.03462571849008229	0.0341958041958042	0.1820983556238581
0.5	0.05	118	0.1859466013518065	0.017382984293739093	0.03398601398601398	0.16856361705806738
0.5	0.05	119	0.24055953511078826	0.013603190002215278	0.0013286713286713254	0.226956345108573
0.5	0.05	120	0.27167481366306506	0.05403425974601371	0.03405594405594407	0.21764055391705134
0.5	0.05	121	0.17983349988437491	-0.002885550614965705	-0.012167832167832167	0.18271905049934062
0.5	0.05	122	0.24330786340823846	0.041915799941527734	0.028321678321678315	0.20139206346671074
0.5	0.05	123	0.13807305421739877	-0.027579456652400452	-0.002167832167832169	0.1656525108697992
0.5	0.05	124	0.22460975320121748	0.02289328673144912	-0.0018881118881118953	0.20171646646976837
0.5	0.05	125	0.18994657635178913	0.0007105004934031204	0.0032167832167832194	0.189236075858386
0.5	0.05	126	0.15819686680337972	0.009067242407807227	0.007202797202797209	0.14912962439557248
0.5	0.05	127	0.22850079756999833	0.030758264415461402	0.029580419580419584	0.19774253315453694
0.5	0.05	128	0.21142434821135292	-0.0012653481009361812	-0.012937062937062942	0.2126896963122891
0.5	0.05	129	0.28928203422363485	0.07488255200177223	0.06447552447552446	0.21439948222186261
0.5	0.05	130	0.2811005493753815	0.03577282345334962	0.040909090909090916	0.24532772592203186
0.5	0.05	131	0.22059111152160524	0.018064845878365193	0.026503496503496496	0.20252626564324006
0.5	0.05	132	0.19462691987980546	0.021320785639434472	0.023006993006993007	0.173306134240371
0.5	0.05	133	0.19709610909452022	0.030733292175897348	0.02867132867132867	0.16636281691862287
0.5	0.05	134	0.28746056768094974	0.0556100108402853	0.04895104895104895	0.23185055684066444
0.5	0.05	135	0.20778107484796865	0.008336422455848928	0.005734265734265736	0.19944465239211973
0.5	0.05	136	0.19426257934901342	-0.02193900829097798	-0.03139860139860139	0.2162015876399914
0.5	0.05	137	0.18943368710672714	0.001012868758936638	-0.013986013986013995	0.1884208183477905
0.5	0.05	138	0.23507693408120423	0.03974546510101743	0.018461538461538463	0.1953314689801868
0.5	0.05	139	0.20069862548515657	0.004605419864874906	0.008671328671328672	0.19609320562028168
0.5	0.05	140	0.195724712308828	-0.03265248100866737	-0.02748251748251748	0.2283771933174954
0.5	0.05	141	0.25665778934568706	0.0023031960438861417	0.004195804195804203	0.25435459330180094
0.5	0.05	142	0.2248549061492404	0.027165935531899672	0.015454545454545453	0.19768897061734073
0.5	0.05	143	0.21924540919820082	0.0496284372419703	0.050769230769230775	0.16961697195623052
0.5	0.05	144	0.25799921388834296	0.015474906579796235	0.004545454545454544	0.24252430730854674
0.5	0.05	145	0.1641208431394744	-0.04871569355256497	-0.04804195804195803	0.21283653669203936
0.5	0.05	146	0.2021226611962925	-0.004889274228662659	-0.016503496503496504	0.20701193542495516
0.5	0.05	147	0.20143903572155258	-0.002868918658971291	0.0093006993006993	0.20430795438052388
0.5	0.05	148	0.22388912075633385	0.022802189445964894	0.0248951048951049	0.20108693131036895
0.5	0.05	149	0.2186857143650794	0.007305275906441602	-0.015524475524475527	0.2113804384586378
0.5	0.05	150	0.1949093922981891	0.05965070114632024	0.05664335664335665	0.13525869115186887
0.5	0.05	151	0.18262011293063396	0.05790071381994016	0.06174825174825175	0.1247193991106938
0.5	0.05	152	0.2685850823507516	0.08541393431523216	0.09531468531468533	0.18317114803551948
0.5	0.05	153	0.22858246429337797	0.06970384701656042	0.07090909090909091	0.15887861727681757
0.5	0.05	154	0.1946914754801913	-0.00613324731475508	-0.008671328671328683	0.2008247227949464
0.5	0.05	155	0.25311104382711375	0.011961411084313252	0.008391608391608393	0.2411496327428005
0.5	0.05	156	0.18649032395161383	-0.010676792136661206	-0.019230769230769232	0.19716711608827503
0.5	0.05	157	0.2728124950086771	0.037859484624642094	0.04426573426573427	0.23495301038403502
0.5	0.05	158	0.2221407445421837	0.025825684601169862	0.01202797202797202	0.19631505994101384
0.5	0.05	159	0.18342587043463224	-0.017304518961471498	-0.027412587412587418	0.20073038939610374
0.5	0.05	160	0.20551430938493706	-0.029640965028447937	-0.040069930069930086	0.235155274413385
0.5	0.05	161	0.2437342664821295	0.01766067198657777	0.029020979020979026	0.22607359449555173
0.5	0.05	162	0.2563986433323912	0.04874458940596487	0.04804195804195805	0.20765405392642633
0.5	0.05	163	0.1878888110338965	-0.006093761176223038	-8.049116928532384e-18	0.19398257221011955
0.5	0.05	164	0.2535439607944172	0.0013699801180417485	0.0013286713286713278	0.2521739806763755
0.5	0.05	165	0.16757054692399093	0.02555810108201464	0.046713286713286714	0.14201244584197628
0.5	0.05	166	0.1885884504086461	-0.03416277372414842	-0.0490909090909091	0.22275122413279452
0.5	0.05	167	0.19038613221259182	0.021323959252749485	0.02006993006993006	0.16906217295984233
0.5	0.05	168	0.19553252467536433	-4.284725197725832e-06	-0.006433566433566431	0.19553680940056206
0.5	0.05	169	0.2158942749265798	0.0016110844521419806	0.011538461538461539	0.21428319047443783
0.5	0.05	170	0.22811832508217017	0.007958741638015026	0.013706293706293709	0.22015958344415515
0.5	0.05	171	0.21518247582116376	0.028975589566381642	0.02111888111888112	0.18620688625478213
0.5	0.05	172	0.23942279126582727	1.6305566878865888e-05	0.022447552447552446	0.2394064856989484
0.5	0.05	173	0.2628944603433752	0.028258422401682224	0.02972027972027973	0.234636037941693
0.5	0.05	174	0.22886360337750233	0.030082208390422492	0.028181818181818183	0.19878139498707983
0.5	0.05	175	0.21937203428613491	0.01351694688676867	0.018601398601398606	0.20585508739936625
0.5	0.05	176	0.13962231918216608	-0.025280600889306174	-0.03580419580419581	0.16490292007147225
0.5	0.05	177	0.24505650351146077	0.06864883933947177	0.03671328671328672	0.176407664171989
0.5	0.05	178	0.2713636537247595	0.062274077968109694	0.04692307692307693	0.20908957575664983
0.5	0.05	179	0.22509676048386143	0.024259148791075547	0.0283916083916084	0.20083761169278588
0.5	0.05	180	0.23484735058843792	0.025228489742006765	0.03412587412587413	0.20961886084643117
0.5	0.05	181	0.20172170258451566	0.03859082541029542	0.02384615384615385	0.16313087717422026
0.5	0.05	182	0.2802912502022571	0.019248548089269502	0.028601398601398608	0.2610427021129876
0.5	0.05	183	0.17413934315232163	-0.007319262027265298	0.0016783216783216703	0.18145860517958692
0.5	0.05	184	0.17028168769561647	0.01208518894804788	-0.009650349650349646	0.15819649874756858
0.5	0.05	185	0.24122094529232313	0.018037581970543032	0.03188811188811189	0.2231833633217801
0.5	0.05	186	0.17261646015031956	-0.00550840660306014	-0.0018881118881118903	0.1781248667533797
0.5	0.05	187	0.21674428246130725	-0.021277348109269522	-0.011328671328671342	0.23802163057057676
0.5	0.05	188	0.20055278510610078	0.007916317997443054	0.0018881118881118844	0.19263646710865773
0.5	0.05	189	0.2116985845129059	-0.010024625017100707	-0.003986013986013993	0.22172320953000663
0.5	0.05	190	0.21257223789738744	0.03375556510803132	0.032167832167832165	0.17881667278935612
0.5	0.05	191	0.19947418713485218	-0.02124675781024848	-0.018601398601398606	0.22072094494510067
0.5	0.05	192	0.24570319146054959	0.015307205074447966	0.025594405594405588	0.23039598638610162
0.5	0.05	193	0.2188752700522709	0.011543452460730875	-0.001958041958041954	0.20733181759154
0.5	0.05	194	0.10976421511403828	-0.05414639871277689	-0.03097902097902099	0.16391061382681515
0.5	0.05	195	0.201252910592299	-0.0031214118898693676	0.001118881118881119	0.20437432248216836
0.5	0.05	196	0.09587189296659233	-0.025825080434083634	-0.03454545454545455	0.12169697340067596
0.5	0.05	197	0.14545521906612435	-0.0371070257687679	-0.022237762237762252	0.18256224483489225
0.5	0.05	198	0.17513726745643574	-0.012687599088610477	-0.01762237762237762	0.1878248665450462
0.5	0.05	199	0.25058138234818217	0.04955835385996796	0.04713286713286712	0.2010230284882142
0.5	0.05	200	0.1723725016475706	0.006312309939104125	0.002237762237762236	0.16606019170846648
0.5	0.05	201	0.151163639696972	-0.016329997451387118	-0.001258741258741264	0.1674936371483591
0.5	0.05	202	0.20799013054870177	0.009817735984538879	-0.006923076923076934	0.19817239456416288
0.5	0.05	203	0.2378974221509876	0.005214927232588356	0.003986013986013982	0.23268249491839926
0.5	0.05	204	0.20036774331093285	0.017559574694149094	0.0248951048951049	0.18280816861678376
0.5	0.05	205	0.2120003138891069	0.01363559974694427	-0.0025874125874125855	0.1983647141421626
0.5	0.05	206	0.20500708681047694	0.01884286030754188	0.027902097902097904	0.18616422650293507
0.5	0.05	207	0.19985514573274007	0.0506928407589172	0.04055944055944056	0.14916230497382288
0.5	0.05	208	0.1899139860513792	-0.029483867697130343	-0.028251748251748254	0.21939785374850956
0.5	0.05	209	0.2679230332798842	0.04345818990152076	0.042377622377622375	0.22446484337836345
0.5	0.05	210	0.21463825322100918	0.003607516394108607	-0.002237762237762239	0.21103073682690057
0.5	0.05	211	0.20517531609396955	0.03264336294677982	0.029790209790209795	0.17253195314718972
0.5	0.05	212	0.20155907052713232	-0.007727317866192962	-0.0070629370629370644	0.20928638839332528
0.5	0.05	213	0.1604395558608027	-0.03830833910301327	-0.04594405594405595	0.19874789496381595
0.5	0.05	214	0.1547935311066188	-0.017945026350712746	-0.008251748251748257	0.17273855745733155
0.5	0.05	215	0.15513100356319692	0.015674295607149728	0.015384615384615392	0.1394567079560472
0.5	0.05	216	0.22847972116647303	1.7708345630795575e-06	0.008111888111888114	0.22847795033190996
0.5	0.05	217	0.16422950293715483	-0.02962256223789044	-0.026013986013986017	0.19385206517504527
0.5	0.05	218	0.24925877726303977	0.06510276743247738	0.08111888111888112	0.1841560098305624
0.5	0.05	219	0.2578960888167283	0.03648051144479962	0.019020979020979024	0.22141557737192868
0.5	0.05	220	0.25076688247700174	0.03913006884032558	0.028041958041958047	0.21163681363667616
0.5	0.05	221	0.23397054442398915	0.06658583790683188	0.06083916083916084	0.16738470651715726
0.5	0.05	222	0.21269969631923352	0.00010693062981293737	0.00972027972027973	0.2125927656894206
0.5	0.05	223	0.1966045045864615	-0.027695428955158998	-0.0306993006993007	0.2242999335416205
0.5	0.05	224	0.18247195310552297	-0.008547610102507017	-0.013846153846153843	0.19101956320802999
0.5	0.05	225	0.1878184915406191	0.006254497398956527	0.013426573426573432	0.18156399414166258
0.5	0.05	226	0.1552716772719981	-0.028269429353770383	-0.019230769230769232	0.18354110662576847
0.5	0.05	227	0.1924620780986653	-0.02948668714353274	-0.030909090909090914	0.22194876524219803
0.5	0.05	228	0.21008829172798038	0.013173661926154113	0.0026573426573426517	0.19691462980182628
0.5	0.05	229	0.2040061208375839	0.04700408819728347	0.03643356643356645	0.15700203264030044
0.5	0.05	230	0.19172309841881832	-0.04951289549506631	-0.055944055944055944	0.24123599391388462
0.5	0.05	231	0.2076064011155563	0.006035552802467223	0.0023076923076923083	0.20157084831308908
0.5	0.05	232	0.1838575443455169	0.030520521194806385	0.029930069930069924	0.15333702315071052
0.5	0.05	233	0.16958972888175616	-0.005220510569799007	0.0006293706293706313	0.17481023945155516
0.5	0.05	234	0.2052510453132259	0.006493858676290748	0.013776223776223777	0.19875718663693517
0.5	0.05	235	0.21576772622758764	-0.01991686105337573	-0.008321678321678318	0.23568458728096336
0.5	0.05	236	0.2143595308052297	0.011060091013952092	0.013286713286713284	0.20329943979127763
0.5	0.05	237	0.2403153474412135	0.02191061938237457	0.013846153846153855	0.21840472805883893
0.5	0.05	238	0.18310002993057634	-0.00950206215420983	0.005594405594405593	0.19260209208478615
0.5	0.05	239	0.24474140607042086	0.04770133868148519	0.046573426573426585	0.19704006738893567
0.5	0.2	0	0.24089050756285246	0.014598621249042534	0.01	0.22629188631380992
0.5	0.2	1	0.25131208424450296	0.07003186113323691	0.06755244755244755	0.18128022311126607
0.5	0.2	2	0.18713454662121293	0.04039272943939544	0.029160839160839162	0.1467418171818175
0.5	0.2	3	0.17209040422944738	0.0004648822672793523	0.019370629370629375	0.17162552196216802
0.5	0.2	4	0.27151586216379314	0.029724284530753143	0.02475524475524476	0.24179157763304
0.5	0.2	5	0.31435126691060206	0.08047373644009474	0.07363636363636364	0.2338775304705073
0.5	0.2	6	0.26771003313196745	0.04603438613499037	0.048321678321678316	0.2216756469969771
0.5	0.2	7	0.2118677582414988	0.06019325013420147	0.04293706293706294	0.15167450810729732
0.5	0.2	8	0.2552763578308041	0.06582924710364382	0.05405594405594407	0.18944711072716028
0.5	0.2	9	0.19385219711958135	0.014644496280900194	0.017972027972027977	0.17920770083868115
0.5	0.2	10	0.2259964416641956	0.0692758050526424	0.05125874125874127	0.15672063661155322
0.5	0.2	11	0.2625160711917161	0.07167216088344507	0.06839160839160839	0.19084391030827103
0.5	0.2	12	0.22620243486280198	-0.0024581822626265713	-0.011958041958041952	0.22866061712542854
0.5	0.2	13	0.19799638055304206	0.025871879077693803	0.026363636363636367	0.17212450147534825
0.5	0.2	14	0.18114745218573067	0.0009485701031736827	-0.006923076923076925	0.180198882082557
0.5	0.2	15	0.22024782656099065	0.00883899919374944	0.004055944055944056	0.2114088273672412
0.5	0.2	16	0.2876197969581923	0.11662903238127248	0.09664335664335663	0.1709907645769198
0.5	0.2	17	0.28727655366427335	0.11391099577152483	0.09454545454545457	0.17336555789274852
0.5	0.2	18	0.22320641889334644	0.01796652636564331	0.004405594405594413	0.20523989252770314
0.5	0.2	19	0.21815958899971458	0.03624442100307013	0.04433566433566434	0.18191516799664445
0.5	0.2	20	0.21827866547129546	0.02955819413763482	0.04265734265734267	0.18872047133366063
0.5	0.2	21	0.24508919797860973	0.03437405859309624	0.02965034965034966	0.2107151393855135
0.5	0.2	22	0.27608786533879537	0.07071661855320734	0.0693006993006993	0.20537124678558805
0.5	0.2	23	0.18985481934362453	0.0010494451732258147	-0.012027972027972022	0.18880537417039872
0.5	0.2	24	0.26111678549776773	0.06130480646167115	0.06608391608391609	0.1998119790360966
0.5	0.2	25	0.23348048158366777	0.05077475748247048	0.0523076923076923	0.1827057241011973
0.5	0.2	26	0.24826054740315792	0.08732078286165476	0.05923076923076923	0.16093976454150316
0.5	0.2	27	0.3009971048591006	0.035632483078113245	0.04419580419580421	0.26536462178098735
0.5	0.2	28	0.24689529645506697	0.014674253246009199	0.021188811188811184	0.23222104320905776
0.5	0.2	29	0.22665302545348992	0.062049445867670736	0.0527972027972028	0.16460357958581917
0.5	0.2	30	0.22824067933380507	0.023114127162588306	0.01279720279720279	0.20512655217121675
0.5	0.2	31	0.27700853958926364	0.06044563225391129	0.06447552447552449	0.21656290733535236
0.5	0.2	32	0.2009103964655531	-0.022210591812910983	-0.01335664335664336	0.22312098827846408
0.5	0.2	33	0.2619710985910407	0.08927954116634804	0.08188811188811189	0.17269155742469264
0.5	0.2	34	0.206740685236587	0.06540888570061507	0.066993006993007	0.14133179953597194
0.5	0.2	35	0.2121623278905055	-0.014439010027090297	-0.018041958041958045	0.2266013379175958
0.5	0.2	36	0.20655446982949294	0.013862433237800861	-0.01468531468531469	0.19269203659169207
0.5	0.2	37	0.28272395328052313	0.09851406841254752	0.09335664335664337	0.18420988486797563
0.5	0.2	38	0.2463582405265559	0.07818360984972907	0.07706293706293707	0.1681746306768268
0.5	0.2	39	0.1830130993146523	0.04351670383104433	0.04174825174825176	0.13949639548360795
0.5	0.2	40	0.1890038673637968	0.018026644462947546	0.014195804195804199	0.17097722290084924
0.5	0.2	41	0.21448068366714143	0.03503251043924337	0.041678321678321674	0.17944817322789808
0.5	0.2	42	0.16117547998297221	0.03109922298557152	0.03013986013986013	0.1300762569974007
0.5	0.2	43	0.3135800927639533	0.1191778049845868	0.123986013986014	0.19440228777936652
0.5	0.2	44	0.2424445433642662	0.036744442183640404	0.04538461538461539	0.20570010118062582
0.5	0.2	45	0.26837515164941084	0.07729895645760865	0.07531468531468533	0.1910761951918022
0.5	0.2	46	0.20371334285648812	0.008062700043541697	-0.011748251748251757	0.19565064281294642
0.5	0.2	47	0.20032672939356208	-0.008868735325510644	-0.018181818181818184	0.20919546471907272
0.5	0.2	48	0.25647976144427875	0.07469219770291508	0.052657342657342655	0.18178756374136368
0.5	0.2	49	0.21085878531860092	0.05158989693742843	0.034265734265734274	0.15926888838117248
0.5	0.2	50	0.18488245477948248	-0.013158377193317495	-0.009090909090909089	0.19804083197279998
0.5	0.2	51	0.3067124977170123	0.08309579381652349	0.07384615384615384	0.22361670390048882
0.5	0.2	52	0.2381183250821702	0.028643381002347916	0.006293706293706294	0.20947494407982228
0.5	0.2	53	0.2808475353107884	0.0769324492586453	0.07223776223776225	0.2039150860521431
0.5	0.2	54	0.27876895747844266	0.07519757305387018	0.0762937062937063	0.20357138442457248
0.5	0.2	55	0.27645906004101395	0.06994904163127892	0.08860139860139862	0.20651001840973504
0.5	0.2	56	0.22775969288867565	0.04591190688326867	0.05111888111888112	0.18184778600540696
0.5	0.2	57	0.27980277764081785	0.1413133759120666	0.1274825174825175	0.13848940172875124
0.5	0.2	58	0.22284751586633045	0.043416821817237376	0.04503496503496505	0.17943069404909306
0.5	0.2	59	0.2956358441915585	0.10240049472256578	0.1016783216783217	0.19323534946899268
0.5	0.2	60	0.33173114703551876	0.06213471676021997	0.06594405594405595	0.2695964302752988
0.5	0.2	61	0.13467148241075166	-0.013650627535158012	-0.009930069930069932	0.14832210994590966
0.5	0.2	62	0.29416457233650856	0.07216775844983225	0.0704895104895105	0.2219968138866763
0.5	0.2	63	0.3059913444384336	0.0874573662898377	0.08461538461538463	0.21853397814859593
0.5	0.2	64	0.24635975441649616	0.014682704640767113	0.003356643356643354	0.23167704977572903
0.5	0.2	65	0.2421276195330691	0.027165004975697897	0.006993006993006995	0.2149626145573712
0.5	0.2	66	0.2343456766289421	0.05474680190750132	0.05986013986013987	0.17959887472144076
0.5	0.2	67	0.20354264829350574	0.008852526980921515	0.01734265734265734	0.19469012131258423
0.5	0.2	68	0.25871901994376384	0.042114765357475936	0.04384615384615387	0.2166042545862879
0.5	0.2	69	0.18683272696717151	0.05893380481514223	0.050629370629370646	0.12789892215202928
0.5	0.2	70	0.2451014410426674	0.04476941997876387	0.04181818181818182	0.20033202106390352
0.5	0.2	71	0.2770596854581149	0.05801411667646991	0.05363636363636364	0.21904556878164497
0.5	0.2	72	0.16953568023311125	0.00838884610336535	0.0038461538461538516	0.1611468341297459
0.5	0.2	73	0.24925618698346316	0.06028643075446581	0.0486013986013986	0.18896975622899737
0.5	0.2	74	0.30707541463570465	0.07950236076552832	0.066013986013986	0.22757305387017635
0.5	0.2	75	0.2354675732413703	0.05326236337664123	0.04454545454545456	0.18220520986472907
0.5	0.2	76	0.24900282569640672	0.05449400312083551	0.06258741258741259	0.19450882257557123
0.5	0.2	77	0.21588775408871813	-0.0019693972009702785	-0.0041958041958041975	0.2178571512896884
0.5	0.2	78	0.22296980761792196	0.046662358793304715	0.0409090909090909	0.17630744882461724
0.5	0.2	79	0.17461182264709904	0.04321788417908623	0.0593006993006993	0.1313939384680128
0.5	0.2	80	0.2699013193759162	0.050890861729765084	0.04825174825174825	0.21901045764615112
0.5	0.2	81	0.2208264727961617	0.06174380676653248	0.04755244755244756	0.1590826660296292
0.5	0.2	82	0.18764736642178223	0.06534019815291538	0.07174825174825177	0.12230716826886685
0.5	0.2	83	0.2231001410417646	0.03836334608565701	0.024335664335664333	0.1847367949561076
0.5	0.2	84	0.16260132125091753	-0.014062586154573719	-0.008531468531468543	0.17666390740549126
0.5	0.2	85	0.2474925121475779	0.04908670769910257	0.057622377622377624	0.19840580444847533
0.5	0.2	86	0.24437050303507155	0.04659548374686371	0.04713286713286714	0.19777501928820784
0.5	0.2	87	0.1804168405672504	0.023527224671683798	0.031678321678321686	0.1568896158955666
0.5	0.2	88	0.2489254784204711	0.035677017831262384	0.02181818181818183	0.2132484605892087
0.5	0.2	89	0.18152433439189888	0.007812769314423136	0.0018881118881118866	0.17371156507747576
0.5	0.2	90	0.23252262675182414	0.03469078103526461	0.021328671328671344	0.19783184571655954
0.5	0.2	91	0.2778446443365586	0.08576368455811427	0.07741258741258743	0.1920809597784443
0.5	0.2	92	0.19199625833073494	0.026126407032227107	0.01797202797202797	0.16586985129850784
0.5	0.2	93	0.2643653085870199	0.06965749281770334	0.06195804195804197	0.19470781576931656
0.5	0.2	94	0.25851324202308473	0.0649368992617356	0.056433566433566444	0.19357634276134913
0.5	0.2	95	0.20899750624826824	0.026009469451020454	0.025314685314685316	0.1829880367972478
0.5	0.2	96	0.18970307618269178	0.02404612780981098	0.022237762237762245	0.1656569483728808
0.5	0.2	97	0.2477290748118575	0.09097065345184267	0.09342657342657343	0.15675842136001483
0.5	0.2	98	0.2355283093946593	0.03144966072893106	0.022447552447552446	0.20407864866572822
0.5	0.2	99	0.24408446811421394	0.08393297495345482	0.06531468531468532	0.1601514931607591
0.5	0.2	100	0.22190442493362839	0.044347475241302246	0.03979020979020979	0.17755694969232613
0.5	0.2	101	0.2695906663824072	0.09281389778742902	0.07853146853146853	0.17677676859497818
0.5	0.2	102	0.1567665880323528	-0.002047369477339915	-0.003286713286713292	0.1588139575096927
0.5	0.2	103	0.2026714462996155	0.022480855889483255	0.006993006993006991	0.18019059041013225
0.5	0.2	104	0.16524472586439298	0.04778979707624797	0.039930069930069936	0.11745492878814501
0.5	0.2	105	0.22817918623554598	0.07520133694537288	0.0579020979020979	0.1529778492901731
0.5	0.2	106	0.21899506874657548	0.04287274505051739	0.019720279720279725	0.1761223236960581
0.5	0.2	107	0.19853083231307797	0.06979305541184404	0.07139860139860141	0.12873777690123395
0.5	0.2	108	0.26117704248405726	0.07355527330227313	0.056713286713286716	0.18762176918178414
0.5	0.2	109	0.2439897180484153	0.05590016381955821	0.05384615384615387	0.1880895542288571
0.5	0.2	110	0.20284962003445836	-0.03693040064611156	-0.040069930069930065	0.23978002068056992
0.5	0.2	111	0.1712160494555899	0.05175920955500663	0.04083916083916083	0.11945683990058328
0.5	0.2	112	0.1727304116183414	0.05308135630649744	0.045034965034965034	0.11964905531184397
0.5	0.2	113	0.21096413261398098	0.024795982497210066	0.02118881118881119	0.1861681501167709
0.5	0.2	114	0.22657098372984982	0.04691515757997054	0.04692307692307694	0.1796558261498793
0.5	0.2	115	0.2595356941220098	0.0924848003366669	0.09972027972027975	0.16705089378534288
0.5	0.2	116	0.24876652692119924	0.0774321926612449	0.05720279720279721	0.17133433425995434
0.5	0.2	117	0.257649102534099	0.06054345176628595	0.05258741258741259	0.19710565076781306
0.5	0.2	118	0.2552489550339965	0.07207591810827647	0.06916083916083919	0.18317303692572007
0.5	0.2	119	0.251356695386594	0.06493598953888162	0.05244755244755246	0.18642070584771236
0.5	0.2	120	0.24504722572724005	0.06203186252212675	0.05426573426573428	0.1830153632051133
0.5	0.2	121	0.22769060256291843	0.0545949059686847	0.0546853146853147	0.17309569659423374
0.5	0.2	122	0.30197731387313465	0.10586030268076575	0.09713286713286717	0.1961170111923689
0.5	0.2	123	0.20708159519555222	0.06682358112748689	0.0690909090909091	0.14025801406806532
0.5	0.2	124	0.2647438296832151	0.09844581836515165	0.09825174825174826	0.16629801131806343
0.5	0.2	125	0.25106177851512396	0.04580152486217005	0.018671328671328674	0.20526025365295392
0.5	0.2	126	0.1434564190669577	-0.05009680562278169	-0.046993006993007	0.19355322468973937
0.5	0.2	127	0.2179850194340413	-0.006163212613342093	0.004685314685314693	0.2241482320473834
0.5	0.2	128	0.2486614226815435	0.05658706012990287	0.05027972027972028	0.19207436255164065
0.5	0.2	129	0.2423467307963408	0.0709246950865938	0.06643356643356646	0.171422035709747
0.5	0.2	130	0.24601360139833428	0.07803690835896414	0.06755244755244758	0.16797669303937013
0.5	0.2	131	0.24788090825063072	0.02541363570391368	0.02244755244755245	0.22246727254671705
0.5	0.2	132	0.1920953972884703	0.02451912813828343	0.04104895104895105	0.16757626915018686
0.5	0.2	133	0.24043737530373283	0.06487438532943426	0.06713286713286713	0.17556298997429856
0.5	0.2	134	0.24748735936622177	0.06308543269821715	0.07741258741258743	0.18440192666800462
0.5	0.2	135	0.2680439847527672	0.0521760779000541	0.04818181818181817	0.2158679068527131
0.5	0.2	136	0.27984416655844896	0.0799652777536651	0.08034965034965035	0.19987888880478386
0.5	0.2	137	0.23668189352909272	0.06681584501100347	0.057412587412587424	0.16986604851808923
0.5	0.2	138	0.28279084916031194	0.05929743006765977	0.056223776223776244	0.22349341909265216
0.5	0.2	139	0.21505796879025607	0.05690221312653689	0.06370629370629372	0.15815575566371917
0.5	0.2	140	0.21622220570986508	0.02672080327833561	0.03755244755244755	0.18950140243152946
0.5	0.2	141	0.2302503890627702	0.050321291889786034	0.0662937062937063	0.17992909717298416
0.5	0.2	142	0.2524289530756619	0.0672091022285432	0.07237762237762238	0.18521985084711867
0.5	0.2	143	0.2202338265512684	0.058320269666853934	0.0627972027972028	0.16191355688441447
0.5	0.2	144	0.27519614944177045	0.07167630671965744	0.053776223776223785	0.20351984272211301
0.5	0.2	145	0.20078053526426062	0.004340322458557263	0.0016083916083916028	0.19644021280570337
0.5	0.2	146	0.17150341771070673	-0.026532386480823948	-0.032727272727272716	0.1980358041915307
0.5	0.2	147	0.219328103700072	0.040714694940760375	0.044335664335664354	0.17861340875931161
0.5	0.2	148	0.18422246821004737	0.03159704277572415	0.040559440559440565	0.15262542543432323
0.5	0.2	149	0.20970615951816635	0.0681609501117709	0.06517482517482519	0.14154520940639545
0.5	0.2	150	0.25588587214296676	0.05490263534905233	0.06426573426573427	0.20098323679391444
0.5	0.2	151	0.22581595542774682	0.07563404557919831	0.06286713286713287	0.1501819098485485
0.5	0.2	152	0.2742987668741437	0.09914549940659681	0.08790209790209794	0.17515326746754686
0.5	0.2	153	0.1581358598165693	0.024353857190178605	0.03146853146853147	0.1337820026263907
0.5	0.2	154	0.2627485505198267	0.06313621745570656	0.03580419580419581	0.19961233306412013
0.5	0.2	155	0.2999569305256462	0.0653894065204212	0.040209790209790215	0.23456752400522501
0.5	0.2	156	0.2486489990618049	0.08446785726934533	0.09188811188811191	0.16418114179245957
0.5	0.2	157	0.22233717523414948	0.05248599478194081	0.045454545454545456	0.16985118045220865
0.5	0.2	158	0.21746132462591988	0.021418438485026725	0.03160839160839161	0.19604288614089316
0.5	0.2	159	0.23336129400089864	0.07465407267643935	0.06167832167832169	0.1587072213244593
0.5	0.2	160	0.2296688956033997	0.07094058398651666	0.06615384615384615	0.15872831161688306
0.5	0.2	161	0.23351505799656805	0.029229950854132537	0.03832167832167833	0.2042851071424355
0.5	0.2	162	0.23182135543149684	0.06411175979983319	0.06552447552447553	0.16770959563166365
0.5	0.2	163	0.2561081500751042	0.09265317545359406	0.08405594405594406	0.16345497462151012
0.5	0.2	164	0.19343265516156605	0.0027611616396955832	0.005034965034965033	0.19067149352187046
0.5	0.2	165	0.26750693576870543	0.01610665701851182	0.011048951048951032	0.2514002787501936
0.5	0.2	166	0.27366949560381637	0.11768831089466032	0.11706293706293708	0.15598118470915606
0.5	0.2	167	0.21517617026122934	0.050795146385518325	0.029300699300699295	0.16438102387571102
0.5	0.2	168	0.1774136023705572	0.021473376023177795	0.024405594405594408	0.15594022634737942
0.5	0.2	169	0.25627186546657327	0.0689125061892404	0.061468531468531484	0.18735935927733288
0.5	0.2	170	0.23053321564806642	0.03287018254873788	0.0004895104895104918	0.19766303309932853
0.5	0.2	171	0.20708285214086955	0.04872920050638924	0.037552447552447556	0.1583536516344803
0.5	0.2	172	0.27597497637151136	0.06339158568860118	0.06713286713286715	0.21258339068291018
0.5	0.2	173	0.28028269464076017	0.07745303989794439	0.042377622377622375	0.20282965474281578
0.5	0.2	174	0.2379184916100636	0.05864379072485468	0.050909090909090925	0.17927470088520892
0.5	0.2	175	0.287877456859345	0.044596732358841915	0.04055944055944058	0.2432807245005031
0.5	0.2	176	0.27101400764861644	0.036533851759619276	0.04433566433566434	0.23448015588899718
0.5	0.2	177	0.1922023348627325	0.02730010923618697	0.02762237762237762	0.16490222562654552
0.5	0.2	178	0.3019035846552671	0.09477416998206249	0.07552447552447551	0.20712941467320461
0.5	0.2	179	0.2439718430360021	0.06741749820659598	0.08692307692307696	0.17655434482940613
0.5	0.2	180	0.2514461190598049	0.037890116590358736	0.04671328671328673	0.21355600246944617
0.5	0.2	181	0.22310555076774358	0.059699159513305226	0.04664335664335665	0.16340639125443834
0.5	0.2	182	0.23103282016168067	0.07769399839860999	0.07720279720279723	0.15333882176307068
0.5	0.2	183	0.23613304592572634	0.04024228489047561	0.0546853146853147	0.19589076103525072
0.5	0.2	184	0.24222661960181918	0.09325223836960998	0.08412587412587413	0.14897438123220919
0.5	0.2	185	0.21843590863604767	0.019014936815928342	0.012307692307692304	0.19942097182011934
0.5	0.2	186	0.2981149014686816	0.06875811719313693	0.06489510489510492	0.22935678427554465
0.5	0.2	187	0.22972015952788857	0.05440754472746161	0.06062937062937064	0.17531261480042698
0.5	0.2	188	0.2361283375891233	0.07450693368537062	0.07986013986013986	0.16162140390375268
0.5	0.2	189	0.2867026296546039	0.039518041331973154	0.02615384615384616	0.24718458832263077
0.5	0.2	190	0.24057351428716273	0.08574834426968352	0.0837762237762238	0.1548251700174792
0.5	0.2	191	0.21109402159307056	0.0016917928415228066	0.004055944055944062	0.20940222875154776
0.5	0.2	192	0.2817647512255217	0.0819534944121489	0.07811188811188813	0.1998112568133728
0.5	0.2	193	0.26327578699707427	0.0391661521987168	0.04979020979020979	0.22410963479835747
0.5	0.2	194	0.22403809308200912	0.06242245307114796	0.04650349650349652	0.16161564001086115
0.5	0.2	195	0.23934933288148114	0.06334578704568544	0.052377622377622376	0.1760035458357957
0.5	0.2	196	0.26922247168227204	0.059521367723172035	0.05769230769230769	0.2097011039591
0.5	0.2	197	0.2186953324273142	0.03203583474710746	0.020139860139860143	0.18665949768020673
0.5	0.2	198	0.2319587096935484	0.07445396837081136	0.06034965034965036	0.15750474132273704
0.5	0.2	199	0.2403111807716533	0.06249454339898847	0.07650349650349651	0.17781663737266484
0.5	0.2	200	0.24552375383594013	0.04356887747838714	0.025804195804195813	0.201954876357553
0.5	0.2	201	0.21922683279641167	0.03249039061832682	0.045944055944055956	0.18673644217808485
0.5	0.2	202	0.2578558248998784	0.0953248231422383	0.10412587412587411	0.16253100175764013
0.5	0.2	203	0.2797300206458476	0.09735654677537972	0.08895104895104898	0.1823734738704679
0.5	0.2	204	0.19726272032133355	0.02936182594571246	0.020419580419580422	0.16790089437562108
0.5	0.2	205	0.21279625194184162	0.03145180656375456	0.035174825174825175	0.18134444537808705
0.5	0.2	206	0.22833897801317918	0.00656351844688781	-0.0009090909090909054	0.22177545956629136
0.5	0.2	207	0.15007395144024405	-0.012003175002204863	-0.005454545454545454	0.1620771264424489
0.5	0.2	208	0.2712596883747836	0.0631946549962882	0.07720279720279721	0.2080650333784954
0.5	0.2	209	0.24848133227870295	0.055604573336509255	0.05482517482517484	0.1928767589421937
0.5	0.2	210	0.23527070504910072	0.04894842288084922	0.037412587412587434	0.1863222821682515
0.5	0.2	211	0.2937637942804127	0.08003681252556426	0.06881118881118882	0.21372698175484844
0.5	0.2	212	0.2542758501915626	0.06671324771753313	0.07713286713286711	0.1875626024740295
0.5	0.2	213	0.30400463472544076	0.09845876281858529	0.09552447552447553	0.20554587190685547
0.5	0.2	214	0.23817749873437413	0.07570232340439126	0.07412587412587414	0.16247517532998287
0.5	0.2	215	0.22203793891523535	0.05592391383605128	0.03776223776223777	0.16611402507918407
0.5	0.2	216	0.22501374653732398	0.013037231275855052	0.015594405594405596	0.21197651526146893
0.5	0.2	217	0.23987158324415503	0.09344973850676284	0.0844755244755245	0.14642184473739217
0.5	0.2	218	0.22447782255404344	0.03464378100262569	0.014825174825174824	0.18983404155141775
0.5	0.2	219	0.2386687490755202	0.05198275832135994	0.0355944055944056	0.18668599075416026
0.5	0.2	220	0.23700762292196037	0.03657558095526455	0.06034965034965037	0.2004320419666958
0.5	0.2	221	0.23700626180990403	0.04054320176611234	0.0427972027972028	0.1964630600437917
0.5	0.2	222	0.24630462243376558	-0.0012072161161223029	0.01111888111888112	0.24751183854988787
0.5	0.2	223	0.22858833929745787	0.06854831843633225	0.05265734265734265	0.16004002086112562
0.5	0.2	224	0.24405818337373844	0.08622530293423816	0.07517482517482517	0.15783288043950028
0.5	0.2	225	0.16488670478243386	-0.014697919929111061	-0.02202797202797203	0.17958462471154493
0.5	0.2	226	0.2333569189978604	0.057796554025384736	0.05293706293706294	0.17556036497247568
0.5	0.2	227	0.26625371267618936	0.07719503277432832	0.07972027972027973	0.18905867990186104
0.5	0.2	228	0.24607090004923615	0.034355211357785666	0.0427972027972028	0.2117156886914505
0.5	0.2	229	0.21432344744683848	0.02889289506451046	0.025314685314685312	0.18543055238232803
0.5	0.2	230	0.2436533705926185	0.0012915217302234237	0.020139860139860143	0.24236184886239506
0.5	0.2	231	0.2618191540410792	0.08292146036212525	0.10083916083916086	0.17889769367895395
0.5	0.2	232	0.28986817351956495	0.07536547594824719	0.06412587412587412	0.21450269757131776
0.5	0.2	233	0.17420410708618547	0.009389082909085354	0.007272727272727268	0.16481502417710012
0.5	0.2	234	0.21250400173889009	0.016973275675885885	0.0125874125874126	0.1955307260630042
0.5	0.2	235	0.22921197861942957	0.09123313974523593	0.07860139860139861	0.13797883887419365
0.5	0.2	236	0.2076803039446555	0.009972312480772556	-0.011818181818181825	0.19770799146388296
0.5	0.2	237	0.24273209217506403	0.014897503401044027	0.021958041958041963	0.22783458877402
0.5	0.2	238	0.27577215678622	0.08258034901413126	0.09013986013986015	0.19319180777208877
0.5	0.2	239	0.24227231407799588	0.07976699983819434	0.09111888111888114	0.16250531423980152
0.5	0.5	0	0.24024065988934715	0.08904149933437454	0.07755244755244757	0.15119916055497262
0.5	0.5	1	0.24106375768316507	0.12356279414082927	0.11671328671328673	0.1175009635423358
0.5	0.5	2	0.24091418813485285	0.0941290862007543	0.0825874125874126	0.14678510193409855
0.5	0.5	3	0.24731088007700006	0.06926838143637601	0.06391608391608393	0.17804249864062405
0.5	0.5	4	0.23859095041038222	0.1172537897595762	0.11622377622377625	0.12133716065080602
0.5	0.5	5	0.29043771558174686	0.11858643651835869	0.10958041958041959	0.17185127906338815
0.5	0.5	6	0.2427725158142471	0.11305297434234328	0.11209790209790212	0.12971954147190384
0.5	0.5	7	0.31701431737105373	0.1572328869672826	0.1386013986013986	0.15978143040377113
0.5	0.5	8	0.3356094483398947	0.16483123946613853	0.15573426573426574	0.17077820887375617
0.5	0.5	9	0.27379642624751827	0.13836271414077372	0.11601398601398602	0.13543371210674454
0.5	0.5	10	0.26060141013986815	0.11903091599369166	0.11167832167832169	0.1415704941461765
0.5	0.5	11	0.28768141505653827	0.13029559742749822	0.12867132867132872	0.15738581762904005
0.5	0.5	12	0.2608837089470201	0.09751851216563347	0.09412587412587413	0.16336519678138667
0.5	0.5	13	0.2823846961004834	0.12083424363489141	0.09930069930069933	0.16155045246559196
0.5	0.5	14	0.2950896146455657	0.11755872052688925	0.10062937062937063	0.17753089411867645
0.5	0.5	15	0.25088916728414395	0.08173578592762912	0.08727272727272728	0.16915338135651484
0.5	0.5	16	0.29472996856247813	0.10863106849379756	0.11706293706293706	0.18609890006868057
0.5	0.5	17	0.274542058709763	0.17522980918736747	0.15965034965034966	0.09931224952239553
0.5	0.5	18	0.25027102796599165	0.10194599440694055	0.09153846153846155	0.1483250335590511
0.5	0.5	19	0.22932439536416346	0.09769403312085635	0.09202797202797205	0.1316303622433071
0.5	0.5	20	0.30464540600375417	0.13736513705912293	0.12937062937062938	0.16728026894463124
0.5	0.5	21	0.2721054736843568	0.08823385988462491	0.08188811188811189	0.18387161379973188
0.5	0.5	22	0.2476631858772124	0.08589703881738807	0.0855944055944056	0.16176614705982434
0.5	0.5	23	0.27999622221959874	0.10408895422844044	0.08272727272727273	0.1759072679911583
0.5	0.5	24	0.31828753353300937	0.11760519972583315	0.10391608391608394	0.2006823338071762
0.5	0.5	25	0.24262936988150688	0.05581450403785003	0.06356643356643356	0.18681486584365686
0.5	0.5	26	0.29799135971622204	0.1075618038623638	0.08944055944055947	0.19042955585385823
0.5	0.5	27	0.23464691294924508	0.09347912047161143	0.08790209790209792	0.14116779247763367
0.5	0.5	28	0.30822665849073505	0.13809955423580153	0.12013986013986015	0.17012710425493352
0.5	0.5	29	0.29954814551954545	0.10168364700253264	0.08993006993006994	0.19786449851701282
0.5	0.5	30	0.2998121387584297	0.14103947294407843	0.11762237762237765	0.1587726658143513
0.5	0.5	31	0.313883558252471	0.1678279846027671	0.13503496503496504	0.1460555736497039
0.5	0.5	32	0.2147533019120152	0.09929581895542983	0.08867132867132867	0.11545748295658537
0.5	0.5	33	0.2922711126882727	0.1278653526842727	0.10755244755244757	0.164405760004
0.5	0.5	34	0.23807636671969912	0.12917368692617148	0.12916083916083917	0.10890267979352763
0.5	0.5	35	0.2297448748228297	0.08375082899363125	0.07314685314685315	0.14599404582919845
0.5	0.5	36	0.2222943279821722	0.11106283407141256	0.09272727272727271	0.11123149391075964
0.5	0.5	37	0.27598261526570506	0.1565454351009966	0.14944055944055948	0.11943718016470845
0.5	0.5	38	0.30799057499345484	0.13903792294300205	0.12433566433566436	0.1689526520504528
0.5	0.5	39	0.3291224368905811	0.18194532079536166	0.17153846153846156	0.14717711609521947
0.5	0.5	40	0.31276843942252736	0.12447950311076605	0.11034965034965039	0.1882889363117613
0.5	0.5	41	0.3110257159900805	0.18782056793094998	0.18587412587412586	0.12320514805913052
0.5	0.5	42	0.24655184482767	0.08930224951545106	0.10384615384615385	0.15724959531221894
0.5	0.5	43	0.1967383588460825	0.0627234532801759	0.043566433566433575	0.13401490556590662
0.5	0.5	44	0.2953992537494818	0.1205098753540801	0.11482517482517483	0.1748893783954017
0.5	0.5	45	0.2280454083648669	0.05005670837271414	0.056153846153846165	0.17798869999215275
0.5	0.5	46	0.26615815010982646	0.08030822938071484	0.07468531468531468	0.1858499207291116
0.5	0.5	47	0.291482980196514	0.11067105602156667	0.10237762237762238	0.1808119241749473
0.5	0.5	48	0.31354498857290874	0.14859917263831435	0.12314685314685317	0.1649458159345944
0.5	0.5	49	0.27175925816615154	0.05826912379800264	0.05006993006993006	0.2134901343681489
0.5	0.5	50	0.23629370575951786	0.10931949258298096	0.10160839160839162	0.1269742131765369
0.5	0.5	51	0.21414007926394396	0.11344739822735987	0.097972027972028	0.10069268103658409
0.5	0.5	52	0.2807278060609764	0.10602269168242477	0.10209790209790207	0.17470511437855163
0.5	0.5	53	0.26616467094768814	0.1499414930149257	0.15083916083916085	0.11622317793276243
0.5	0.5	54	0.2598741249125867	0.10803313752301218	0.10286713286713287	0.15184098738957452
0.5	0.5	55	0.290710264382128	0.12820095708399798	0.12223776223776225	0.16250930729813
0.5	0.5	56	0.2654572954564552	0.09510799660277543	0.07615384615384618	0.17034929885367978
0.5	0.5	57	0.22906555490663533	0.07325539809402645	0.06671328671328672	0.15581015681260887
0.5	0.5	58	0.2631162104973684	0.13007038199332083	0.1230769230769231	0.13304582850404756
0.5	0.5	59	0.2556755039413222	0.0990750271354355	0.10685314685314687	0.1566004768058867
0.5	0.5	60	0.28858192957078443	0.10405957920804111	0.09503496503496507	0.18452235036274334
0.5	0.5	61	0.2612637439331555	0.09109120214666816	0.06510489510489512	0.17017254178648733
0.5	0.5	62	0.252783411655147	0.0552071772272064	0.04216783216783218	0.1975762344279406
0.5	0.5	63	0.24221630015020842	0.13354698162984835	0.12111888111888115	0.10866931852036008
0.5	0.5	64	0.31977605540003845	0.12305027295157844	0.10489510489510492	0.19672578244846
0.5	0.5	65	0.26165829976270816	0.13384569711506744	0.12713286713286714	0.12781260264764072
0.5	0.5	66	0.2892081938945791	0.13587276102275073	0.13993006993006996	0.15333543287182835
0.5	0.5	67	0.26585199017499317	0.1281535889955479	0.10804195804195807	0.13769840117944526
0.5	0.5	68	0.2781621931681897	0.12572966370115535	0.12363636363636366	0.15243252946703434
0.5	0.5	69	0.290430590576799	0.12371059285457837	0.12342657342657343	0.16671999772222063
0.5	0.5	70	0.3247905311045355	0.1631464744072739	0.15741258741258743	0.1616440566972616
0.5	0.5	71	0.28348725242170303	0.0912054522260085	0.0902097902097902	0.19228180019569452
0.5	0.5	72	0.26094458398929443	0.06497411456535733	0.06384615384615384	0.1959704694239371
0.5	0.5	73	0.2159583930266618	0.07127782033181967	0.05090909090909092	0.14468057269484214
0.5	0.5	74	0.23708631047660447	0.07586043462530183	0.08496503496503499	0.16122587585130266
0.5	0.5	75	0.2565782406793338	0.10161654973371509	0.0746853146853147	0.15496169094561874
0.5	0.5	76	0.2560584694850483	0.13267679352555106	0.11545454545454546	0.12338167595949723
0.5	0.5	77	0.19796735969955534	0.05957693720620639	0.0483916083916084	0.13839042249334896
0.5	0.5	78	0.27109830631826826	0.10970131229257798	0.09776223776223776	0.16139699402569027
0.5	0.5	79	0.21807776255400174	0.08281498112151467	0.07818181818181819	0.13526278143248707
0.5	0.5	80	0.2816590219854319	0.12066781296375899	0.1253846153846154	0.1609912090216729
0.5	0.5	81	0.3002636112941745	0.15105532712175496	0.1395804195804196	0.14920828417241955
0.5	0.5	82	0.3066147823713766	0.13483613530287172	0.09468531468531471	0.1717786470685049
0.5	0.5	83	0.27805631115021606	0.08880567972616647	0.0851048951048951	0.18925063142404958
0.5	0.5	84	0.2308488339228013	0.06265009211811952	0.05566433566433568	0.1681987418046818
0.5	0.5	85	0.2940980792347772	0.1280200889028395	0.11300699300699302	0.1660779903319377
0.5	0.5	86	0.2107329866201296	0.017128970228451546	0.0016083916083916045	0.19360401639167804
0.5	0.5	87	0.2833707940074958	0.14046136143150098	0.1398601398601399	0.14290943257599484
0.5	0.5	88	0.29557353164828587	0.14249267534213567	0.13405594405594404	0.1530808563061502
0.5	0.5	89	0.336088636172664	0.20109287575894147	0.20300699300699304	0.13499576041372252
0.5	0.5	90	0.2653770384562767	0.09092968814561676	0.07853146853146856	0.17444735031065994
0.5	0.5	91	0.2946852601980974	0.11482694779649154	0.10293706293706295	0.17985831240160582
0.5	0.5	92	0.2571457966290254	0.09989356937053429	0.09937062937062939	0.15725222725849114
0.5	0.5	93	0.25267397407914866	0.09829254742538017	0.10706293706293708	0.15438142665376847
0.5	0.5	94	0.2709124103558405	0.11291296035622247	0.1128671328671329	0.15799944999961804
0.5	0.5	95	0.26285202281390474	0.14953552745522738	0.1284615384615385	0.11331649535867735
0.5	0.5	96	0.2826508907297852	0.1351630591410133	0.13874125874125876	0.14748783158877193
0.5	0.5	97	0.2958383721099806	0.11283368252339063	0.106013986013986	0.18300468958658997
0.5	0.5	98	0.25905802712362996	0.08371025952101356	0.07202797202797204	0.1753477676026164
0.5	0.5	99	0.2728728006061115	0.11159445249614756	0.09951048951048952	0.16127834810996394
0.5	0.5	100	0.350281000195139	0.15412746119962584	0.16608391608391607	0.1961535389955132
0.5	0.5	101	0.29850186701518544	0.11342096070900048	0.10636363636363638	0.18508090630618496
0.5	0.5	102	0.2768760464416989	0.15321114111884798	0.1416783216783217	0.1236649053228509
0.5	0.5	103	0.2898329790506799	0.13143232738356067	0.12741258741258743	0.15840065166711922
0.5	0.5	104	0.2663631710855354	0.11391596799719998	0.10188811188811192	0.15244720308833543
0.5	0.5	105	0.3465171225813351	0.17997140970236786	0.16139860139860143	0.16654571287896724
0.5	0.5	106	0.22958919415916262	0.09321205084170196	0.06517482517482519	0.13637714331746065
0.5	0.5	107	0.29015413899592984	0.1295213538342735	0.12671328671328674	0.16063278516165636
0.5	0.5	108	0.2557538789957493	0.11353450939896485	0.09685314685314685	0.14221936959678444
0.5	0.5	109	0.2770003937502734	0.116480053111148	0.09671328671328676	0.1605203406391254
0.5	0.5	110	0.27833029745159543	0.13681792834578357	0.12433566433566436	0.14151236910581186
0.5	0.5	111	0.240045909754104	0.09750167187616102	0.07531468531468531	0.142544237877943
0.5	0.5	112	0.2374395329441201	0.133052134063982	0.12762237762237763	0.1043873988801381
0.5	0.5	113	0.3461969973590259	0.11530463562821919	0.11888111888111888	0.23089236173080674
0.5	0.5	114	0.266650921285362	0.09472706578268458	0.08853146853146855	0.17192385550267741
0.5	0.5	115	0.263665273378662	0.07491673952551356	0.08055944055944055	0.18874853385314846
0.5	0.5	116	0.2666704351878022	0.16193230689743535	0.15244755244755245	0.10473812829036686
0.5	0.5	117	0.2643808363755808	0.110936535372594	0.10664335664335667	0.15344430100298678
0.5	0.5	118	0.2802127570921924	0.1295873191578605	0.11769230769230772	0.1506254379343319
0.5	0.5	119	0.2541909820770709	0.1211464799628333	0.10482517482517485	0.13304450211423763
0.5	0.5	120	0.29133020231264056	0.13756311636327526	0.12412587412587413	0.1537670859493653
0.5	0.5	121	0.2573867759630389	0.08232382105820907	0.06363636363636366	0.17506295490482982
0.5	0.5	122	0.25994084718114385	0.10101683403946807	0.0955944055944056	0.15892401314167579
0.5	0.5	123	0.2712040425028073	0.11011306952296496	0.1106993006993007	0.16109097297984232
0.5	0.5	124	0.27981483320474526	0.1463017543762183	0.12307692307692308	0.13351307882852695
0.5	0.5	125	0.25746391490549647	0.11572838592249023	0.1153846153846154	0.14173552898300623
0.5	0.5	126	0.29027470157965385	0.15332114119523693	0.13300699300699304	0.13695356038441692
0.5	0.5	127	0.30531315646746976	0.14622320571055952	0.13545454545454547	0.15908995075691024
0.5	0.5	128	0.3047992741661626	0.10960429833631828	0.09475524475524479	0.1951949758298443
0.5	0.5	129	0.23803095696594234	0.11294593954579134	0.09951048951048952	0.125085017420151
0.5	0.5	130	0.23840466555879553	0.07679785194295274	0.07132867132867134	0.16160681361584278
0.5	0.5	131	0.27846699199096664	0.10161561223306406	0.09503496503496506	0.17685137975790258
0.5	0.5	132	0.23313505773267898	0.058688269922409664	0.0637062937062937	0.17444678781026932
0.5	0.5	133	0.24275105052156287	0.11411462091293119	0.10391608391608395	0.1286364296086317
0.5	0.5	134	0.28401707917852725	0.15169351506494103	0.1551048951048951	0.13232356411358623
0.5	0.5	135	0.29715217163345253	0.08012567369838451	0.06895104895104895	0.217026497935068
0.5	0.5	136	0.29797605415003764	0.1518242859890875	0.11867132867132868	0.14615176816095013
0.5	0.5	137	0.2859152471633661	0.0883017071539633	0.08601398601398604	0.1976135400094028
0.5	0.5	138	0.210319132166064	0.08343836349886354	0.0655944055944056	0.12688076866720044
0.5	0.5	139	0.31150656354622464	0.14073088939645098	0.1258041958041958	0.17077567414977365
0.5	0.5	140	0.26734217870984633	0.03776842206140421	0.030209790209790213	0.22957375664844212
0.5	0.5	141	0.2685718045637531	0.09624403905836046	0.08132867132867132	0.17232776550539267
0.5	0.5	142	0.28860181847348504	0.08842459612819176	0.08265734265734266	0.20017722234529328
0.5	0.5	143	0.300908417297512	0.13421660709486605	0.13517482517482518	0.16669181020264595
0.5	0.5	144	0.2856002191668188	0.0502005418059318	0.040839160839160844	0.23539967736088702
0.5	0.5	145	0.25223773072064637	0.11604162919557583	0.11006993006993009	0.13619610152507056
0.5	0.5	146	0.2697878054081982	0.12149325103697987	0.09020979020979021	0.1482945543712183
0.5	0.5	147	0.22852901286737004	0.06453571148313297	0.0472027972027972	0.16399330138423707
0.5	0.5	148	0.2235203566113588	0.08765635948358297	0.0906993006993007	0.13586399712777583
0.5	0.5	149	0.27303795349857884	0.11619768485950338	0.11405594405594406	0.15684026863907546
0.5	0.5	150	0.21392775967205535	0.10377401650973368	0.09748251748251749	0.11015374316232167
0.5	0.5	151	0.23440749611631675	0.09180569569839979	0.08559440559440563	0.14260180041791698
0.5	0.5	152	0.25052711842161	0.07724169252895315	0.06538461538461539	0.17328542589265689
0.5	0.5	153	0.2250846354754413	0.08418772513036468	0.09440559440559441	0.14089691034507662
0.5	0.5	154	0.34093584787211656	0.15627034463218378	0.1514685314685315	0.18466550323993278
0.5	0.5	155	0.30628577519845496	0.10408718339387736	0.1014685314685315	0.2021985918045776
0.5	0.5	156	0.3023504738544957	0.12978518735082456	0.1283916083916084	0.17256528650367114
0.5	0.5	157	0.21299777291512006	0.05148655658788652	0.06454545454545454	0.16151121632723353
0.5	0.5	158	0.3261331709258131	0.13408945422878765	0.13454545454545455	0.19204371669702547
0.5	0.5	159	0.2543874822135293	0.10861715181746655	0.09762237762237763	0.14577033039606274
0.5	0.5	160	0.27576470539215653	0.10771910952715939	0.08874125874125874	0.16804559586499712
0.5	0.5	161	0.2520128625089323	0.10444546836490858	0.10720279720279721	0.1475673941440237
0.5	0.5	162	0.2758185943184683	0.11020048625033767	0.09993006993006995	0.1656181080681306
0.5	0.5	163	0.2866050670868521	0.13924874947829824	0.1270629370629371	0.1473563176085539
0.5	0.5	164	0.2698429860020736	0.10942258293234926	0.10965034965034967	0.16042040306972438
0.5	0.5	165	0.24500990625687935	0.09329338423151683	0.08657342657342657	0.1517165220253625
0.5	0.5	166	0.24632037938915233	0.08040316000219445	0.08111888111888112	0.16591721938695786
0.5	0.5	167	0.22450046840310306	0.052705293545342737	0.05657342657342659	0.17179517485776033
0.5	0.5	168	0.24823280432833636	0.08559742055376428	0.1076923076923077	0.1626353837745721
0.5	0.5	169	0.2412246744615795	0.04957143720238694	0.017972027972027974	0.19165323725919256
0.5	0.5	170	0.23500078125054255	0.0704379308596742	0.07286713286713288	0.16456285039086835
0.5	0.5	171	0.283917113831329	0.12370155118163276	0.11601398601398605	0.16021556264969625
0.5	0.5	172	0.2770628729603285	0.09256373789148463	0.07307692307692307	0.18449913506884386
0.5	0.5	173	0.25309127298005063	0.11929777729012313	0.1120979020979021	0.1337934956899275
0.5	0.5	174	0.2789833812384592	0.12683308113408412	0.12804195804195806	0.1521503001043751
0.5	0.5	175	0.2811153688301173	0.14715952580522626	0.13356643356643358	0.13395584302489102
0.5	0.5	176	0.29302862710321326	0.15033737523428833	0.1355944055944056	0.14269125186892492
0.5	0.5	177	0.24491196174441787	0.07571377480123251	0.08594405594405596	0.16919818694318536
0.5	0.5	178	0.2584713947718019	0.14417255150871633	0.12636363636363637	0.11429884326308559
0.5	0.5	179	0.27730272034911135	0.10197164720253278	0.09741258741258743	0.1753310731465786
0.5	0.5	180	0.2615245427253769	0.13096000066666713	0.12132867132867135	0.13056454205870976
0.5	0.5	181	0.2705752781772765	0.11907311741188709	0.1020979020979021	0.15150216076538942
0.5	0.5	182	0.21461169764701227	0.09971373591231661	0.09706293706293706	0.11489796173469566
0.5	0.5	183	0.2956359830805438	0.14969004839586694	0.12545454545454546	0.14594593468467684
0.5	0.5	184	0.2800441875306858	0.13093639648360866	0.13104895104895103	0.1491077910470771
0.5	0.5	185	0.2567350880104778	0.10904672850467258	0.10867132867132868	0.14768835950580522
0.5	0.5	186	0.33143958433304466	0.10612183758460941	0.10867132867132867	0.22531774674843524
0.5	0.5	187	0.19302259932124954	0.049306374518315634	0.061678321678321685	0.14371622480293392
0.5	0.5	188	0.24227784185961238	0.06574627482380196	0.05706293706293707	0.1765315670358104
0.5	0.5	189	0.25054825732517866	0.0801548889964507	0.07993006993006994	0.17039336832872798
0.5	0.5	190	0.29076109080631307	0.10055762538723985	0.0811888111888112	0.19020346541907324
0.5	0.5	191	0.298738533846204	0.1369083728530367	0.13	0.16183016099316733
0.5	0.5	192	0.2655793372078731	0.10018370151645939	0.08202797202797203	0.1653956356914137
0.5	0.5	193	0.2853324342586349	0.09420275291857842	0.10923076923076923	0.19112968134005648
0.5	0.5	194	0.22659419902374933	0.06167897338817596	0.055804195804195815	0.16491522563557337
0.5	0.5	195	0.25638100443125306	0.09342796765831089	0.07811188811188811	0.16295303677294215
0.5	0.5	196	0.3162551571216369	0.1071825049878507	0.08545454545454545	0.20907265213378617
0.5	0.5	197	0.24625083767419284	0.07222768210255702	0.06762237762237763	0.17402315557163583
0.5	0.5	198	0.23246721004667364	0.08635270580049013	0.07979020979020979	0.1461145042461835
0.5	0.5	199	0.28635189329992594	0.12166620254597399	0.13069930069930072	0.16468569075395195
0.5	0.5	200	0.2683545405239865	0.07156561219834182	0.08741258741258742	0.19678892832564468
0.5	0.5	201	0.28083297280067554	0.14067071574355258	0.13048951048951052	0.14016225705712296
0.5	0.5	202	0.21659798374859984	0.12628597658748375	0.12839160839160838	0.09031200716111609
0.5	0.5	203	0.22771183868877684	0.10251188368880812	0.09209790209790211	0.12519995499996872
0.5	0.5	204	0.22026257657123374	0.08935004815975567	0.07804195804195806	0.13091252841147807
0.5	0.5	205	0.2802692987981242	0.1002835279746722	0.07622377622377624	0.17998577082345196
0.5	0.5	206	0.2519223693905343	0.11249420312097438	0.10769230769230768	0.13942816626955992
0.5	0.5	207	0.24411128757728304	0.09835610996952081	0.09454545454545454	0.14575517760776224
0.5	0.5	208	0.3068977686790061	0.13266573796231804	0.11321678321678325	0.17423203071668805
0.5	0.5	209	0.3009193339717597	0.14418246818226957	0.1397902097902098	0.15673686578949012
0.5	0.5	210	0.31312446050309756	0.1254603579585819	0.13363636363636366	0.18766410254451565
0.5	0.5	211	0.2783451724619253	0.13759494277426582	0.1083916083916084	0.1407502296876595
0.5	0.5	212	0.30276865470045466	0.14607408060700042	0.11293706293706293	0.15669457409345425
0.5	0.5	213	0.2811224243905725	0.10963784002627779	0.12524475524475526	0.1714845843642947
0.5	0.5	214	0.304363440530167	0.1292648675450469	0.11027972027972027	0.1750985729851201
0.5	0.5	215	0.27984518739249126	0.12379415541260792	0.11776223776223775	0.15605103197988335
0.5	0.5	216	0.25706421323903694	0.07332602314307163	0.06832167832167835	0.18373819009596531
0.5	0.5	217	0.28295514094107005	0.15017909734659537	0.14468531468531468	0.13277604359447467
0.5	0.5	218	0.3081362625946268	0.1340308152991773	0.13734265734265735	0.1741054472954495
0.5	0.5	219	0.2636188775131094	0.09973738176207066	0.0774825174825175	0.16388149575103877
0.5	0.5	220	0.29036890997840975	0.13849726284532143	0.13503496503496504	0.15187164713308832
0.5	0.5	221	0.31928957589553886	0.15455323927308282	0.1525874125874126	0.16473633662245604
0.5	0.5	222	0.2621003209030006	0.10835779747069267	0.11566433566433569	0.15374252343230793
0.5	0.5	223	0.1784433947523575	0.07266898102012571	0.07713286713286716	0.10577441373223177
0.5	0.5	224	0.19578235818219317	0.056047469477409365	0.04356643356643358	0.1397348887047838
0.5	0.5	225	0.3006463198932777	0.06543157321637029	0.062237762237762256	0.23521474667690745
0.5	0.5	226	0.28925756198441804	0.10967090254923788	0.10790209790209791	0.17958665943518015
0.5	0.5	227	0.26896754789413047	0.13147802880418666	0.12930069930069935	0.1374895190899438
0.5	0.5	228	0.22064157683442837	0.06153930662451849	0.06000000000000001	0.15910227020990989
0.5	0.5	229	0.25596181664015044	0.11670478243387669	0.10447552447552448	0.13925703420627375
0.5	0.5	230	0.30094189648742814	0.1460574625399045	0.129020979020979	0.15488443394752363
0.5	0.5	231	0.24980110402854444	0.14949433992662492	0.1561538461538462	0.10030676410191952
0.5	0.5	232	0.2713608620561542	0.10949606909449243	0.10181818181818184	0.16186479296166173
0.5	0.5	233	0.28382850960313166	0.12766056781983876	0.12524475524475526	0.1561679417832929
0.5	0.5	234	0.2783407002365974	0.09953327050921562	0.09930069930069932	0.17880742972738178
0.5	0.5	235	0.2661149486909366	0.08183197349442603	0.07	0.18428297519651057
0.5	0.5	236	0.24293689092839646	0.14446776004705558	0.1298601398601399	0.09846913088134088
0.5	0.5	237	0.26064247961283304	0.1328467728102589	0.11615384615384616	0.12779570680257415
0.5	0.5	238	0.2644419058624346	0.09677394220412652	0.06902097902097902	0.16766796365830808
0.5	0.5	239	0.31783206099448674	0.10530525368420394	0.09776223776223775	0.21252680731028278
1.0	0.05	0	0.5568827131129952	0.06224298072429217	0.046573426573426564	0.494639732388703
1.0	0.05	1	0.47536696206039036	-0.005081420195430691	0.003986013986013987	0.48044838225582104
1.0	0.05	2	0.4577576303872433	-0.057885595753885945	-0.04713286713286714	0.5156432261411292
1.0	0.05	3	0.4824368697478262	-0.032926738143568154	-0.05706293706293707	0.5153636078913943
1.0	0.05	4	0.4768361505806601	0.007970568035116692	0.015944055944055947	0.4688655825455434
1.0	0.05	5	0.5226313351606494	0.0037324262030737523	-0.00013986013986013978	0.5188989089575756
1.0	0.05	6	0.5050423368349561	-0.008789228325853004	-0.012797202797202801	0.5138315651608092
1.0	0.05	7	0.4808308825214461	-0.022388258602957362	-0.010979020979020974	0.5032191411244035
1.0	0.05	8	0.45074752829689463	-0.007147609130284119	-0.009510489510489509	0.45789513742717874
1.0	0.05	9	0.4285496795483886	0.0165268864770045	0.011888111888111895	0.41202279307138406
1.0	0.05	10	0.518671811577647	-0.05353644690031034	-0.05293706293706295	0.5722082584779573
1.0	0.05	11	0.5608815561677474	0.08638368498867013	0.0618881118881119	0.47449787117907727
1.0	0.05	12	0.5152868995047913	0.02405851670730327	0.025664335664335666	0.4912283827974881
1.0	0.05	13	0.5265534420510015	0.03282351584966379	0.03699300699300699	0.4937299262013377
1.0	0.05	14	0.5615085218809179	0.08503118404943336	0.06853146853146853	0.4764773378314846
1.0	0.05	15	0.559799583194155	-0.003969474978802069	0.021678321678321684	0.5637690581729571
1.0	0.05	16	0.5158000456944761	0.0203939586069157	0.015314685314685317	0.49540608708756045
1.0	0.05	17	0.562101529237173	0.006618039318082859	-0.006503496503496515	0.5554834899190901
1.0	0.05	18	0.5526831893633259	0.029494638537943426	0.022797202797202796	0.5231885508253825
1.0	0.05	19	0.5344416211400146	0.042202952918717306	0.039020979020979014	0.4922386682212973
1.0	0.05	20	0.5143226905018684	0.046789414437093356	0.039370629370629386	0.46753327606477507
1.0	0.05	21	0.5329256339761347	0.007358373165536921	0.009510489510489514	0.5255672608105978
1.0	0.05	22	0.5108953408995422	0.05618524040641695	0.04412587412587412	0.4547101004931253
1.0	0.05	23	0.5366970115951469	0.006167205671670606	0.012307692307692308	0.5305298059234763
1.0	0.05	24	0.5290323326613421	0.011036535442038501	0.002307692307692301	0.5179957972193036
1.0	0.05	25	0.5061144486905894	0.016357490526035086	0.021608391608391616	0.48975695816455433
1.0	0.05	26	0.46856363094696596	-0.08921774945677045	-0.08104895104895107	0.5577813804037364
1.0	0.05	27	0.4504140558430943	0.037291018952096494	0.050629370629370646	0.41312303689099783
1.0	0.05	28	0.5553740592875411	0.04498092707008824	0.03468531468531469	0.5103931322174529
1.0	0.05	29	0.4143620585847629	-0.016294379371096783	-0.03475524475524476	0.43065643795585967
1.0	0.05	30	0.43293596037219473	-0.02872860328375228	-0.030629370629370635	0.461664563655947
1.0	0.05	31	0.5414187787630408	0.018580714292162702	0.012517482517482517	0.5228380644708781
1.0	0.05	32	0.5017566748310242	0.03914045079197972	0.03412587412587412	0.46261622403904445
1.0	0.05	33	0.48384886378393316	0.012708064380600265	0.011748251748251747	0.47114079940333287
1.0	0.05	34	0.5630831688077561	-0.0166234559885111	-0.03398601398601398	0.5797066247962672
1.0	0.05	35	0.5287114088273672	-0.010225659878930472	-0.0024475524475524374	0.5389370687062977
1.0	0.05	36	0.5210189243186975	9.062506293407148e-05	0.008181818181818188	0.5209282992557633
1.0	0.05	37	0.5220346750240799	0.06402762085251448	0.06937062937062939	0.4580070541715654
1.0	0.05	38	0.4955759622055293	-0.02316207164032753	-0.0036363636363636303	0.5187380338458568
1.0	0.05	39	0.5336476691997702	0.029316471747549824	0.010419580419580425	0.5043311974522204
1.0	0.05	40	0.45661806709587993	0.004066245879337416	-0.016083916083916083	0.4525518212165425
1.0	0.05	41	0.5208542158709832	-0.011269889770756785	0.0036363636363636307	0.5321241056417401
1.0	0.05	42	0.4650401354445385	-0.024277787692908122	-0.046713286713286735	0.4893179231374466
1.0	0.05	43	0.5320446472532272	0.005053052120175083	0.00041958041958041925	0.5269915951330522
1.0	0.05	44	0.5022295848816561	0.05468274630746272	0.051188811188811204	0.4475468385741934
1.0	0.05	45	0.5139455999622221	0.04624662239348777	0.04412587412587413	0.46769897756873435
1.0	0.05	46	0.48226342518293414	0.02235783497071873	0.011538461538461532	0.4599055902122154
1.0	0.05	47	0.4653256773094981	-0.014213461259348097	-0.017902097902097906	0.47953913856884617
1.0	0.05	48	0.5174201718195637	0.010442389196103609	0.029860139860139866	0.50697778262346
1.0	0.05	49	0.536558969832618	0.00264075183385544	0.007342657342657345	0.5339182179987625
1.0	0.05	50	0.5607356185664019	0.024973559009415978	0.023916083916083925	0.5357620595569859
1.0	0.05	51	0.5482281237695305	0.060861813098481314	0.07286713286713288	0.48736631067104913
1.0	0.05	52	0.5305326462032265	0.0425841267945325	0.04447552447552449	0.487948519408694
1.0	0.05	53	0.4664503794794302	0.02774690815757511	0.02874125874125874	0.43870347132185505
1.0	0.05	54	0.476460025319462	0.026414650287951588	0.02083916083916084	0.45004537503151043
1.0	0.05	55	0.4832608703200488	0.057353748162325115	0.05132867132867134	0.42590712215772364
1.0	0.05	56	0.48944858989485407	0.04817771401230139	0.052167832167832176	0.44127087588255265
1.0	0.05	57	0.48248577255956426	0.037024609044867395	0.02797202797202798	0.4454611635146969
1.0	0.05	58	0.5473033522939946	0.04892112425078073	0.06034965034965035	0.4983822280432139
1.0	0.05	59	0.50217810567924	-0.0030066895879788808	0.020839160839160847	0.5051847952672189
1.0	0.05	60	0.47674974079843113	-0.05441239889749923	-0.06055944055944057	0.5311621396959304
1.0	0.05	61	0.49334862038098637	0.008532644814336677	-0.0021678321678321594	0.4848159755666497
1.0	0.05	62	0.5017505428823215	0.03308757158859138	0.039510489510489515	0.4686629712937301
1.0	0.05	63	0.50160333444676	0.007977929151339689	0.001258741258741258	0.49362540529542026
1.0	0.05	64	0.6276163733447037	0.02675125468837131	0.025594405594405602	0.6008651186563323
1.0	0.05	65	0.5363713655356706	0.031388188464019764	0.03692307692307692	0.5049831770716507
1.0	0.05	66	0.4480954361773863	0.03906270768243589	0.0234965034965035	0.4090327284949504
1.0	0.05	67	0.5347193227217519	-0.03186719574110815	-0.029510489510489513	0.5665865184628601
1.0	0.05	68	0.4762831849188784	-0.015043579891374925	-0.03006993006993008	0.49132676481025334
1.0	0.05	69	0.5040519403138475	0.03575149010520146	0.020769230769230762	0.468300450208646
1.0	0.05	70	0.5150053159759138	0.04026402101668126	0.03475524475524476	0.47474129495923256
1.0	0.05	71	0.43309772437341976	-0.011354174551510105	-0.01853146853146853	0.44445189892492987
1.0	0.05	72	0.456327421060709	-0.014614114315357161	-0.0027272727272727344	0.47094153537606614
1.0	0.05	73	0.4503603683058114	0.006017156956358997	0.005734265734265735	0.44434321134945237
1.0	0.05	74	0.517455838510999	-0.02155470941299265	-0.022937062937062942	0.5390105479239916
1.0	0.05	75	0.5515946886074226	0.05169606367782199	0.04335664335664336	0.4998986249296006
1.0	0.05	76	0.4802815488066311	0.02049325728698423	0.029930069930069934	0.45978829151964684
1.0	0.05	77	0.4724364044697253	0.002625133767454005	-0.0013986013986013969	0.4698112707022713
1.0	0.05	78	0.46950833299189787	0.04010191673744217	0.03776223776223777	0.4294064162544557
1.0	0.05	79	0.49781863042960445	0.044562024001405555	0.030069930069930074	0.45325660642819887
1.0	0.05	80	0.46718658137957036	-0.03049699340068986	-0.017342657342657344	0.4976835747802602
1.0	0.05	81	0.41360675250468926	-0.003663551155243858	0.009370629370629371	0.4172703036599331
1.0	0.05	82	0.44556271914077716	-0.005074871579771931	0.0016083916083916056	0.4506375907205491
1.0	0.05	83	0.5131253216148067	0.0004702503265627268	0.013986013986013995	0.512655071288244
1.0	0.05	84	0.5021560917750637	-0.03962348584964295	-0.03174825174825176	0.5417795776247066
1.0	0.05	85	0.4404859795041524	0.0064787475546858025	-0.003986013986013982	0.4340072319494666
1.0	0.05	86	0.486088427839186	-0.00922090918118693	-0.006783216783216782	0.49530933702037294
1.0	0.05	87	0.4638580721236612	0.07551219132791064	0.05643356643356643	0.38834588079575055
1.0	0.05	88	0.44506590629576825	0.03338129401478751	0.011678321678321679	0.41168461228098074
1.0	0.05	89	0.49520628139325096	0.046408504450350316	0.042657342657342674	0.44879777694290063
1.0	0.05	90	0.5325179531374675	0.025034440996139582	0.024055944055944068	0.5074835121413279
1.0	0.05	91	0.49692906036740303	0.02681094917427026	0.04174825174825175	0.4701181111931328
1.0	0.05	92	0.5299176041094472	0.020746660240736278	0.027902097902097907	0.509170943868711
1.0	0.05	93	0.49593467773241506	0.08342944682600474	0.09566433566433569	0.41250523090641034
1.0	0.05	94	0.4362133237592526	-0.012101536181622349	-0.004685314685314678	0.44831485994087494
1.0	0.05	95	0.5630356271080744	0.06441448223227933	0.06090909090909093	0.4986211448757951
1.0	0.05	96	0.4785279364777337	-0.031653403925974946	-0.03244755244755246	0.5101813404037087
1.0	0.05	97	0.5027739741485932	0.02402479446166282	0.027832167832167826	0.4787491796869303
1.0	0.05	98	0.5005422781543598	0.0007033060439625306	0.002027972027972021	0.4998389721103973
1.0	0.05	99	0.486187504296878	0.027442519057304902	0.007202797202797195	0.45874498523957313
1.0	0.05	100	0.512425966962477	0.01302636321275223	0.02111888111888112	0.49939960374972475
1.0	0.05	101	0.504837781137348	0.010398403054446564	0.02202797202797203	0.49443937808290145
1.0	0.05	102	0.5288181589014993	0.04533146203573752	0.03370629370629372	0.4834866968657618
1.0	0.05	103	0.5423137724401197	0.0030030784743600514	-0.0016783216783216827	0.5393106939657596
1.0	0.05	104	0.459408478755888	0.0037182664710183827	0.0019580419580419606	0.4556902122848696
1.0	0.05	105	0.5103690558118443	0.04092337564123308	0.036993006993007	0.4694456801706113
1.0	0.05	106	0.467980019430569	-0.004854676982414571	0.0032867132867132865	0.4728346964129836
1.0	0.05	107	0.4286700129652868	0.024810392229439048	0.0213986013986014	0.40385962073584775
1.0	0.05	108	0.49211075841024887	0.03351389827354047	0.046713286713286714	0.4585968601367084
1.0	0.05	109	0.5416560705944935	0.04988266658518513	0.06328671328671329	0.49177340400930836
1.0	0.05	110	0.5418144109822298	-0.02090870201993196	-0.014615384615384615	0.5627231130021618
1.0	0.05	111	0.5628628700436598	-0.01914857579762208	-0.024685314685314694	0.5820114458412818
1.0	0.05	112	0.5257954831913078	0.04602853196425831	0.031678321678321686	0.47976695122704943
1.0	0.05	113	0.49152765383864855	0.00805179725819254	0.01839160839160839	0.483475856580456
1.0	0.05	114	0.40762300529375367	-0.022431619744180377	-0.02216783216783218	0.43005462503793407
1.0	0.05	115	0.5528040019472236	0.047982734710232434	0.03139860139860141	0.5048212672369912
1.0	0.05	116	0.48343182182765404	0.010110145909823549	-0.002587412587412584	0.4733216759178305
1.0	0.05	117	0.5041017875706858	0.0045722809529728835	0.010979020979020974	0.4995295066177129
1.0	0.05	118	0.47776353316912024	-0.047656303927988836	-0.036853146853146855	0.525419837097109
1.0	0.05	119	0.4748420450291979	0.06437091275757831	0.050069930069930095	0.4104711322716196
1.0	0.05	120	0.5692387216935567	-0.028115477857970732	-0.012377622377622377	0.5973541995515275
1.0	0.05	121	0.49811252646703225	0.03055447260727264	0.020699300699300694	0.4675580538597596
1.0	0.05	122	0.43827423491266315	0.0065366295393260694	-0.0026573426573426578	0.4317376053733371
1.0	0.05	123	0.5212694383815545	0.017615178899429793	0.019510489510489514	0.5036542594821247
1.0	0.05	124	0.4905238614749038	0.06346319684944225	0.05664335664335666	0.42706066462546155
1.0	0.05	125	0.5587074088245895	0.05445180864708934	0.05440559440559442	0.5042556001775002
1.0	0.05	126	0.5018368276644637	-0.008083866724907447	0.001818181818181821	0.5099206943893712
1.0	0.05	127	0.5286047698644235	-0.004466739213013341	-0.005524475524475526	0.5330715090774368
1.0	0.05	128	0.5723508766325531	0.05341859959624972	0.03307692307692307	0.5189322770363034
1.0	0.05	129	0.5466766088032005	0.027413921815223483	0.018741258741258742	0.519262686987977
1.0	0.05	130	0.5090868326991893	0.026495685066447963	0.03426573426573427	0.48259114763274136
1.0	0.05	131	0.550989674298385	0.018343228016130565	0.02503496503496504	0.5326464462822544
1.0	0.05	132	0.4884813739453986	-0.006693740759542194	-0.013216783216783212	0.4951751147049408
1.0	0.05	133	0.5271770466507268	-0.006079045888226312	-0.0020979020979021044	0.5332560925389531
1.0	0.05	134	0.5240322944668712	-0.029114846607532364	-0.03902097902097903	0.5531471410744035
1.0	0.05	135	0.4935209330006479	0.016708706047712532	0.005594405594405596	0.4768122269529354
1.0	0.05	136	0.4909504451044758	0.009516214941815931	0.009370629370629375	0.48143423016265985
1.0	0.05	137	0.45878896443678086	0.012582765682476169	0.013356643356643352	0.4462061987543047
1.0	0.05	138	0.4950454826704741	0.044142141765376224	0.06167832167832168	0.45090334090509787
1.0	0.05	139	0.5563325738420652	0.0004217711262299488	0.0020979020979020953	0.5559108027158353
1.0	0.05	140	0.5750196493192009	0.04424611405980143	0.03776223776223776	0.5307735352593995
1.0	0.05	141	0.45893472148244546	0.050909195075829916	0.05146853146853147	0.40802552640661555
1.0	0.05	142	0.5258406776671373	0.010980736792178328	0.005454545454545454	0.5148599408749589
1.0	0.05	143	0.48133474398246107	-0.007833054050731978	-0.004335664335664338	0.48916779803319305
1.0	0.05	144	0.5126510504521183	0.06521712167855671	0.06762237762237762	0.44743392877356164
1.0	0.05	145	0.4049834756829692	-0.028060193097356315	-0.029860139860139866	0.4330436687803255
1.0	0.05	146	0.5073566926088143	-0.0006722990779854708	-0.006223776223776229	0.5080289916867998
1.0	0.05	147	0.5401064931295091	-0.0026373698870624214	-0.013216783216783221	0.5427438630165715
1.0	0.05	148	0.5056628094880622	0.0561797612359453	0.054335664335664335	0.4494830482521169
1.0	0.05	149	0.4659806291532147	0.03582817071400744	0.030909090909090914	0.43015245843920724
1.0	0.05	150	0.513788120686195	0.04220545292045341	0.04174825174825176	0.47158266776574154
1.0	0.05	151	0.539146235518219	-0.03295533538564958	-0.018881118881118885	0.5721015709038686
1.0	0.05	152	0.5131638841415862	0.053247266143934824	0.0474825174825175	0.4599166179976514
1.0	0.05	153	0.5374022690293535	-0.03827752658161568	-0.03363636363636363	0.5756797956109692
1.0	0.05	154	0.45267007129866066	0.016820088069505603	0.008951048951048953	0.4358499832291551
1.0	0.05	155	0.477617630290021	0.002115022302098821	-0.005174825174825181	0.4755026079879222
1.0	0.05	156	0.5764771086646587	0.06641329612034452	0.039720279720279715	0.5100638125443142
1.0	0.05	157	0.5339290999507639	0.032284154363996086	0.021328671328671323	0.5016449455867678
1.0	0.05	158	0.512914064523656	0.01857072122966752	0.018251748251748256	0.49434334329398844
1.0	0.05	159	0.5619055638233081	0.008238116832025577	0.006293706293706299	0.5536674469912826
1.0	0.05	160	0.5445937045789615	0.011566723310224519	-0.0010489510489510568	0.5330269812687369
1.0	0.05	161	0.5134322384946101	0.01920433972523592	0.02776223776223776	0.4942278987693741
1.0	0.05	162	0.5379850472118384	0.030250826563074002	0.029370629370629377	0.5077342206487644
1.0	0.05	163	0.4800626250434896	-0.023136793844995725	-0.026433566433566435	0.5031994188884853
1.0	0.05	164	0.49718909527020505	0.01862529071200744	0.026293706293706295	0.47856380455819764
1.0	0.05	165	0.46434855163093863	0.04932436064191712	0.009370629370629373	0.4150241909890215
1.0	0.05	166	0.47939963847197115	0.02464715600496945	0.023776223776223782	0.4547524824670017
1.0	0.05	167	0.47268030741688016	0.053836224886267284	0.05125874125874126	0.4188440825306129
1.0	0.05	168	0.5358842054751426	0.01867870047131977	0.0116083916083916	0.5172055050038228
1.0	0.05	169	0.516651754619274	0.0334946065934768	0.03860139860139861	0.48315714802579723
1.0	0.05	170	0.4687503324655087	0.008459241985584712	0.004405594405594404	0.46029109047992395
1.0	0.05	171	0.558188602908752	0.05348326630782383	0.04888111888111888	0.5047053366009282
1.0	0.05	172	0.5361069972965259	0.0524958628443492	0.040419580419580416	0.4836111344521767
1.0	0.05	173	0.4464143516766331	-0.023335453705176184	-0.015524475524475532	0.4697498053818093
1.0	0.05	174	0.46709399798194307	-0.008971589563603864	-0.014615384615384627	0.47606558754554695
1.0	0.05	175	0.500787021379876	0.021862654071287548	-0.00013986013986013734	0.4789243673085884
1.0	0.05	176	0.604105718128971	0.014508148963992336	0.010769230769230776	0.5895975691649786
1.0	0.05	177	0.5423366544004544	-0.01616962928446478	-0.0034265734265734277	0.5585062836849192
1.0	0.05	178	0.5471983938877736	0.030110868132547312	0.037622377622377634	0.5170875257552263
1.0	0.05	179	0.4664689281034223	-0.005146427185018878	-0.021258741258741262	0.4716153552884412
1.0	0.05	180	0.49018796540830933	0.04218402235001552	0.028741258741258748	0.44800394305829383
1.0	0.05	181	0.5231585091378536	-0.009053339620374736	-0.016293706293706297	0.5322118487582282
1.0	0.05	182	0.4450359826638769	0.0027509532992731245	-0.0001398601398601379	0.4422850293646038
1.0	0.05	183	0.44032595855969353	0.012478119776472068	0.01258741258741259	0.42784783878322147
1.0	0.05	184	0.5132241619612236	-0.0029185436934331204	-0.013566433566433566	0.5161427056546567
1.0	0.05	185	0.5478504637850443	0.021431882938807597	0.028951048951048945	0.5264185808462367
1.0	0.05	186	0.5087449227395298	0.05713028272936301	0.05811188811188811	0.45161464001016677
1.0	0.05	187	0.5315612371953036	0.06840758917193693	0.0758741258741259	0.46315364802336667
1.0	0.05	188	0.530971209007784	0.004833913079106304	-0.013846153846153847	0.5261372959286778
1.0	0.05	189	0.4736589747631769	0.035062100737569955	0.048111888111888115	0.438596874025607
1.0	0.05	190	0.6327928908283965	0.046571004563197606	0.04993006993006993	0.5862218862651989
1.0	0.05	191	0.4737997179164708	0.012422196126525085	0.011258741258741267	0.46137752178994573
1.0	0.05	192	0.5329698145623712	0.04307151602188613	0.033146853146853145	0.4898982985404851
1.0	0.05	193	0.5325027100713264	0.05426862101987571	0.042167832167832174	0.4782340890514507
1.0	0.05	194	0.4950595451802397	-0.008484339225235572	-0.009999999999999997	0.5035438844054753
1.0	0.05	195	0.5604032572244841	0.0034936760372750258	0.009160839160839169	0.5569095811872091
1.0	0.05	196	0.536583268460603	0.042474932274258526	0.04370629370629371	0.4941083361863445
1.0	0.05	197	0.49343489127423007	-0.03340231486271865	-0.02783216783216783	0.5268372061369487
1.0	0.05	198	0.5213060981292348	0.002377605817781818	0.0017482517482517517	0.518928492311453
1.0	0.05	199	0.5437052872953384	0.01435501691320619	0.023566433566433575	0.5293502703821322
1.0	0.05	200	0.4703666113657023	0.02562619835152663	0.026363636363636363	0.44474041301417566
1.0	0.05	201	0.5119611055285456	0.03625587239991138	0.027902097902097907	0.47570523312863416
1.0	0.05	202	0.49998284026586126	-0.012169112617439318	-0.005034965034965025	0.5121519528833006
1.0	0.05	203	0.5340087319505084	-0.0509072853522815	-0.04000000000000001	0.5849160173027899
1.0	0.05	204	0.5280921236750858	0.0395502705210212	0.032237762237762244	0.4885418531540646
1.0	0.05	205	0.5040163500113541	0.01599285138392457	0.004335664335664336	0.48802349862742955
1.0	0.05	206	0.516367059977125	0.01676707414380149	0.01685314685314684	0.49959998583332343
1.0	0.05	207	0.4510883340891209	-0.05547787185963324	-0.047832167832167836	0.5065662059487541
1.0	0.05	208	0.5405393614856677	0.011940570792063052	0.006713286713286715	0.5285987906936047
1.0	0.05	209	0.5353084203530697	-0.04166784838045026	-0.047762237762237765	0.5769762687335199
1.0	0.05	210	0.5357215109177159	-0.02991427077379915	-0.033216783216783216	0.5656357816915151
1.0	0.05	211	0.5634321690501175	0.027861477681581724	0.011328671328671314	0.5355706913685357
1.0	0.05	212	0.5124413072509079	0.07601829584603878	0.06328671328671329	0.43642301140486905
1.0	0.05	213	0.47014663899072157	0.024655843511002442	0.024895104895104887	0.44549079547971915
1.0	0.05	214	0.38732406064170877	-0.017129442451001703	-0.007272727272727273	0.40445350309271044
1.0	0.05	215	0.47074141023709043	0.0239204471669772	0.024965034965034976	0.4468209630701132
1.0	0.05	216	0.5481525681615056	0.03650540035097247	0.03972027972027972	0.5116471678105331
1.0	0.05	217	0.41344471072549355	0.04467390602354585	0.05692307692307695	0.3687708047019477
1.0	0.05	218	0.5179213943898572	-0.0016164108447297534	0.006153846153846152	0.5195378052345869
1.0	0.05	219	0.5685353045384058	0.035115781330403696	0.03181818181818183	0.5334195232080021
1.0	0.05	220	0.45642712251883505	0.010020854181148736	0.014895104895104894	0.4464062683376863
1.0	0.05	221	0.509225721684529	0.052709161603584444	0.04209790209790209	0.4565165600809445
1.0	0.05	222	0.5100478333665509	-0.005226225851545731	-0.013636363636363637	0.5152740592180967
1.0	0.05	223	0.4434702801876946	0.016590414298898817	0.0008391608391608407	0.4268798658887958
1.0	0.05	224	0.5019640360861362	0.029082714640774058	0.0362937062937063	0.4728813214453621
1.0	0.05	225	0.49843967252755034	-0.008168644561558724	-0.010979020979020983	0.506608317089109
1.0	0.05	226	0.41399978055540315	0.024670065743101214	0.03034965034965035	0.38932971481230194
1.0	0.05	227	0.4870642965724282	0.004298877985331934	0.019370629370629385	0.4827654185870963
1.0	0.05	228	0.4882159015388205	0.04004875697830346	0.0383916083916084	0.44816714456051704
1.0	0.05	229	0.5172774842204751	0.06880006166670947	0.0711888111888112	0.44847742255376566
1.0	0.05	230	0.45972520814250567	-0.034469010047923646	-0.04167832167832168	0.4941942181904293
1.0	0.05	231	0.4911208618894874	-0.014100801458889901	0.009860139860139863	0.5052216633483773
1.0	0.05	232	0.4038663290738396	0.0008013963898586041	-0.023846153846153847	0.403064932683981
1.0	0.05	233	0.4543602599724027	0.001078952138161207	-0.0009090909090909066	0.4532813078342415
1.0	0.05	234	0.5055121357723166	-0.01375716233136273	-0.024125874125874126	0.5192692981036793
1.0	0.05	235	0.4816125497309373	-0.0025275920330500227	0.006013986013986019	0.48414014176398734
1.0	0.05	236	0.5532075786163739	0.0513206536948984	0.02342657342657343	0.5018869249214756
1.0	0.05	237	0.5103880766583866	0.0015356052330591896	0.011258741258741259	0.5088524714253274
1.0	0.05	238	0.477551664966434	-0.013090779924152723	-0.027692307692307697	0.4906424448905867
1.0	0.05	239	0.5157540039958362	0.02214508482297557	0.0037762237762237736	0.4936089191728606
1.0	0.2	0	0.5445810656812956	0.026527372588453186	0.016503496503496504	0.5180536930928424
1.0	0.2	1	0.5307248616144873	0.037756574830954744	0.04587412587412588	0.49296828678353255
1.0	0.2	2	0.522382654432399	0.035615038621554594	0.04433566433566434	0.4867676158108444
1.0	0.2	3	0.5432026480573945	0.03849323506474658	0.04965034965034964	0.5047094129926479
1.0	0.2	4	0.5312466466990602	0.05107181324431475	0.04720279720279721	0.48017483345474543
1.0	0.2	5	0.47628842103362573	0.04669967826366546	0.0351048951048951	0.4295887427699603
1.0	0.2	6	0.5125056197955693	0.0550422396126664	0.0676923076923077	0.4574633801829029
1.0	0.2	7	0.460051840313778	0.03552609411534313	0.03804195804195805	0.42452574619843486
1.0	0.2	8	0.518525811476258	0.09437544053850039	0.09153846153846155	0.4241503709377576
1.0	0.2	9	0.4871065049350729	-0.03663090043812531	-0.05244755244755245	0.5237374053731982
1.0	0.2	10	0.5238478360054417	0.06972438869749216	0.06734265734265736	0.45412344730794957
1.0	0.2	11	0.528732992175689	0.021407313477301026	0.011398601398601405	0.507325678698388
1.0	0.2	12	0.4666375671094216	0.021277236998081248	0.0090909090909091	0.44536033011134035
1.0	0.2	13	0.4721413278759221	0.04393957912470773	0.02055944055944056	0.42820174875121436
1.0	0.2	14	0.49171000118750086	0.01653369203728614	0.03594405594405595	0.4751763091502147
1.0	0.2	15	0.42062212543203154	0.006425893351314827	-0.0054545454545454515	0.4141962320807167
1.0	0.2	16	0.5153533370509286	0.04001062500737848	0.0362937062937063	0.47534271204355005
1.0	0.2	17	0.5003875419357929	0.029123173002203472	0.011468531468531471	0.4712643689335895
1.0	0.2	18	0.5245833156828581	0.00947091629924743	-0.004685314685314694	0.5151123993836106
1.0	0.2	19	0.5197551803855419	0.09534545510101047	0.09489510489510494	0.42440972528453147
1.0	0.2	20	0.5258954832607523	0.07100342430793355	0.06174825174825177	0.45489205895281876
1.0	0.2	21	0.5497315206468893	0.06022818071401438	0.06034965034965036	0.489503339932875
1.0	0.2	22	0.5373022759043583	0.05697923401335695	0.05090909090909092	0.48032304189100133
1.0	0.2	23	0.5213174592482355	0.04982949293714787	0.06160839160839162	0.4714879663110876
1.0	0.2	24	0.4836896622844877	0.030780847764477617	0.033286713286713294	0.4529088145200101
1.0	0.2	25	0.5428270436298914	0.07733951898577707	0.08181818181818183	0.46548752464411436
1.0	0.2	26	0.5014207579310819	0.07000388194714025	0.06251748251748253	0.43141687598394163
1.0	0.2	27	0.4876124844531142	0.031925216614733756	0.028321678321678326	0.4556872678383805
1.0	0.2	28	0.4971154424412794	0.041198868888103396	0.03643356643356644	0.45591657355317605
1.0	0.2	29	0.5526128073700052	0.07008663894905481	0.06832167832167832	0.48252616842095036
1.0	0.2	30	0.46195987636102526	0.0286807768616506	0.021958041958041952	0.43327909949937465
1.0	0.2	31	0.5287986588879575	0.04838397109997993	0.039860139860139865	0.4804146877879776
1.0	0.2	32	0.49927495782983183	0.030838465860045735	0.023566433566433568	0.4684364919697861
1.0	0.2	33	0.4926036684747698	0.01885561726084532	0.00405594405594405	0.47374805121392444
1.0	0.2	34	0.48395992636105994	0.025289420339875236	0.013006993006993015	0.4586705060211847
1.0	0.2	35	0.5081879640194195	0.0749094339648847	0.07041958041958044	0.43327853005453476
1.0	0.2	36	0.5175353732884537	0.05590139298707846	0.03146853146853148	0.4616339803013752
1.0	0.2	37	0.5785041517389942	0.05617423345432878	0.05286713286713288	0.5223299182846654
1.0	0.2	38	0.4801081320195361	0.03487896172150119	0.033916083916083924	0.44522917029803494
1.0	0.2	39	0.46293340481486445	0.0024059252818925568	-0.018181818181818184	0.4605274795329719
1.0	0.2	40	0.4487374852343648	0.015885892976314566	0.016153846153846158	0.43285159225805026
1.0	0.2	41	0.5094251940452736	0.03080470889215895	0.016013986013986018	0.47862048515311467
1.0	0.2	42	0.5910548757325526	0.06392348189130687	0.07090909090909092	0.5271313938412456
1.0	0.2	43	0.5149301006459033	0.05009925701337292	0.06496503496503497	0.46483084363253035
1.0	0.2	44	0.4717228761964418	0.029143832738772735	0.0213986013986014	0.4425790434576691
1.0	0.2	45	0.5240741417181539	0.06908411741952598	0.07034965034965036	0.45499002429862795
1.0	0.2	46	0.4718126887588116	0.05304821045014614	0.0497902097902098	0.4187644783086655
1.0	0.2	47	0.4767421157931359	0.010405187781380405	0.0030769230769230704	0.4663369280117555
1.0	0.2	48	0.54514783690822	0.028743124127169534	0.012517482517482508	0.5164047127810505
1.0	0.2	49	0.5269888173533454	0.06832877661720597	0.0583916083916084	0.45866004073613936
1.0	0.2	50	0.5016186608462923	0.03360600944861768	0.03335664335664337	0.46801265139767456
1.0	0.2	51	0.5106255907122157	0.059459249624478905	0.06237762237762237	0.4511663410877368
1.0	0.2	52	0.48112682022695846	-0.008582887904783267	-0.0013286713286713209	0.48970970813174175
1.0	0.2	53	0.6038018151401494	0.07884770753313024	0.0662937062937063	0.5249541076070192
1.0	0.2	54	0.4817947165241087	0.05193565412198203	0.03517482517482518	0.4298590624021267
1.0	0.2	55	0.5530420298902986	0.06895623538627456	0.05363636363636364	0.48408579450402406
1.0	0.2	56	0.47453844065169487	0.0356025663906711	0.04699300699300699	0.43893587426102376
1.0	0.2	57	0.5507620352514134	0.022002869446437114	0.02671328671328672	0.5287591658049763
1.0	0.2	58	0.5409968965256226	0.05489030200715417	0.06342657342657344	0.4861065945184684
1.0	0.2	59	0.5315776469289215	0.018468839214471674	0.001398601398601403	0.5131088077144499
1.0	0.2	60	0.5739329332867592	0.0754688996311803	0.08349650349650352	0.4984640336555789
1.0	0.2	61	0.5180561930945785	0.06685995615274733	0.061538461538461535	0.4511962369418312
1.0	0.2	62	0.4557884554086496	0.03515510080215333	0.05020979020979022	0.42063335460649626
1.0	0.2	63	0.460453062814627	0.03519853833231829	0.030139860139860145	0.4252545244823087
1.0	0.2	64	0.45200267500185765	0.08855858233234884	0.1032867132867133	0.36344409266950883
1.0	0.2	65	0.5409683270613382	0.06459287818949874	0.07195804195804198	0.47637544887183947
1.0	0.2	66	0.542521557306637	0.05816742928293701	0.047132867132867136	0.4843541280237
1.0	0.2	67	0.434239704333128	0.03319034943774267	0.03699300699300699	0.4010493548953853
1.0	0.2	68	0.5649077603526114	0.05997507637158082	0.05118881118881118	0.5049326839810305
1.0	0.2	69	0.521290625896268	0.02738549818437374	0.015244755244755239	0.4939051277118942
1.0	0.2	70	0.5229106131323702	0.04036587525408004	0.03538461538461539	0.48254473787829016
1.0	0.2	71	0.5244084058391707	0.03377005122920224	0.030279720279720274	0.49063835460996846
1.0	0.2	72	0.49650227534880226	0.051149639687249775	0.06685314685314685	0.4453526356615525
1.0	0.2	73	0.5029009603478892	-0.01644701142153571	-0.018321678321678324	0.5193479717694249
1.0	0.2	74	0.5076102969515951	0.06876238802943614	0.06258741258741259	0.43884790892215897
1.0	0.2	75	0.4942672807411672	0.010198458471151715	-0.0004895104895104863	0.4840688222700155
1.0	0.2	76	0.5917643831697106	0.04595060135458427	0.05706293706293707	0.5458137818151263
1.0	0.2	77	0.6110429312798134	0.09681065056295178	0.090979020979021	0.5142322807168616
1.0	0.2	78	0.536544664267128	0.055993837495720476	0.04160839160839159	0.48055082677140754
1.0	0.2	79	0.5016618483762836	0.050259333513426055	0.040349650349650344	0.45140251486285754
1.0	0.2	80	0.4664003100002153	0.022435883636030305	0.030769230769230774	0.443964426364185
1.0	0.2	81	0.5878522485085059	0.06996572914286746	0.0686013986013986	0.5178865193656385
1.0	0.2	82	0.47430483632280296	0.008646735171343869	-0.00027972027972027484	0.4656581011514591
1.0	0.2	83	0.5210103409794035	0.07775974844426976	0.0655944055944056	0.4432505925351337
1.0	0.2	84	0.5297574581649015	0.01804407503060766	0.01587412587412587	0.5117133831342938
1.0	0.2	85	0.47957944415239173	0.042358723860224906	0.04972027972027971	0.43722072029216685
1.0	0.2	86	0.5787845477670471	0.09074498662846293	0.08545454545454546	0.4880395611385842
1.0	0.2	87	0.5653438925999255	0.07053373648176145	0.07461538461538461	0.49481015611816404
1.0	0.2	88	0.5546262046015309	0.036963595113607715	0.029790209790209788	0.5176626094879232
1.0	0.2	89	0.48716419247513365	-0.016579233735578982	-0.020839160839160847	0.5037434262107127
1.0	0.2	90	0.49136832039466694	0.07516810775563039	0.08328671328671328	0.41620021263903656
1.0	0.2	91	0.5214006329171061	0.0609689242839752	0.055454545454545465	0.46043170863313093
1.0	0.2	92	0.43710820632514324	0.018886728393561383	0.024965034965034976	0.4182214779315819
1.0	0.2	93	0.5348006838893637	0.09310441882251307	0.08790209790209792	0.44169626506685067
1.0	0.2	94	0.5457167886922143	0.02024156266775185	0.016223776223776232	0.5254752260244624
1.0	0.2	95	0.5164016850011701	0.05919378416235011	0.05762237762237762	0.45720790083882
1.0	0.2	96	0.5448552047605589	-0.0024499253124481337	0.003916083916083921	0.5473051300730071
1.0	0.2	97	0.5892735897733261	0.06834408912783967	0.07762237762237761	0.5209295006454865
1.0	0.2	98	0.5269711159521638	0.022354376634983773	0.0120979020979021	0.5046167393171801
1.0	0.2	99	0.525349941215237	0.029251950869410327	0.015664335664335675	0.4960979903458267
1.0	0.2	100	0.52315427996825	0.048417068345186345	0.04202797202797203	0.4747372116230637
1.0	0.2	101	0.5427469324631475	0.08620502514237857	0.07237762237762238	0.45654190732076894
1.0	0.2	102	0.4740156208441812	-0.005077850748507464	2.914335439641036e-18	0.47909347159268867
1.0	0.2	103	0.5896196316802997	0.05703851877674915	0.03867132867132868	0.5325811129035506
1.0	0.2	104	0.5014582093459787	0.06830847799199861	0.047272727272727286	0.4331497313539801
1.0	0.2	105	0.4738986763185252	0.06460113513967718	0.06496503496503497	0.40929754117884803
1.0	0.2	106	0.5141991209716118	0.0765741642876141	0.059090909090909104	0.4376249566839977
1.0	0.2	107	0.47712993550689964	0.05335310649521284	0.037972027972027984	0.4237768290116868
1.0	0.2	108	0.5752725522726057	0.05798873471439911	0.05797202797202798	0.5172838175582065
1.0	0.2	109	0.5670884215891817	0.04994392357216915	0.06160839160839162	0.5171444980170126
1.0	0.2	110	0.549870673521301	0.08897733262314765	0.0937062937062937	0.46089334089815337
1.0	0.2	111	0.4875302135626483	0.05886277004359031	0.051188811188811204	0.428667443519058
1.0	0.2	112	0.48326475226718907	0.01696669233798079	0.037202797202797205	0.46629805992920825
1.0	0.2	113	0.47683717141470233	0.020455041982668044	0.020559440559440558	0.45638212943203427
1.0	0.2	114	0.41662671987966654	0.04931454813510288	0.062027972027972035	0.36731217174456365
1.0	0.2	115	0.4927527102449377	0.07740067180602207	0.07195804195804198	0.41535203843891566
1.0	0.2	116	0.5071821785987352	0.08371155118857722	0.06363636363636364	0.42347062741015795
1.0	0.2	117	0.4986194782079709	-0.033650245590448324	-0.0311888111888112	0.5322697237984193
1.0	0.2	118	0.5242699265763379	0.08207102227154325	0.0753846153846154	0.4421989043047946
1.0	0.2	119	0.5625336475928108	0.016084740336625235	0.0213986013986014	0.5464489072561856
1.0	0.2	120	0.49262929349256496	0.06977039567388589	0.06776223776223776	0.4228588978186791
1.0	0.2	121	0.47559923999947223	0.05195682080334778	0.057552447552447566	0.42364241919612444
1.0	0.2	122	0.5577866651296285	0.11752706772713037	0.11461538461538463	0.4402595974024981
1.0	0.2	123	0.52973075675747	0.087906276323803	0.0813986013986014	0.44182448043366696
1.0	0.2	124	0.5428702589376798	0.058681089361867604	0.046923076923076935	0.4841891695758122
1.0	0.2	125	0.4971837202664724	0.06268366853032536	0.044685314685314684	0.43450005173614703
1.0	0.2	126	0.5452356147469547	0.0543173502203821	0.07286713286713288	0.4909182645265726
1.0	0.2	127	0.4853927537449678	0.017677873387412075	0.0007692307692307737	0.46771488035755576
1.0	0.2	128	0.5557815109593827	0.07871295743955378	0.05671328671328674	0.4770685535198289
1.0	0.2	129	0.5859290180062624	0.07193387634296969	0.0744755244755245	0.5139951416632927
1.0	0.2	130	0.5080775264427266	0.03707094241037667	0.041818181818181824	0.47100658403234996
1.0	0.2	131	0.4960832958911777	0.054923975641649754	0.061398601398601406	0.441159320249528
1.0	0.2	132	0.4969262061987543	0.03433862801293612	0.05524475524475527	0.4625875781858182
1.0	0.2	133	0.4832747869963799	0.07116706331046063	0.06034965034965036	0.41210772368591925
1.0	0.2	134	0.5406337226623074	0.06823367932894397	0.07286713286713287	0.4724000433333634
1.0	0.2	135	0.5312714731051896	0.049164777197761945	0.024545454545454558	0.48210669590742766
1.0	0.2	136	0.5225425712101189	0.07154623024043767	0.07958041958041957	0.4509963409696813
1.0	0.2	137	0.5562323446057948	0.03762862335321066	0.040559440559440565	0.5186037212525841
1.0	0.2	138	0.5606864101988959	0.06356984275683525	0.07979020979020982	0.4971165674420606
1.0	0.2	139	0.5366655462955183	0.07608412922508974	0.06958041958041959	0.4605814170704286
1.0	0.2	140	0.5136458844763087	0.09893195759163721	0.10440559440559442	0.41471392688467146
1.0	0.2	141	0.5930048701422709	0.07046709060214625	0.0832867132867133	0.5225377795401246
1.0	0.2	142	0.5165337267595325	0.07071705605351115	0.05125874125874127	0.4458166707060213
1.0	0.2	143	0.4809550839965861	0.013311106466046156	0.005524475524475526	0.46764397753053993
1.0	0.2	144	0.5439433985718046	0.09797917915220773	0.0853846153846154	0.4459642194195969
1.0	0.2	145	0.45792635967108314	0.03485728115088969	0.02356643356643357	0.42306907852019343
1.0	0.2	146	0.5560319069666021	0.07635612246952948	0.07580419580419581	0.4796757844970726
1.0	0.2	147	0.46102004931947865	0.05281779362346779	0.05461538461538464	0.4082022556960109
1.0	0.2	148	0.517517512164939	0.07522188557075386	0.05531468531468533	0.44229562659418514
1.0	0.2	149	0.533853488787145	0.07412388480825334	0.059020979020979046	0.4597296039788917
1.0	0.2	150	0.562053487537144	0.10892210341812737	0.09447552447552449	0.45313138411901666
1.0	0.2	151	0.4923314738413012	0.0869619562235807	0.08083916083916085	0.4053695176177205
1.0	0.2	152	0.49674929635367804	0.07481257973095815	0.06797202797202798	0.4219367166227199
1.0	0.2	153	0.516753094967427	0.06488436450303091	0.05356643356643358	0.45186873046439613
1.0	0.2	154	0.5285265892545759	0.11819297096734094	0.10636363636363637	0.4103336182872349
1.0	0.2	155	0.5135703774794288	0.04598128887589505	0.06811188811188812	0.46758908860353376
1.0	0.2	156	0.5770358868304769	0.08483960058305595	0.07706293706293707	0.49219628624742096
1.0	0.2	157	0.558704068544492	0.0875528038561138	0.08909090909090908	0.47115126468837815
1.0	0.2	158	0.5246334546065656	0.11342597460137127	0.08251748251748253	0.41120748000519436
1.0	0.2	159	0.523788801242223	0.09904483961447196	0.07622377622377623	0.4247439616277511
1.0	0.2	160	0.4793581870542965	0.009805416531539258	0.01062937062937063	0.46955277052275723
1.0	0.2	161	0.5242917252025869	0.05858349207186949	0.05804195804195805	0.46570823313071746
1.0	0.2	162	0.5521184806378339	0.09155061218792512	0.09853146853146855	0.4605678684499087
1.0	0.2	163	0.5108076047275032	0.06416911400632917	0.06363636363636363	0.446638490721174
1.0	0.2	164	0.5199872708244937	0.0854445037809054	0.07230769230769231	0.4345427670435883
1.0	0.2	165	0.4980890820063069	0.010562229557103859	-0.00482517482517483	0.4875268524492031
1.0	0.2	166	0.5354597468470464	0.0540784056100039	0.05811188811188812	0.48138134123704257
1.0	0.2	167	0.49816533900370763	0.03021631265021712	0.019370629370629375	0.4679490263534905
1.0	0.2	168	0.5718252790453328	0.012828085297281454	-0.002727272727272727	0.5589971937480513
1.0	0.2	169	0.5209727090088258	0.027335942594404576	0.020139860139860147	0.49363676641442117
1.0	0.2	170	0.5248185936240233	0.1271009493756593	0.12244755244755245	0.397717644248364
1.0	0.2	171	0.4741004611808758	0.024223732099813957	0.03944055944055944	0.44987672908106185
1.0	0.2	172	0.4724288489089228	0.013662502543404544	0.002797202797202798	0.4587663463655182
1.0	0.2	173	0.6096638955999275	0.09988456241983501	0.09734265734265733	0.5097793331800925
1.0	0.2	174	0.44491010063201436	0.012176939011763203	0.02972027972027972	0.43273316162025116
1.0	0.2	175	0.5030973702065071	0.05557727470644076	0.04629370629370629	0.4475200955000664
1.0	0.2	176	0.5587959297193956	0.06866087407005143	0.043426573426573425	0.4901350556493442
1.0	0.2	177	0.5316831331132869	0.11791260271708522	0.10944055944055947	0.41377053039620165
1.0	0.2	178	0.5310676187969575	0.07065367406505142	0.07097902097902099	0.4604139447319061
1.0	0.2	179	0.48496849650590035	0.08795721385917628	0.08664335664335664	0.3970112826467241
1.0	0.2	180	0.5192342425237795	0.05982479154499412	0.05167832167832168	0.4594094509787854
1.0	0.2	181	0.5360348236352942	0.050428160019555565	0.04524475524475525	0.4856066636157386
1.0	0.2	182	0.5455314343968295	-0.008809367228727242	-0.013286713286713284	0.5543408016255568
1.0	0.2	183	0.4178146512601745	0.012300869653381704	0.007342657342657346	0.40551378160679274
1.0	0.2	184	0.4840615375427344	0.07864190877910332	0.09153846153846155	0.4054196287636311
1.0	0.2	185	0.5217365428725992	0.0422838557526776	0.03643356643356644	0.47945268711992156
1.0	0.2	186	0.5937778637346275	0.02140216069594493	0.011538461538461537	0.5723757030386826
1.0	0.2	187	0.5075182829988076	-0.027936533289259227	-0.026503496503496513	0.5354548162880669
1.0	0.2	188	0.5561296778678319	0.0822039876416581	0.05748251748251748	0.47392569022617376
1.0	0.2	189	0.4816386400268334	0.038828200575139284	0.025174825174825187	0.44281043945169407
1.0	0.2	190	0.45126370921090925	0.036433101689653954	0.032587412587412594	0.4148306075212553
1.0	0.2	191	0.5394134440371139	0.027826109601465	0.03727272727272728	0.5115873344356489
1.0	0.2	192	0.4642809265839768	0.035984309711326184	0.031328671328671336	0.42829661687265064
1.0	0.2	193	0.5224392378050262	0.04312480772556092	0.04041958041958042	0.4793144300794653
1.0	0.2	194	0.5674394287773812	0.07211070979910403	0.06762237762237762	0.4953287189782771
1.0	0.2	195	0.5161070250743229	-0.017167373032897938	-0.01909090909090909	0.5332743981072209
1.0	0.2	196	0.502166633449051	0.06764971364563448	0.04314685314685316	0.4345169198034165
1.0	0.2	197	0.5050031770855397	0.003198356387747491	-0.007482517482517485	0.5018048206977922
1.0	0.2	198	0.47106732713008825	0.07332753008856256	0.06244755244755247	0.3977397970415257
1.0	0.2	199	0.4908162366779421	0.03849635312246744	0.048111888111888115	0.45231988355547464
1.0	0.2	200	0.5264886572837897	0.09109845909615216	0.07650349650349651	0.4353901981876375
1.0	0.2	201	0.48377698873402	0.06276784914433968	0.0606993006993007	0.4210091395896803
1.0	0.2	202	0.5724986822907516	0.03715506052434759	0.024895104895104905	0.535343621766404
1.0	0.2	203	0.4009874937413151	0.01036777803317919	0.00965034965034965	0.3906197157081359
1.0	0.2	204	0.545164274419635	0.06038998638193498	0.06727272727272729	0.4847742880377
1.0	0.2	205	0.5369978520818418	0.0985082489640618	0.07195804195804197	0.43848960311778
1.0	0.2	206	0.5352456980872904	0.07066015323621752	0.06363636363636363	0.46458554485107284
1.0	0.2	207	0.5186751032465995	0.06289784229016826	0.06391608391608393	0.45577726095643123
1.0	0.2	208	0.5392926175643177	0.06021309042575724	0.04531468531468533	0.47907952713856045
1.0	0.2	209	0.5580475125329948	0.04039033360439834	0.0204895104895105	0.5176571789285964
1.0	0.2	210	0.47423821127653565	0.016497615623344182	0.010769230769230767	0.4577405956531915
1.0	0.2	211	0.5420851195035552	0.04389857215178622	0.05321678321678323	0.498186547351769
1.0	0.2	212	0.5355225941129126	0.0873561092750759	0.08566433566433568	0.4481664848378367
1.0	0.2	213	0.5130982799293611	0.036750233854329066	0.049020979020979044	0.476348046075032
1.0	0.2	214	0.505441059334069	0.048196818192234855	0.05671328671328672	0.45724424114183415
1.0	0.2	215	0.5001621320570361	0.004125933420787098	0.01741258741258742	0.496036198636249
1.0	0.2	216	0.5500460972542343	0.0810281673806718	0.07216783216783218	0.46901792987356244
1.0	0.2	217	0.5692530758701916	0.1349033575717761	0.13272727272727275	0.4343497182984155
1.0	0.2	218	0.45793617217789734	0.006115657024761823	0.009860139860139864	0.45182051515313554
1.0	0.2	219	0.5100580417069734	0.054554273996023604	0.0490909090909091	0.45550376771094986
1.0	0.2	220	0.5172901022847933	0.0458138165373726	0.03846153846153846	0.47147628574742073
1.0	0.2	221	0.47969338867596434	0.014825426962102057	0.0141958041958042	0.4648679617138623
1.0	0.2	222	0.5352441911417994	0.05020950708993548	0.046923076923076935	0.48503468405186395
1.0	0.2	223	0.5189646867810325	0.0708528617033762	0.06608391608391609	0.4481118250776563
1.0	0.2	224	0.546289782145682	0.06033143773016509	0.06454545454545454	0.48595834441551694
1.0	0.2	225	0.58817052650731	0.02097704928961756	0.022307692307692313	0.5671934772176925
1.0	0.2	226	0.5274745885240197	0.05273562689974091	0.04328671328671329	0.4747389616242788
1.0	0.2	227	0.5258322193279301	0.03448216977928457	0.04517482517482518	0.49135004954864553
1.0	0.2	228	0.5011301396737081	0.006115886191587633	0.009650349650349652	0.49501425348212047
1.0	0.2	229	0.536525289253673	0.05405788476241998	0.06048951048951049	0.4824674044912531
1.0	0.2	230	0.5649810104034795	0.025680837278359223	0.03167832167832168	0.5393001731251202
1.0	0.2	231	0.4555053649342812	0.09132953564551087	0.08615384615384616	0.3641758292887703
1.0	0.2	232	0.5461793098467429	0.062408383616933065	0.049230769230769224	0.48377092622980983
1.0	0.2	233	0.46425496128816757	0.05265913379106513	0.05125874125874127	0.41159582749710244
1.0	0.2	234	0.5055967261088375	0.018330498840624192	0.022937062937062932	0.48726622726821334
1.0	0.2	235	0.5337009053478509	0.06607651810869314	0.035244755244755246	0.4676243872391577
1.0	0.2	236	0.4971803174863315	0.06035792385966935	0.05706293706293707	0.43682239362666214
1.0	0.2	237	0.4760825250573091	0.056433615578899705	0.07090909090909092	0.4196489094784094
1.0	0.2	238	0.5463929836062386	0.0653443162113307	0.059510489510489525	0.48104866739490787
1.0	0.2	239	0.48223838349887743	0.03219924458280874	0.02972027972027972	0.45003913891606867
1.0	0.5	0	0.5534362732196342	0.12762933863148518	0.10965034965034967	0.425806934588149
1.0	0.5	1	0.5271393174578594	0.07615557371914841	0.06636363636363637	0.450983743738711
1.0	0.5	2	0.5428512380911376	0.10174339704402573	0.09734265734265735	0.4411078410471118
1.0	0.5	3	0.4983476307969658	0.05739613708065075	0.05174825174825176	0.44095149371631503
1.0	0.5	4	0.5300933542314961	0.13997297220345292	0.13251748251748255	0.3901203820280431
1.0	0.5	5	0.5386572837897804	0.10555694830343633	0.0911888111888112	0.4331003354863441
1.0	0.5	6	0.5187852144341767	0.13533835787385964	0.1316083916083916	0.3834468565603171
1.0	0.5	7	0.5381936098566735	0.1575002690974091	0.14391608391608396	0.3806933407592644
1.0	0.5	8	0.5678524151752883	0.13380319708555352	0.10314685314685317	0.43404921808973473
1.0	0.5	9	0.48557592748328293	0.07284355753024828	0.06251748251748254	0.41273236995303464
1.0	0.5	10	0.5535686691449091	0.10036781275542553	0.11244755244755249	0.4532008563894836
1.0	0.5	11	0.43507240630028216	0.11478819776958178	0.11363636363636367	0.3202842085307004
1.0	0.5	12	0.4824401544723295	0.16787692908120075	0.1437762237762238	0.3145632253911288
1.0	0.5	13	0.5516810220007097	0.14862004765281087	0.13881118881118884	0.4030609743478988
1.0	0.5	14	0.5612661814348482	0.13947144407739173	0.12741258741258746	0.42179473735745643
1.0	0.5	15	0.5224626475435052	0.12134827871408244	0.09153846153846151	0.4011143688294228
1.0	0.5	16	0.4946950032604189	0.11426241962668031	0.11083916083916084	0.38043258363373855
1.0	0.5	17	0.5446583990683326	0.14051893091592424	0.1384615384615385	0.4041394681524083
1.0	0.5	18	0.5444730864396433	0.12250069618103902	0.11811188811188812	0.4219723902586043
1.0	0.5	19	0.5824885364503725	0.11834565857337401	0.11237762237762242	0.4641428778769985
1.0	0.5	20	0.5676007136116067	0.15068100741736626	0.14104895104895107	0.41691970619424046
1.0	0.5	21	0.5936469053103509	0.1425398975971511	0.1388111888111888	0.4511070077131998
1.0	0.5	22	0.48830988077075055	0.08126790365826643	0.05468531468531469	0.40704197711248413
1.0	0.5	23	0.536833414467649	0.09119616749733854	0.07440559440559441	0.44563724697031043
1.0	0.5	24	0.5320424180850125	0.1469346853713093	0.14027972027972027	0.38510773271370324
1.0	0.5	25	0.5716327303005072	0.10659156707747713	0.1328671328671329	0.4650411632230301
1.0	0.5	26	0.490643389335687	0.12278963388169019	0.11097902097902096	0.36785375545399684
1.0	0.5	27	0.5463699974791649	0.10021535431621827	0.08433566433566436	0.4461546431629467
1.0	0.5	28	0.5072207897366595	0.08153083439641277	0.06279720279720281	0.42568995534024673
1.0	0.5	29	0.5424396961386779	0.1274348246075171	0.13349650349650352	0.41500487153116083
1.0	0.5	30	0.47861420737097726	0.06664610878201999	0.06727272727272729	0.4119680985889573
1.0	0.5	31	0.530389493326037	0.12262818932513148	0.1327972027972028	0.40776130400090554
1.0	0.5	32	0.5847309338409263	0.12994953468717685	0.12363636363636363	0.4547813991537495
1.0	0.5	33	0.49905827017935434	0.1183722835918636	0.11664335664335666	0.38068598658749075
1.0	0.5	34	0.48545682323390504	0.1322670501854515	0.12706293706293706	0.35318977304845356
1.0	0.5	35	0.5304840836695025	0.13736128288977978	0.11545454545454549	0.3931228007797227
1.0	0.5	36	0.49691385202350835	0.11650050451423924	0.11895104895104897	0.38041334750926914
1.0	0.5	37	0.5364916433969745	0.10218422373904425	0.08090909090909092	0.4343074196579303
1.0	0.5	38	0.5446025518073276	0.12579919152721633	0.12090909090909091	0.41880336028011134
1.0	0.5	39	0.5575897969373589	0.10547442046834754	0.08972027972027974	0.45211537646901134
1.0	0.5	40	0.5034932802036668	0.12679120610500424	0.11503496503496508	0.3767020740986625
1.0	0.5	41	0.5710606187920965	0.14700394930829813	0.14342657342657344	0.42405666948379833
1.0	0.5	42	0.5079491235757803	0.0875802899863125	0.07888111888111889	0.42036883358946775
1.0	0.5	43	0.4489649228923076	0.09324575225399463	0.08888111888111888	0.355719170638313
1.0	0.5	44	0.5464693725481754	0.12077310470354495	0.10944055944055947	0.42569626784463044
1.0	0.5	45	0.5086707699102568	0.12186525129531339	0.09923076923076928	0.38680551861494344
1.0	0.5	46	0.5694981732626203	0.14309619659458095	0.12342657342657345	0.42640197666803936
1.0	0.5	47	0.5073422620432375	0.15262569626784464	0.1491608391608392	0.3547165657753929
1.0	0.5	48	0.5450565729559534	0.10175582066376435	0.08937062937062937	0.4433007522921891
1.0	0.5	49	0.5130935507594102	0.1406684032419467	0.14930069930069934	0.3724251475174635
1.0	0.5	50	0.47981563181641096	0.11555273996718055	0.10636363636363638	0.36426289184923044
1.0	0.5	51	0.4911227785574851	0.09465444767669978	0.09356643356643357	0.3964683308807853
1.0	0.5	52	0.5027923213835565	0.11634142801488057	0.11573426573426573	0.3864508933686759
1.0	0.5	53	0.4959196846664477	0.07921361750945659	0.08930069930069932	0.4167060671569911
1.0	0.5	54	0.48924042308362714	0.08307537019122929	0.07615384615384616	0.40616505289239785
1.0	0.5	55	0.4833108009102784	0.10713306050906982	0.10825174825174826	0.37617774040120855
1.0	0.5	56	0.5192364230808494	0.1027565921920779	0.07573426573426575	0.4164798308887715
1.0	0.5	57	0.47114836885303396	0.03695392844022808	0.030909090909090917	0.43419444041280586
1.0	0.5	58	0.5762792890828398	0.09883234641135168	0.08209790209790212	0.4774469426714881
1.0	0.5	59	0.5566808379728042	0.1351609549728854	0.13475524475524478	0.4215198829999188
1.0	0.5	60	0.5789068672964356	0.14312703689377562	0.11951048951048952	0.43577983040266
1.0	0.5	61	0.5138684540753153	0.12769781784570683	0.12111888111888114	0.3861706362296085
1.0	0.5	62	0.525747420657931	0.09257697401178751	0.09132867132867135	0.4331704466461435
1.0	0.5	63	0.5313546051073647	0.1256519414249593	0.13111888111888115	0.4057026636824054
1.0	0.5	64	0.5360019069457687	0.06090975063177128	0.05930069930069931	0.47509215631399737
1.0	0.5	65	0.5044030169465396	0.13696890067284767	0.12475524475524474	0.3674341162736919
1.0	0.5	66	0.5031966063865322	0.1526715087996589	0.16062937062937063	0.3505250975868733
1.0	0.5	67	0.4900770903313127	0.12170231368216229	0.11643356643356643	0.3683747766491504
1.0	0.5	68	0.5328394811385286	0.14722328279394636	0.14496503496503496	0.3856161983445823
1.0	0.5	69	0.5232816550567049	0.08823869322131472	0.07650349650349651	0.43504296183539015
1.0	0.5	70	0.5024464808656117	0.06900037430581549	0.07209790209790212	0.4334461065597962
1.0	0.5	71	0.5988662492126731	0.09850517951748577	0.08713286713286715	0.5003610696951872
1.0	0.5	72	0.5118288415478066	0.1552745661628932	0.13503496503496507	0.3565542753849134
1.0	0.5	73	0.5198843124196614	0.13959421499598265	0.1193006993006993	0.3802900974236787
1.0	0.5	74	0.5106420698903263	0.08442894752010244	0.07300699300699301	0.4262131223702239
1.0	0.5	75	0.4708208269589076	0.10635685858115178	0.11132867132867133	0.3644639683777558
1.0	0.5	76	0.5407196602219863	0.12123740363708586	0.09538461538461539	0.4194822565849004
1.0	0.5	77	0.5434267940463847	0.10576394150273716	0.09545454545454547	0.43766285254364756
1.0	0.5	78	0.5829479395471802	0.14188109852854064	0.12181818181818185	0.4410668410186395
1.0	0.5	79	0.5243581558042748	0.10131622313626606	0.08475524475524479	0.4230419326680087
1.0	0.5	80	0.5383732210925147	0.09413383620405291	0.08993006993006997	0.4442393848884618
1.0	0.5	81	0.5388550825382518	0.11025163211918898	0.10195804195804195	0.4286034504190628
1.0	0.5	82	0.4846303434932941	0.12076092413953064	0.12335664335664338	0.36386941935376343
1.0	0.5	83	0.5652279689083117	0.1525062309071048	0.16398601398601403	0.41272173800120693
1.0	0.5	84	0.5875906649935173	0.12362439835027662	0.10664335664335667	0.4639662666432407
1.0	0.5	85	0.5251793022078487	0.12893344370378035	0.12720279720279723	0.39624585850406835
1.0	0.5	86	0.5245608087227839	0.12943158293859924	0.13097902097902098	0.39512922578418463
1.0	0.5	87	0.5003500280208528	0.13981694431732244	0.13636363636363635	0.3605330837035304
1.0	0.5	88	0.4943656835872803	0.1346316629386548	0.12566433566433566	0.3597340206486255
1.0	0.5	89	0.5242916071469494	0.09955241635584469	0.08587412587412588	0.4247391907911048
1.0	0.5	90	0.5893782912349245	0.14166732754675526	0.1278321678321678	0.4477109636881692
1.0	0.5	91	0.45909858270734905	0.10331018285429365	0.09426573426573429	0.3557883998530554
1.0	0.5	92	0.5686285407142644	0.11136165372337065	0.08027972027972029	0.45726688699089374
1.0	0.5	93	0.5909136881345056	0.06469769770673452	0.048181818181818194	0.5262159904277711
1.0	0.5	94	0.6041984959711777	0.11675524774669983	0.13657342657342658	0.4874432482244779
1.0	0.5	95	0.5173719565083031	0.19290888396450276	0.1787412587412588	0.32446307254380036
1.0	0.5	96	0.5916001052778509	0.11296152288994646	0.11321678321678323	0.47863858238790447
1.0	0.5	97	0.5635944816628345	0.16457935040232669	0.15573426573426574	0.39901513126050786
1.0	0.5	98	0.5304574378176652	0.16187084157697335	0.15000000000000002	0.36858659624069184
1.0	0.5	99	0.5134397384998185	0.11377433595439995	0.10944055944055946	0.39966540254541855
1.0	0.5	100	0.551678584499017	0.11625628212241813	0.11104895104895104	0.43542230237659885
1.0	0.5	101	0.48235513357995385	0.09174578593457357	0.07944055944055944	0.3906093476453803
1.0	0.5	102	0.5385855406844032	0.11969635395580135	0.10790209790209791	0.41888918672860187
1.0	0.5	103	0.5754308509936465	0.14932254814065843	0.1353846153846154	0.4261083028529881
1.0	0.5	104	0.49893088120200085	0.062086661171292475	0.08160839160839162	0.4368442200307084
1.0	0.5	105	0.5028250644618503	0.05070269493242704	0.026993006993007	0.45212236952942325
1.0	0.5	106	0.4942158432054466	0.12190165409837089	0.10118881118881122	0.3723141891070757
1.0	0.5	107	0.5322270084909781	0.11923945086072975	0.11020979020979021	0.4129875576302484
1.0	0.5	108	0.5023798002637502	0.08606340004402781	0.08783216783216785	0.4163164002197224
1.0	0.5	109	0.49394193329300917	0.15897655484482973	0.14671328671328673	0.3349653784481794
1.0	0.5	110	0.49662420598903195	0.08845055447955173	0.08986013986013987	0.4081736515094802
1.0	0.5	111	0.492434418357235	0.07431964883308946	0.06349650349650351	0.41811476952414556
1.0	0.5	112	0.5717321123139669	0.13698842846418643	0.12307692307692308	0.43474368384978046
1.0	0.5	113	0.5432073286162004	0.12243709891465203	0.10244755244755245	0.4207702297015483
1.0	0.5	114	0.5308857436706553	0.12611465702406738	0.10685314685314687	0.40477108664658795
1.0	0.5	115	0.5053241981418043	0.13658367818310985	0.12727272727272726	0.36874051995869445
1.0	0.5	116	0.5981047139616069	0.15251775869288797	0.13923076923076924	0.44558695526871894
1.0	0.5	117	0.49562051779202626	0.12108321603001114	0.14013986013986018	0.3745373017620151
1.0	0.5	118	0.4573381162070252	0.04688190061243098	0.03601398601398602	0.4104562155945942
1.0	0.5	119	0.6080537417039873	0.10739915097163262	0.10566433566433568	0.5006545907323546
1.0	0.5	120	0.6007271810605425	0.16314293273814773	0.15244755244755248	0.43758424832239473
1.0	0.5	121	0.5373391648188645	0.13760509555909414	0.11811188811188814	0.3997340692597703
1.0	0.5	122	0.5442333848842951	0.12068690325479392	0.1004895104895105	0.42354648162950115
1.0	0.5	123	0.6293195273052272	0.17485911448549615	0.1632867132867133	0.45446041281973104
1.0	0.5	124	0.488727894949927	0.11803933891620758	0.11181818181818183	0.3706885560337194
1.0	0.5	125	0.5002551876772137	0.09301849515173274	0.07041958041958044	0.4072366925254809
1.0	0.5	126	0.5651078368804423	0.09047434060718099	0.07860139860139861	0.47463349627326135
1.0	0.5	127	0.4845483434363496	0.16120375778038734	0.1474825174825175	0.32334458565596225
1.0	0.5	128	0.5433000022916682	0.08159990388882213	0.07965034965034967	0.4617000984028461
1.0	0.5	129	0.5929643701141459	0.12972638869888103	0.0997902097902098	0.4632379814152649
1.0	0.5	130	0.5073361578723318	0.111264146711213	0.09545454545454547	0.3960720111611188
1.0	0.5	131	0.49421352375939154	0.08229019603485836	0.08419580419580418	0.41192332772453316
1.0	0.5	132	0.5435274816163067	0.09620305986323603	0.07510489510489511	0.4473244217530707
1.0	0.5	133	0.5038905096461872	0.09895991594438608	0.08279720279720278	0.4049305937018011
1.0	0.5	134	0.5759468721853279	0.14351360660667126	0.13517482517482518	0.4324332655786567
1.0	0.5	135	0.5375120746611629	0.06003789585964991	0.04391608391608392	0.477474178801513
1.0	0.5	136	0.5377296720344944	0.14990704854656148	0.14209790209790213	0.38782262348793295
1.0	0.5	137	0.5330329396062081	0.13048160450111426	0.10867132867132867	0.4025513351050939
1.0	0.5	138	0.5255328232866827	0.08686361587751101	0.08111888111888113	0.4386692074091717
1.0	0.5	139	0.5147283574502483	0.11816626261546014	0.10839160839160841	0.3965620948347881
1.0	0.5	140	0.452561432334328	0.06925263836988774	0.04671328671328673	0.3833087939644403
1.0	0.5	141	0.5475449427395435	0.07633535856622123	0.08608391608391608	0.47120958417332226
1.0	0.5	142	0.47058306290490487	0.15990791660271986	0.1641958041958042	0.310675146302185
1.0	0.5	143	0.5360497889234646	0.06374380815542233	0.08853146853146851	0.4723059807680422
1.0	0.5	144	0.5469225186961935	0.075005579864986	0.06307692307692309	0.47191693883120744
1.0	0.5	145	0.46969936784678323	0.13462969071506298	0.1158041958041958	0.33506967713172026
1.0	0.5	146	0.5281751862327683	0.11284247419616265	0.11132867132867133	0.4153327120366056
1.0	0.5	147	0.5576947067324353	0.11524707308824521	0.10370629370629372	0.44244763364419004
1.0	0.5	148	0.492547335102316	0.12228081408389867	0.11349650349650352	0.37026652101841734
1.0	0.5	149	0.5495150899410347	0.1403763127613283	0.13377622377622378	0.40913877717970637
1.0	0.5	150	0.5438020581958737	0.12811110979938178	0.10965034965034964	0.4156909483964919
1.0	0.5	151	0.46255061288237	0.08455493371870397	0.08356643356643356	0.377995679163666
1.0	0.5	152	0.5261428584325405	0.08940958292332148	0.06888111888111888	0.43673327550921903
1.0	0.5	153	0.5216480289222423	0.07155754969274285	0.06804195804195805	0.4500904792294994
1.0	0.5	154	0.508798151943161	0.09005139586902491	0.07510489510489511	0.41874675607413614
1.0	0.5	155	0.5246067670880327	0.14291905758267887	0.1288811188811189	0.3816877095053538
1.0	0.5	156	0.5239164193864023	0.0792648675450469	0.05202797202797203	0.4446515518413554
1.0	0.5	157	0.48495890622146265	0.10267005046531281	0.08454545454545455	0.38228885575614985
1.0	0.5	158	0.5827180296652984	0.16166845254753648	0.1560839160839161	0.4210495771177619
1.0	0.5	159	0.5466965463170461	0.1368036227802936	0.10545454545454547	0.40989292353675255
1.0	0.5	160	0.49736506067018094	0.14300437708637298	0.13454545454545455	0.35436068358380796
1.0	0.5	161	0.45433087106310494	0.07489382284293253	0.059580419580419576	0.37943704822017243
1.0	0.5	162	0.5440539055929899	0.15060429903076322	0.15804195804195803	0.3934496065622267
1.0	0.5	163	0.523950718021332	0.1616277789081798	0.13748251748251752	0.36232293911315216
1.0	0.5	164	0.45403094724371335	0.10514503135071622	0.07853146853146856	0.3488859158929971
1.0	0.5	165	0.49540030930577034	0.13002725001892362	0.11755244755244755	0.3653730592868467
1.0	0.5	166	0.5298463887822144	0.13575307343963433	0.12734265734265734	0.39409331534258
1.0	0.5	167	0.594143280655056	0.13646577532345508	0.11230769230769233	0.4576775053316009
1.0	0.5	168	0.5514025356962053	0.10152933439537111	0.11097902097902099	0.44987320130083425
1.0	0.5	169	0.4929357242609196	0.1274224773767204	0.12972027972027972	0.36551324688419917
1.0	0.5	170	0.5698874860329765	0.14340600236527942	0.13195804195804198	0.426481483667697
1.0	0.5	171	0.5635755233163356	0.13370139145929963	0.12132867132867135	0.42987413185703605
1.0	0.5	172	0.5151723160918862	0.0921980987486797	0.0653146853146853	0.4229742173432065
1.0	0.5	173	0.48371180118875085	0.13374561371223173	0.1314685314685315	0.3499661874765191
1.0	0.5	174	0.5468926020087514	0.1183136307733547	0.09825174825174825	0.42857897123539673
1.0	0.5	175	0.5326860921431195	0.06064196572358731	0.0541958041958042	0.47204412641953214
1.0	0.5	176	0.4781856931845091	0.10626205990420827	0.08664335664335664	0.3719236332803008
1.0	0.5	177	0.5062195876524914	0.08563959419416263	0.09279720279720284	0.4205799934583288
1.0	0.5	178	0.5642141765376226	0.1204956808997784	0.10937062937062939	0.4437184956378442
1.0	0.5	179	0.5840197389025965	0.10500695486594089	0.08545454545454546	0.4790127840366556
1.0	0.5	180	0.5057894554093441	0.13178971652063648	0.09972027972027973	0.3739997388887076
1.0	0.5	181	0.44161577195539714	0.08738055373649564	0.06776223776223776	0.35423521821890147
1.0	0.5	182	0.5147368991228466	0.12571000396528054	0.12412587412587413	0.38902689515756605
1.0	0.5	183	0.5042961349278714	0.09598676110191744	0.0993006993006993	0.40830937382595395
1.0	0.5	184	0.5435491413535704	0.07563744141488987	0.07629370629370631	0.4679116999386805
1.0	0.5	185	0.5271158799415833	0.11723594946940935	0.08489510489510492	0.4098799304721739
1.0	0.5	186	0.5129642659474069	0.0564045738920652	0.04755244755244755	0.45655969205534164
1.0	0.5	187	0.5770870465882267	0.10800815139454958	0.10461538461538464	0.4690788951936772
1.0	0.5	188	0.5037327039810444	0.09087310477298943	0.08181818181818183	0.412859599208055
1.0	0.5	189	0.5059809902645765	0.10372012063897265	0.10244755244755246	0.4022608696256039
1.0	0.5	190	0.4908676742136627	0.11275463385738463	0.1090909090909091	0.378113040356278
1.0	0.5	191	0.5459771360952334	0.12092110480632279	0.10860139860139861	0.42505603128891056
1.0	0.5	192	0.5400064444489198	0.13651467119074387	0.13538461538461544	0.40349177325817587
1.0	0.5	193	0.49782683876863804	0.0663186432768356	0.08286713286713289	0.4315081954918024
1.0	0.5	194	0.5436567872616578	0.10275461302403682	0.08853146853146857	0.44090217423762096
1.0	0.5	195	0.45396282914085356	0.06182701515764942	0.05	0.39213581398320413
1.0	0.5	196	0.5744613850426284	0.1388049783367905	0.12825174825174826	0.43565640670583794
1.0	0.5	197	0.5610539104541045	0.1107071185466101	0.10776223776223777	0.4503467919074944
1.0	0.5	198	0.5480688458811429	0.07218745985240267	0.049090909090909095	0.47588138602874025
1.0	0.5	199	0.4655598580276792	0.10345289823117933	0.09846153846153846	0.36210695979649987
1.0	0.5	200	0.4331026965990949	0.08352273855745733	0.08055944055944057	0.34957995804163755
1.0	0.5	201	0.5002030487521172	0.14280778667207408	0.12783216783216783	0.35739526208004313
1.0	0.5	202	0.5247943505516323	0.14736627594880275	0.1533566433566434	0.3774280746028295
1.0	0.5	203	0.5596902081182	0.11159950805521393	0.10090909090909093	0.4480907000629861
1.0	0.5	204	0.5429676062275043	0.12282830751965798	0.12433566433566436	0.4201392987078463
1.0	0.5	205	0.5520428972520119	0.13434814885288116	0.11405594405594409	0.4176947483991308
1.0	0.5	206	0.5663303307849519	0.11189953604134446	0.10762237762237765	0.4544307947436074
1.0	0.5	207	0.5926269671020604	0.15517644803920003	0.12846153846153846	0.43745051906286037
1.0	0.5	208	0.5421184528600367	0.15074356996081248	0.14699300699300702	0.3913748828992242
1.0	0.5	209	0.5307731116479942	0.08319723138696623	0.07027972027972028	0.447575880261028
1.0	0.5	210	0.5212153133439676	0.09334435648913644	0.08776223776223775	0.42787095685483123
1.0	0.5	211	0.530395396107914	0.12402367640533084	0.11762237762237764	0.4063717197025831
1.0	0.5	212	0.6168771506091324	0.15861190875827	0.15321678321678325	0.45826524185086237
1.0	0.5	213	0.5557777470678799	0.12339709958131916	0.1241958041958042	0.4323806474865607
1.0	0.5	214	0.47511440632944885	0.06228709186603602	0.04342657342657343	0.4128273144634128
1.0	0.5	215	0.5289549367742616	0.0870158798721388	0.07300699300699302	0.4419390569021229
1.0	0.5	216	0.4946363643308085	0.07079624360850251	0.057762237762237774	0.423840120722306
1.0	0.5	217	0.5041456001011112	0.13675992830550576	0.11167832167832169	0.36738567179560544
1.0	0.5	218	0.532583335127316	0.07534124676475469	0.05587412587412587	0.45724208836256136
1.0	0.5	219	0.5401483612141397	0.11536236483497558	0.1041958041958042	0.4247859963791641
1.0	0.5	220	0.5643322460640597	0.12259362680112972	0.10000000000000002	0.44173861926293
1.0	0.5	221	0.5454577051789619	0.1308468408658617	0.13552447552447552	0.4146108643131001
1.0	0.5	222	0.5133670995604858	0.07027777797067913	0.06510489510489512	0.44308932158980663
1.0	0.5	223	0.46893458953790945	0.10807194310551603	0.12083916083916087	0.3608626464323934
1.0	0.5	224	0.47746253296009233	0.09006631254605038	0.09286713286713287	0.387396220414042
1.0	0.5	225	0.5775074774357482	0.13087368116227857	0.10853146853146853	0.44663379627346955
1.0	0.5	226	0.512013272231439	0.05960556222608489	0.03209790209790211	0.4524077100053541
1.0	0.5	227	0.5859372680119916	0.12482854501982292	0.12622377622377623	0.4611087229921687
1.0	0.5	228	0.4988742978293735	0.08928856895039511	0.08825174825174827	0.4095857288789784
1.0	0.5	229	0.5108097922290223	0.07921056195177913	0.06391608391608393	0.43159923027724323
1.0	0.5	230	0.5494898121457029	0.09957488164922336	0.0962937062937063	0.44991493049647957
1.0	0.5	231	0.5333124050780591	0.07770214423760016	0.07972027972027972	0.45561026084045897
1.0	0.5	232	0.4992866106157018	0.12955240246694616	0.13076923076923078	0.3697342081487556
1.0	0.5	233	0.5026532171202897	0.11190697354650941	0.1148951048951049	0.39074624357378024
1.0	0.5	234	0.6000853125592448	0.15333723842863778	0.14062937062937064	0.446748074130607
1.0	0.5	235	0.5583932211064035	0.12065788240130722	0.10426573426573427	0.43773533870509634
1.0	0.5	236	0.5325309114797996	0.11444292669647686	0.09538461538461541	0.4180879847833227
1.0	0.5	237	0.5464789975548594	0.10502424654461566	0.09874125874125875	0.44145475101024373
1.0	0.5	238	0.5867571296924512	0.14233227939741624	0.1437762237762238	0.444424850295035
1.0	0.5	239	0.5706186045962531	0.12670611576813595	0.11258741258741259	0.4439124888281172
2.0	0.05	0	0.8088690061590321	0.033853606842782526	0.03209790209790211	0.7750153993162496
2.0	0.05	1	0.8304839100582708	-0.06333675926163837	-0.06720279720279722	0.8938206693199092
2.0	0.05	2	0.8189267700880348	-0.007355817608206671	0.010419580419580424	0.8262825876962415
2.0	0.05	3	0.7464125600087221	0.0031625369184284154	0.0027272727272727253	0.7432500230902938
2.0	0.05	4	0.8056492122563974	-0.019736013705565075	-0.0220979020979021	0.8253852259619625
2.0	0.05	5	0.8266991504855212	0.04356246080726445	0.047482517482517486	0.7831366896782568
2.0	0.05	6	0.7974828593630969	0.026099733402592636	0.01090909090909091	0.7713831259605043
2.0	0.05	7	0.7879636513636468	0.004972927064532684	0.0113986013986014	0.7829907242991141
2.0	0.05	8	0.7917968693033814	0.00885063114627163	0.012517482517482512	0.7829462381571098
2.0	0.05	9	0.8153175800816528	-0.026693865759628996	-0.021678321678321684	0.8420114458412817
2.0	0.05	10	0.7967582616376817	0.008531693424787101	0.016503496503496504	0.7882265682128946
2.0	0.05	11	0.7716600914306189	0.04188775825538768	0.03944055944055944	0.7297723331752312
2.0	0.05	12	0.7978301859931847	0.009288777283873114	0.025314685314685326	0.7885414087093116
2.0	0.05	13	0.826186643185169	0.045426559323999534	0.041468531468531473	0.7807600838611695
2.0	0.05	14	0.7868293380759291	0.0372458869763104	0.032657342657342665	0.7495834510996188
2.0	0.05	15	0.7800095000065973	0.08379189152214689	0.10195804195804196	0.6962176084844505
2.0	0.05	16	0.7962588724019947	0.035935066621574044	0.03363636363636363	0.7603238057804206
2.0	0.05	17	0.805434427385019	0.029013457648234476	0.02909090909090909	0.7764209697367845
2.0	0.05	18	0.7997025970156924	0.048946256212677924	0.07776223776223777	0.7507563408030145
2.0	0.05	19	0.8032404189169576	0.015589753881773527	0.006643356643356639	0.7876506650351841
2.0	0.05	20	0.8134895093677147	0.017837526276059914	-0.012937062937062932	0.7956519830916547
2.0	0.05	21	0.8410985563184419	0.006093122286890477	0.010559440559440558	0.8350054340315514
2.0	0.05	22	0.8039495027427103	-0.005366982893738121	-0.014055944055944063	0.8093164856364484
2.0	0.05	23	0.8140627180991099	0.02092059786152629	0.017132867132867137	0.7931421202375836
2.0	0.05	24	0.7069135256343928	-0.07216195983469434	-0.05860139860139859	0.7790754854690871
2.0	0.05	25	0.8384723669946994	0.02251827258213374	0.04006993006993007	0.8159540944125656
2.0	0.05	26	0.763983697210901	-0.08760829695020622	-0.09993006993006993	0.8515919941611072
2.0	0.05	27	0.8031856549900381	0.006790851938091624	0.020839160839160847	0.7963948030519465
2.0	0.05	28	0.8288797144998018	0.01890492285064087	0.011678321678321679	0.809974791649161
2.0	0.05	29	0.7842899196457777	0.019157992470828104	0.02153846153846154	0.7651319271749496
2.0	0.05	30	0.7493570064979211	0.02130904952017328	0.0306993006993007	0.7280479569777478
2.0	0.05	31	0.8168513728134532	0.04773788037352803	0.048811188811188816	0.7691134924399252
2.0	0.05	32	0.8258522401751668	0.0495429719048416	0.03874125874125875	0.7763092682703252
2.0	0.05	33	0.8420638833776967	0.012634175440399612	0.010839160839160837	0.8294297079372971
2.0	0.05	34	0.8441153500801042	-0.0064960878445054476	-0.0013986013986013995	0.8506114379246096
2.0	0.05	35	0.8395043677113664	0.0303554516357303	0.03314685314685315	0.8091489160756361
2.0	0.05	36	0.800475618385846	0.007268650881007556	0.0038461538461538503	0.7932069675048384
2.0	0.05	37	0.8191520480222556	0.008590269854354066	0.023216783216783218	0.8105617781679015
2.0	0.05	38	0.8160464139211208	0.01688113672301161	0.005944055944055948	0.7991652771981091
2.0	0.05	39	0.8222854738093568	0.0712266050184757	0.05160839160839162	0.7510588687908811
2.0	0.05	40	0.7831703216460568	0.03389805131809119	0.02055944055944056	0.7492722703279656
2.0	0.05	41	0.8550978507623963	0.060421382237071	0.05860139860139861	0.7946764685253254
2.0	0.05	42	0.7948449269756437	-0.0033747592880272828	0.007832167832167827	0.798219686263671
2.0	0.05	43	0.7634211968202755	0.003007550699687986	0.01664335664335664	0.7604136461205876
2.0	0.05	44	0.803142599404583	0.019544631628216406	0.011258741258741259	0.7835979677763666
2.0	0.05	45	0.7768666436573914	0.0032262869626992793	0.013286713286713287	0.7736403566946921
2.0	0.05	46	0.7902478196165413	0.002362633585162212	-0.0030769230769230748	0.7878851860313791
2.0	0.05	47	0.7790194715412997	0.0006547643435863498	0.003356643356643358	0.7783647071977133
2.0	0.05	48	0.7798866874213107	0.08181619570569146	0.06545454545454547	0.6980704917156193
2.0	0.05	49	0.7903597363609279	0.001726459532263564	-0.030419580419580417	0.7886332768286644
2.0	0.05	50	0.8322243626558075	0.006706685212975842	-0.001398601398601394	0.8255176774428317
2.0	0.05	51	0.7883400057916706	-0.020537625373350955	-0.019510489510489507	0.8088776311650215
2.0	0.05	52	0.8089816867928381	0.042390564160114	0.039160839160839164	0.7665911226327241
2.0	0.05	53	0.8037801206806393	0.05334041898640207	0.041188811188811195	0.7504397016942372
2.0	0.05	54	0.7282288321033556	0.03127635505302434	0.04195804195804196	0.6969524770503313
2.0	0.05	55	0.7824870433937801	0.018692387980824985	0.01741258741258741	0.7637946554129551
2.0	0.05	56	0.8071684424780852	0.048605742087320894	0.03643356643356643	0.7585627003907642
2.0	0.05	57	0.813315446746838	0.0059853722120640366	0.016223776223776225	0.8073300745347739
2.0	0.05	58	0.8341529195506386	0.04471452410730841	0.035664335664335675	0.7894383954433303
2.0	0.05	59	0.7653251286980061	-0.03154175107066046	-0.03454545454545454	0.7968668797686665
2.0	0.05	60	0.819291791174855	0.02384449572534425	0.020559440559440558	0.7954472954495106
2.0	0.05	61	0.788808401950279	-0.0038945304823128353	0.009230769230769225	0.7927029324325918
2.0	0.05	62	0.7919545985795824	0.022206064031988913	0.020979020979020983	0.7697485345475935
2.0	0.05	63	0.7924478628110158	-0.035816788761658856	-0.05104895104895105	0.8282646515726746
2.0	0.05	64	0.8046188365408588	-0.011574959427055156	-0.006993006993006994	0.8161937959679139
2.0	0.05	65	0.7587852838786694	-0.006182164015391677	-0.004755244755244762	0.764967447894061
2.0	0.05	66	0.7765726226198768	0.010904243683502558	0.001818181818181822	0.7656683789363743
2.0	0.05	67	0.8120240014055566	-0.014523273974495814	-0.011328671328671325	0.8265472753800525
2.0	0.05	68	0.7763574419148902	0.01378290540479542	0.01853146853146852	0.7625745365100948
2.0	0.05	69	0.7488165200114723	0.004015002788196381	-0.015384615384615384	0.7448015172232759
2.0	0.05	70	0.7693823606821948	0.05368174561232334	0.04454545454545456	0.7157006150698715
2.0	0.05	71	0.8036871900605487	0.004624662933793704	0.025104895104895112	0.799062527126755
2.0	0.05	72	0.7568688242144612	0.04499773263731433	0.040839160839160844	0.7118710915771469
2.0	0.05	73	0.7467156991081243	0.014013808342922459	0.004125874125874128	0.7327018907652019
2.0	0.05	74	0.7436397316942582	0.03826285296031455	0.02909090909090909	0.7053768787339437
2.0	0.05	75	0.7986487976727762	0.09313926606893477	0.090979020979021	0.7055095316038414
2.0	0.05	76	0.7874500815625566	0.06666390046104198	0.07055944055944058	0.7207861811015146
2.0	0.05	77	0.7487396171802898	-0.014214843204752227	-0.011118881118881119	0.762954460385042
2.0	0.05	78	0.764405398892638	0.004576544844822809	0.014475524475524476	0.7598288540478152
2.0	0.05	79	0.777169768867895	0.07393040550722604	0.0681818181818182	0.703239363360669
2.0	0.05	80	0.7809752298439095	0.020179798735971345	0.0348951048951049	0.7607954311079382
2.0	0.05	81	0.7935834955440942	0.052155980663875466	0.0404895104895105	0.7414275148802187
2.0	0.05	82	0.7743049057672957	-0.026958692332425233	-0.04216783216783218	0.8012635980997209
2.0	0.05	83	0.8217912998550694	0.07396505830906827	0.06783216783216785	0.7478262415460011
2.0	0.05	84	0.8267260532819816	0.0549124825781129	0.04244755244755246	0.7718135707038687
2.0	0.05	85	0.7887734783149156	-0.06338605096253538	-0.06433566433566434	0.852159529277451
2.0	0.05	86	0.7948938436762802	0.028491519785777627	0.018531468531468528	0.7664023238905027
2.0	0.05	87	0.8303866669351854	-0.005336260650181008	-0.010419580419580415	0.8357229275853664
2.0	0.05	88	0.8258151845938781	0.0404354933579815	0.02909090909090909	0.7853796912358967
2.0	0.05	89	0.7965555809413756	0.009814972093730622	0.0023076923076923105	0.786740608847645
2.0	0.05	90	0.8145188989714576	-0.012151765383170405	-0.00972027972027973	0.826670664354628
2.0	0.05	91	0.8159310457854485	-0.004852093647287255	-0.02265734265734266	0.8207831394327357
2.0	0.05	92	0.8089018256262679	-0.01781413042647946	-0.005454545454545454	0.8267159560527474
2.0	0.05	93	0.810170347340519	0.05364243308502298	0.04657342657342658	0.7565279142554959
2.0	0.05	94	0.7830156062608377	0.009153304967572894	0.023356643356643357	0.7738623012932647
2.0	0.05	95	0.8161646015031956	-0.029153554967746506	-0.014405594405594413	0.8453181564709421
2.0	0.05	96	0.7644849545034407	-0.05643251141146626	-0.06720279720279723	0.8209174659149069
2.0	0.05	97	0.7924220433486412	0.04084286169643173	0.04013986013986015	0.7515791816522095
2.0	0.05	98	0.7769891229091133	0.0622674946302046	0.0567832167832168	0.7147216282789086
2.0	0.05	99	0.8168846436698914	0.05281146723018558	0.046153846153846156	0.7640731764397058
2.0	0.05	100	0.7977540956625664	0.05295837010997923	0.05083916083916085	0.7447957255525871
2.0	0.05	101	0.8134675996302775	0.05546328157172332	0.05321678321678322	0.7580043180585542
2.0	0.05	102	0.7746219893208259	0.039679083110474384	0.04356643356643357	0.7349429062103515
2.0	0.05	103	0.7962854279759917	0.04524761475528803	0.04125874125874127	0.7510378132207036
2.0	0.05	104	0.7977866651296285	-0.04720757444970448	-0.051118881118881125	0.844994239579333
2.0	0.05	105	0.8023336266205741	0.03301965487476033	0.03468531468531469	0.7693139717458137
2.0	0.05	106	0.7723907169379979	-0.01869422131543147	-0.017692307692307695	0.7910849382534293
2.0	0.05	107	0.7651879133249399	-0.014023877794359579	-0.012797202797202803	0.7792117911192994
2.0	0.05	108	0.800716528275367	-0.0019777999845833226	-0.0014685314685314687	0.8026943282599504
2.0	0.05	109	0.8331059118791054	0.04954074968107617	0.05076923076923078	0.7835651621980293
2.0	0.05	110	0.788221637653915	0.020931535369121783	0.02097902097902098	0.7672901022847932
2.0	0.05	111	0.807687908116603	-0.0004143475099635486	-0.014755244755244762	0.8081022556265665
2.0	0.05	112	0.8126926199254306	0.020945257600873336	0.030699300699300703	0.7917473623245573
2.0	0.05	113	0.7839255096704928	0.012674224079322276	0.015034965034965044	0.7712512855911705
2.0	0.05	114	0.7847305102295211	0.018635339330096756	0.017202797202797212	0.7660951708994244
2.0	0.05	115	0.8064814628343492	-0.006721192167494561	-0.02111888111888113	0.8132026550018437
2.0	0.05	116	0.7967798519304526	0.03270259909902715	0.008181818181818184	0.7640772528314255
2.0	0.05	117	0.8150186701518541	0.020821139459124623	0.02559440559440559	0.7941975306927295
2.0	0.05	118	0.8091279855055454	0.04643874058245874	0.04342657342657343	0.7626892449230867
2.0	0.05	119	0.7942999543749684	0.019747152602189306	0.01461538461538462	0.7745528017727791
2.0	0.05	120	0.7808083894502703	-0.029302749515798275	-0.0344055944055944	0.8101111389660686
2.0	0.05	121	0.8132378703040767	0.006582782349154409	0.007832167832167827	0.8066550879549222
2.0	0.05	122	0.7366735324121753	-0.038231887661033095	-0.03888111888111889	0.7749054200732084
2.0	0.05	123	0.7726628421269738	-0.012518814249176561	0.0065034965034965	0.7851816563761503
2.0	0.05	124	0.7425441962112473	0.0332364397475276	0.019790209790209796	0.7093077564637198
2.0	0.05	125	0.8404366461365597	0.03338786346379407	0.028811188811188812	0.8070487826727656
2.0	0.05	126	0.8430502590626798	-0.023554842746418572	-0.015944055944055947	0.8666051018090984
2.0	0.05	127	0.7944622392098883	0.006229969604145558	-0.0020279720279720286	0.7882322696057428
2.0	0.05	128	0.8012619730985925	-0.023586273323800918	-0.00377622377622378	0.8248482464223934
2.0	0.05	129	0.7796000136111206	0.05991065966018032	0.04356643356643357	0.7196893539509404
2.0	0.05	130	0.7875306857851986	0.07570744146350102	0.09846153846153846	0.7118232443216975
2.0	0.05	131	0.7647781213736953	0.028556207330699534	0.018321678321678317	0.7362219140429958
2.0	0.05	132	0.7961558167748728	0.011605827504046878	0.005384615384615385	0.7845499892708259
2.0	0.05	133	0.7831922730501896	0.039657117817442925	0.029860139860139877	0.7435351552327466
2.0	0.05	134	0.8004747433852385	0.047175629983076374	0.03657342657342657	0.7532991134021622
2.0	0.05	135	0.8072942411765563	-0.03444792669994909	-0.0316083916083916	0.8417421678765055
2.0	0.05	136	0.8332821828348491	0.012539626763629696	-0.0059440559440559395	0.8207425560712194
2.0	0.05	137	0.8074959774277621	0.016146059823652654	0.018181818181818188	0.7913499176041094
2.0	0.05	138	0.7684462489210062	0.04264872406161393	0.030489510489510492	0.7257975248593923
2.0	0.05	139	0.8424673697690068	-0.005105378545401768	-0.019790209790209793	0.8475727483144085
2.0	0.05	140	0.8083503530210786	-0.003968419422513488	0.010489510489510493	0.8123187724435921
2.0	0.05	141	0.7698206248754339	0.036566421226681405	0.030279720279720288	0.7332542036487525
2.0	0.05	142	0.7925953837467942	-0.018150463993377774	-0.019860139860139854	0.8107458477401719
2.0	0.05	143	0.7780889639506695	0.013639981694431732	0.01293706293706294	0.7644489822562378
2.0	0.05	144	0.7651007188199436	0.021368375950261077	0.0037762237762237762	0.7437323428696825
2.0	0.05	145	0.7680360264139071	-0.0010967438171832064	-0.0011188811188811163	0.7691327702310903
2.0	0.05	146	0.7871942549960104	-0.0023728697033817384	0.0034965034965034948	0.789567124699392
2.0	0.05	147	0.7909852715175497	-0.02617705290073118	-0.030559440559440557	0.8171623244182808
2.0	0.05	148	0.8121553348300936	-0.02298388401658612	-0.010209790209790204	0.8351392188466797
2.0	0.05	149	0.8423028418769735	-0.003861092959092333	0.004475524475524472	0.8461639348360658
2.0	0.05	150	0.828098394512774	0.04704385211378619	0.034475524475524474	0.7810545423989879
2.0	0.05	151	0.7833427800991528	0.0030322937724262308	0.008531468531468533	0.7803104863267266
2.0	0.05	152	0.832369703034516	0.012695251871702689	0.025244755244755245	0.8196744511628132
2.0	0.05	153	0.8071848174894566	0.010621910154104273	0.00923076923076923	0.7965629073353523
2.0	0.05	154	0.7622324876614498	-0.0468436853081148	-0.03188811188811189	0.8090761729695646
2.0	0.05	155	0.7904894447843367	0.02302358543304544	0.01993006993006994	0.7674658593512913
2.0	0.05	156	0.8162186432073911	0.044463891988813876	0.031538461538461536	0.7717547512185773
2.0	0.05	157	0.8145104892433954	-0.0334588774019982	-0.027972027972027982	0.8479693666453936
2.0	0.05	158	0.7725811267924492	-0.00019877791581799712	0.006783216783216791	0.7727799047082672
2.0	0.05	159	0.7783920405500283	0.022690592146244543	0.03125874125874127	0.7557014484037837
2.0	0.05	160	0.8381516584386516	0.021196632775439428	0.023356643356643357	0.8169550256632121
2.0	0.05	161	0.8177124081336168	-0.010493104509100354	-0.019440559440559443	0.8282055126427171
2.0	0.05	162	0.841816758206082	0.08177501512153827	0.08181818181818182	0.7600417430845438
2.0	0.05	163	0.7903048335450232	0.05722101195903609	0.05727272727272728	0.7330838215859872
2.0	0.05	164	0.7856539344818989	-0.022396189164020253	-0.02972027972027973	0.8080501236459192
2.0	0.05	165	0.7506633962940252	0.0024521753140106348	0.007902097902097907	0.7482112209800146
2.0	0.05	166	0.7827783074849358	-0.014374641926834672	-0.01237762237762238	0.7971529494117705
2.0	0.05	167	0.7783097557706637	0.026283879363805114	0.023006993006993	0.7520258764068586
2.0	0.05	168	0.7895917983276378	-0.013069529909395769	-0.008601398601398597	0.8026613282370336
2.0	0.05	169	0.7470081507001045	-0.021835195718885918	-0.022937062937062946	0.7688433464189904
2.0	0.05	170	0.7780387347491214	-0.035453732953981215	-0.020699300699300694	0.8134924677031027
2.0	0.05	171	0.8005637573359426	0.027030234048773645	0.03713286713286714	0.773533523287169
2.0	0.05	172	0.8384026933352036	0.030242500168402898	0.047972027972027986	0.8081601931668007
2.0	0.05	173	0.8253201286945338	0.0003118891054785455	-0.008181818181818186	0.8250082395890552
2.0	0.05	174	0.8453287050893784	0.06855192954995107	0.05153846153846154	0.7767767755394274
2.0	0.05	175	0.8157476359358582	0.01677242831418633	0.01727272727272728	0.7989752076216718
2.0	0.05	176	0.7780536444816974	-0.010964959003443752	-0.004965034965034972	0.7890186034851412
2.0	0.05	177	0.8123053071564632	0.04992827078352138	0.04902097902097902	0.7623770363729419
2.0	0.05	178	0.8033548287186312	-0.01370739840791556	-0.002167832167832169	0.8170622271265467
2.0	0.05	179	0.7990056868095048	-0.0021427306546740656	0.011468531468531471	0.8011484174641789
2.0	0.05	180	0.8436552525383698	0.017923088835478357	-0.01433566433566433	0.8257321637028915
2.0	0.05	181	0.8249606978893737	0.05968288172422342	0.04349650349650351	0.7652778161651502
2.0	0.05	182	0.8254745593573328	0.05348394686385199	0.06776223776223776	0.7719906124934809
2.0	0.05	183	0.7636836622803211	0.008563693447009338	-0.006573426573426575	0.7551199688333118
2.0	0.05	184	0.8349309825909602	0.03900093680620611	0.04594405594405595	0.7959300457847541
2.0	0.05	185	0.7836821553348301	-0.022328515505913547	-0.025454545454545462	0.8060106708407436
2.0	0.05	186	0.7158542332321064	-0.012774807482505196	-0.009300699300699308	0.7286290407146115
2.0	0.05	187	0.8253959620805292	0.02787768602617085	0.004545454545454549	0.7975182760543584
2.0	0.05	188	0.7218210707090769	0.05999687499782985	0.0706993006993007	0.661824195711247
2.0	0.05	189	0.8332116550080937	0.0646861768654006	0.06713286713286715	0.7685254781426931
2.0	0.05	190	0.8270288590478188	0.030332590508743408	0.01685314685314686	0.7966962685390754
2.0	0.05	191	0.7732054327815505	0.03588998325693282	0.0262937062937063	0.7373154495246177
2.0	0.05	192	0.7581824570711507	-0.021179098041040303	-0.007692307692307694	0.7793615551121911
2.0	0.05	193	0.7780821722792862	0.017648324755781077	0.009999999999999998	0.7604338475235052
2.0	0.05	194	0.7451401702362292	0.038171575119149384	0.026083916083916095	0.7069685951170799
2.0	0.05	195	0.7583712558133721	0.018609575423316267	0.02909090909090909	0.7397616803900557
2.0	0.05	196	0.8067652963647892	0.0566159907055491	0.040279720279720294	0.7501493056592401
2.0	0.05	197	0.7728610505979518	-0.01737022734043565	-0.011748251748251747	0.7902312779383875
2.0	0.05	198	0.8005363128724396	-0.0110216465428101	-0.003566433566433571	0.8115579594152498
2.0	0.05	199	0.762356126636199	0.008778415818344317	-0.0007692307692307724	0.7535777108178547
2.0	0.05	200	0.7450769201923056	0.016648997672915052	0.03734265734265734	0.7284279225193906
2.0	0.05	201	0.7549534201065419	-0.020517000359028027	0.008111888111888113	0.7754704204655699
2.0	0.05	202	0.7743580585819851	0.034845774198454305	0.025034965034965034	0.7395122843835309
2.0	0.05	203	0.7851614827510297	0.028504776739428292	0.013006993006993017	0.7566567060116014
2.0	0.05	204	0.7810342854404759	-0.06751668577547623	-0.07027972027972029	0.8485509712159521
2.0	0.05	205	0.7986462282265474	0.025705233128634115	0.024055944055944054	0.7729409950979133
2.0	0.05	206	0.8050779757485943	0.01935972872203383	0.009999999999999995	0.7857182470265605
2.0	0.05	207	0.8331495855205455	0.04394081523667725	0.012307692307692311	0.7892087702838683
2.0	0.05	208	0.7556662678237971	-0.0025035295163399417	0.0011188811188811221	0.758169797340137
2.0	0.05	209	0.7916348066908379	0.09697534512176745	0.09104895104895105	0.6946594615690704
2.0	0.05	210	0.805748906770074	-0.0025842101279237	0.018181818181818184	0.8083331168979977
2.0	0.05	211	0.7970349423853766	-0.010775819983208321	-0.010279720279720284	0.807810762368585
2.0	0.05	212	0.7768727617171957	0.02349269686992838	0.018811188811188817	0.7533800648472673
2.0	0.05	213	0.7936370372479424	-0.009224318905777018	-0.0037062937062937113	0.8028613561537195
2.0	0.05	214	0.7969663590044159	0.018114026468073936	0.014615384615384619	0.778852332536342
2.0	0.05	215	0.7955001913195773	0.03358744693572704	0.021118881118881116	0.7619127443838503
2.0	0.05	216	0.779673041439612	0.032494994788190824	0.014685314685314692	0.7471780466514212
2.0	0.05	217	0.7671211924452725	-0.006646428226686267	-0.007762237762237767	0.7737676206719588
2.0	0.05	218	0.8004510211465425	0.02856929067311852	0.018741258741258746	0.771881730473424
2.0	0.05	219	0.7984215127927172	-0.001919431888494367	-0.005874125874125873	0.8003409446812116
2.0	0.05	220	0.8180439361416223	0.04386499573958037	0.044755244755244755	0.7741789404020419
2.0	0.05	221	0.809834722107446	-0.0050357673859495735	-0.0072027972027971995	0.8148704894933956
2.0	0.05	222	0.810914820079736	0.02749613715009524	0.01678321678321678	0.7834186829296408
2.0	0.05	223	0.7816542372598869	0.019261117542442738	0.018601398601398606	0.7623931197174442
2.0	0.05	224	0.8027697449789896	0.019410638479610057	0.01965034965034965	0.7833591064993795
2.0	0.05	225	0.7938526554532329	0.04006559032332661	0.04132867132867133	0.7537870651299063
2.0	0.05	226	0.8112521397584304	0.05134716065775046	0.042377622377622395	0.7599049791006799
2.0	0.05	227	0.7706396115552858	0.020324257169623036	0.014965034965034964	0.7503153543856628
2.0	0.05	228	0.8081278945332601	0.011018847929755507	0.006503496503496502	0.7971090466035046
2.0	0.05	229	0.7636342594682356	0.020792021383348184	0.001118881118881124	0.7428422380848874
2.0	0.05	230	0.8178504360072472	0.01893294370343313	0.04006993006993007	0.798917492303814
2.0	0.05	231	0.8286023254182815	-0.05684406030837521	-0.053916083916083914	0.8854463857266567
2.0	0.05	232	0.8186698740763013	0.045421871820744315	0.04384615384615384	0.773248002255557
2.0	0.05	233	0.7968187686241448	0.022734918565915672	0.03972027972027972	0.7740838500582291
2.0	0.05	234	0.8350004340280792	-0.028757367192616106	-0.029650349650349645	0.8637578012206953
2.0	0.05	235	0.7719835430441272	0.03082709779659569	0.017902097902097895	0.7411564452475315
2.0	0.05	236	0.776018636124053	0.02672140050097257	0.02846153846153848	0.7492972356230804
2.0	0.05	237	0.8089490339923847	0.006807157504970489	0.007552447552447557	0.8021418764874142
2.0	0.05	238	0.7956824692239369	0.037281046722949115	0.0534965034965035	0.7584014225009879
2.0	0.05	239	0.8156827331130092	0.023559946916629805	0.03153846153846154	0.7921227861963794
2.0	0.2	0	0.8576772553314272	0.11504105905629101	0.12531468531468534	0.7426361962751362
2.0	0.2	1	0.8192274022412516	0.07413741953987468	0.06923076923076925	0.7450899827013768
2.0	0.2	2	0.8146492185064016	0.05327950227743213	0.05748251748251748	0.7613697162289694
2.0	0.2	3	0.7648714269940465	0.10920808278339082	0.09713286713286713	0.6556633442106558
2.0	0.2	4	0.823004897920068	0.07918015220843903	0.07111888111888112	0.743824745711629
2.0	0.2	5	0.8153368717617165	0.07092808397783608	0.06433566433566434	0.7444087877838804
2.0	0.2	6	0.8290903882572142	0.0511647785866518	0.06405594405594404	0.7779256096705623
2.0	0.2	7	0.8247021629876131	0.09865389489853812	0.08685314685314685	0.726048268089075
2.0	0.2	8	0.8017888345755796	0.056183337627317795	0.043216783216783225	0.7456054969482618
2.0	0.2	9	0.8077818387373881	0.05553301078681304	0.05181818181818183	0.752248827950575
2.0	0.2	10	0.8222700918542305	0.05387840547111491	0.04867132867132867	0.7683916863831156
2.0	0.2	11	0.8395165135531345	0.05661912265216851	0.05314685314685315	0.782897390900966
2.0	0.2	12	0.7543211141118848	-0.009162450807257505	-0.01762237762237762	0.7634835649191424
2.0	0.2	13	0.8295779997069442	0.10024135433427384	0.10797202797202798	0.7293366453726704
2.0	0.2	14	0.8086883463113517	0.05428416964178448	0.04440559440559442	0.7544041766695672
2.0	0.2	15	0.7835567316366192	0.04446128087588949	0.040839160839160844	0.7390954507607297
2.0	0.2	16	0.7893469509353827	0.023790349854409622	0.022237762237762235	0.765556601080973
2.0	0.2	17	0.7806925907587436	0.023287974505537847	0.022937062937062932	0.7574046162532058
2.0	0.2	18	0.7994109509798271	0.011869383242627252	0.008461538461538454	0.7875415677371999
2.0	0.2	19	0.8094890760340805	0.055190843882530476	0.033986013986013995	0.75429823215155
2.0	0.2	20	0.7216895914511052	-0.00412806536671206	0.008111888111888106	0.7258176568178173
2.0	0.2	21	0.8363749835937386	0.03716890775618594	0.0276923076923077	0.7992060758375527
2.0	0.2	22	0.8320306750213021	0.053851023507655214	0.049720279720279724	0.7781796515136469
2.0	0.2	23	0.8119297582845543	0.03606514310079382	0.04090909090909091	0.7758646151837605
2.0	0.2	24	0.8444441905862435	0.07772941508987159	0.08664335664335665	0.7667147754963719
2.0	0.2	25	0.7751324688419923	0.0495347705102573	0.0404895104895105	0.7255976983317349
2.0	0.2	26	0.7721797584581657	0.0626932518703138	0.06356643356643357	0.7094865065878518
2.0	0.2	27	0.7911262507821186	0.029640971972897202	0.022797202797202806	0.7614852788092215
2.0	0.2	28	0.7546417254456426	0.0428261200181389	0.039230769230769236	0.7118156054275037
2.0	0.2	29	0.8157484206586254	0.015240857806151255	0.004965034965034956	0.8005075628524742
2.0	0.2	30	0.8162876501997571	0.06321357862054071	0.05125874125874127	0.7530740715792165
2.0	0.2	31	0.834230412660009	0.010814889454784345	0.002587412587412588	0.8234155232052246
2.0	0.2	32	0.8456222122376473	0.04830624187933464	0.06076923076923078	0.7973159703583127
2.0	0.2	33	0.7957523095502148	0.09204937642317806	0.08881118881118882	0.7037029331270368
2.0	0.2	34	0.8330623979599986	0.0860313097439651	0.062027972027972035	0.7470310882160335
2.0	0.2	35	0.8042219751541494	0.058018929179811926	0.053006993006993006	0.7462030459743375
2.0	0.2	36	0.7507097713262302	0.06510507298963403	0.05909090909090909	0.6856046983365962
2.0	0.2	37	0.7918572651786564	0.08409570423312794	0.0916783216783217	0.7077615609455284
2.0	0.2	38	0.7520359597471943	0.037244581419848204	0.029370629370629366	0.7147913783273461
2.0	0.2	39	0.8031446410726674	0.08122022306959936	0.06321678321678323	0.721924418003068
2.0	0.2	40	0.8418006123615364	0.016618351818299876	0.018741258741258753	0.8251822605432365
2.0	0.2	41	0.7971281299500902	-0.009795937358289831	-0.0007692307692307749	0.8069240673083801
2.0	0.2	42	0.7860233236273081	0.06618554596218469	0.05741258741258744	0.7198377776651234
2.0	0.2	43	0.7263522266334907	0.06578221234875857	0.0555944055944056	0.6605700142847322
2.0	0.2	44	0.7886624782378321	-0.012508348964131225	-0.019930069930069932	0.8011708272019633
2.0	0.2	45	0.7616366261365459	0.0832779536652456	0.0834965034965035	0.6783586724713003
2.0	0.2	46	0.7924710850493646	0.023082071584771935	0.0028671328671328595	0.7693890134645927
2.0	0.2	47	0.8560564903170073	0.03026263212682787	0.039860139860139865	0.8257938581901794
2.0	0.2	48	0.8314043968086089	0.0631392382911377	0.06531468531468533	0.7682651585174712
2.0	0.2	49	0.8099840833222801	0.03703927572171925	0.020139860139860143	0.7729448076005608
2.0	0.2	50	0.7666751504688545	0.02359334971760397	0.013356643356643357	0.7430818007512505
2.0	0.2	51	0.7650075937552735	0.03308393269717548	0.04055944055944058	0.731923661058098
2.0	0.2	52	0.8196353816912373	-0.011542049681978946	-0.010279720279720272	0.8311774313732162
2.0	0.2	53	0.745455809344312	0.029986944435378075	0.039860139860139865	0.7154688649089339
2.0	0.2	54	0.7900544583711516	0.11424901683959503	0.08433566433566435	0.6758054415315566
2.0	0.2	55	0.812745904684656	0.02739183846655449	0.0313986013986014	0.7853540662181016
2.0	0.2	56	0.8102373196092497	0.06804565836504053	0.0551048951048951	0.7421916612442092
2.0	0.2	57	0.8179633596967775	0.09263714766468588	0.09342657342657343	0.7253262120320916
2.0	0.2	58	0.7967207616116398	0.030209201534167732	0.005314685314685318	0.7665115600774721
2.0	0.2	59	0.7927747102602154	0.06637527526060782	0.06027972027972029	0.7263994349996076
2.0	0.2	60	0.8074584287905754	0.07333257175873038	0.06587412587412589	0.734125857031845
2.0	0.2	61	0.7998778957485387	0.05008937506206601	0.05202797202797203	0.7497885206864727
2.0	0.2	62	0.8053503301043959	0.021066188240408498	0.025734265734265734	0.7842841418639874
2.0	0.2	63	0.8124592517078136	0.04634601829584604	0.04650349650349649	0.7661132334119676
2.0	0.2	64	0.797462053793093	0.03438666276851582	0.026083916083916088	0.7630753910245771
2.0	0.2	65	0.8405776809567229	0.06511574660815736	0.06643356643356642	0.7754619343485656
2.0	0.2	66	0.8417832720717167	0.032874613107370214	0.036993006993007	0.8089086589643465
2.0	0.2	67	0.7810945077045192	0.07131609119172999	0.06636363636363637	0.7097784165127892
2.0	0.2	68	0.8319777097067428	0.06435130163284836	0.07398601398601401	0.7676264080738944
2.0	0.2	69	0.8221217028622938	0.06751821355431496	0.07601398601398603	0.7546034893079788
2.0	0.2	70	0.7977375053732676	0.10104912572855954	0.08055944055944057	0.6966883796447081
2.0	0.2	71	0.7558401985001378	0.05618308068269491	0.05174825174825175	0.6996571178174429
2.0	0.2	72	0.8209699451180176	0.10154610524035086	0.09083916083916083	0.7194238398776667
2.0	0.2	73	0.8332543494821871	0.04669471298243957	0.04930069930069931	0.7865596364997476
2.0	0.2	74	0.7908932575647621	0.014006058337540511	-0.007902097902097909	0.7768871992272216
2.0	0.2	75	0.7924013558342748	0.022262557126775787	0.004475524475524477	0.770138798707499
2.0	0.2	76	0.8042744821350571	0.08272939772874842	0.060559440559440555	0.7215450844063087
2.0	0.2	77	0.8068631644883086	0.10517873970745811	0.09755244755244753	0.7016844247808505
2.0	0.2	78	0.7489847770727618	-0.003066516018413902	-0.0021678321678321693	0.7520512930911757
2.0	0.2	79	0.8095705760906778	0.051144209127923	0.035594405594405604	0.7584263669627549
2.0	0.2	80	0.7765277892554092	0.011380035680580334	0.012517482517482525	0.7651477535748289
2.0	0.2	81	0.7819638694193537	0.07822007515282996	0.08307692307692309	0.7037437942665238
2.0	0.2	82	0.82101482709363	0.03773547759408166	0.051118881118881125	0.7832793494995484
2.0	0.2	83	0.8055102052154203	0.0856542817043623	0.10300699300699302	0.719855923511058
2.0	0.2	84	0.7989933326342588	0.08197259164763308	0.07335664335664338	0.7170207409866257
2.0	0.2	85	0.7922231195993887	0.054077822276265466	0.06692307692307695	0.7381452973231233
2.0	0.2	86	0.8092363328030089	0.032732981064570184	0.03643356643356644	0.7765033517384387
2.0	0.2	87	0.8050054131982036	0.08484473253106425	0.07657342657342658	0.7201606806671393
2.0	0.2	88	0.7856324900225625	0.054256044622253204	0.06685314685314685	0.7313764454003093
2.0	0.2	89	0.8044252044619474	0.06192785550545521	0.06272727272727274	0.7424973489564922
2.0	0.2	90	0.8260239069610464	0.0776965261781432	0.07629370629370631	0.7483273807829033
2.0	0.2	91	0.7797418053762537	0.0554533579537208	0.05713286713286715	0.724288447422533
2.0	0.2	92	0.813908113825079	0.08102593126800782	0.07881118881118883	0.7328821825570712
2.0	0.2	93	0.7863045668781714	0.052230584882350606	0.04552447552447551	0.7340739819958209
2.0	0.2	94	0.8410135215371678	0.11069326437032248	0.10293706293706295	0.7303202571668453
2.0	0.2	95	0.8073541578848319	0.09398321109945215	0.0948951048951049	0.7133709467853797
2.0	0.2	96	0.8058465387823185	0.06063238238359888	0.05139860139860141	0.7452141563987196
2.0	0.2	97	0.8532879675610885	0.072817876956859	0.061748251748251756	0.7804700906042294
2.0	0.2	98	0.8027367588449714	0.09321954390246104	0.08608391608391608	0.7095172149425104
2.0	0.2	99	0.828483151724411	0.073950224965434	0.06923076923076925	0.754532926758977
2.0	0.2	100	0.8092779925541614	0.020430007243060586	0.015034965034965037	0.7888479853111009
2.0	0.2	101	0.8181098806318615	0.03785832490161452	0.04853146853146853	0.780251555730247
2.0	0.2	102	0.7943675585885823	0.058024741683848385	0.05692307692307692	0.7363428169047339
2.0	0.2	103	0.7981258945318712	0.00601117778554013	0.01755244755244755	0.792114716746331
2.0	0.2	104	0.7325447031560439	0.020228708492158676	0.027762237762237775	0.7123159946638853
2.0	0.2	105	0.7820370986368741	0.05468237825165157	0.044335664335664354	0.7273547203852225
2.0	0.2	106	0.784047662533099	0.019573326092587568	0.00041958041958042473	0.7644743364405114
2.0	0.2	107	0.7869993243050865	0.030985139573013593	0.037482517482517484	0.7560141847320728
2.0	0.2	108	0.8341375306510631	0.05691261591153882	0.053216783216783234	0.7772249147395243
2.0	0.2	109	0.7667124768836645	0.03263652266425185	0.03041958041958042	0.7340759542194126
2.0	0.2	110	0.7759503860766569	0.06093494509371187	0.0597902097902098	0.715015440982945
2.0	0.2	111	0.8071769424839879	-0.007443387113463274	0.010279720279720279	0.8146203295974511
2.0	0.2	112	0.7892906731185229	0.10476005191670272	0.09517482517482519	0.6845306212018202
2.0	0.2	113	0.7703537780234571	0.06345358573165676	0.07062937062937065	0.7069001922918003
2.0	0.2	114	0.7476643108779937	-0.03780463041988224	-0.03426573426573428	0.7854689412978759
2.0	0.2	115	0.789625673351162	0.04950720104666739	0.06027972027972029	0.7401184723044946
2.0	0.2	116	0.7946492740619958	0.08857258234207108	0.05916083916083918	0.7060766917199247
2.0	0.2	117	0.7693898676318525	0.07420167652894202	0.08251748251748253	0.6951881911029104
2.0	0.2	118	0.7857996429164188	0.03992831939466625	0.05139860139860141	0.7458713235217526
2.0	0.2	119	0.799538895513122	0.054939878430471135	0.046223776223776235	0.7445990170826509
2.0	0.2	120	0.8316557372609287	0.13018142373709982	0.12286713286713288	0.7014743135238288
2.0	0.2	121	0.8264032544467045	0.03296352289133535	0.03153846153846152	0.7934397315553692
2.0	0.2	122	0.8170087270893939	0.045698510901743684	0.024405594405594404	0.7713102161876502
2.0	0.2	123	0.7954465246156422	0.04707254657815735	0.03909090909090909	0.748373978037485
2.0	0.2	124	0.7997155206357781	0.06561386500962847	0.05965034965034967	0.7341016556261496
2.0	0.2	125	0.7553948509686466	0.040175590399715556	0.031608391608391614	0.715219260568931
2.0	0.2	126	0.793168641089334	0.05360932195091802	0.04160839160839161	0.739559319138416
2.0	0.2	127	0.8098491526730227	0.07209320284250198	0.06727272727272728	0.7377559498305207
2.0	0.2	128	0.7326125157031359	0.0786367837755443	0.06503496503496503	0.6539757319275916
2.0	0.2	129	0.7850684132419536	0.04640403222502238	0.059020979020979046	0.7386643810169312
2.0	0.2	130	0.7879556791358883	0.08119252860592265	0.07202797202797204	0.7067631505299656
2.0	0.2	131	0.7585570823313071	0.03446589893465204	0.019230769230769235	0.7240911833966551
2.0	0.2	132	0.8188417005845143	0.048693707426185714	0.04370629370629371	0.7701479931583286
2.0	0.2	133	0.8532236550164272	0.04275880747139407	0.03538461538461539	0.8104648475450331
2.0	0.2	134	0.8173258592540689	0.08189602909446465	0.0848951048951049	0.7354298301596042
2.0	0.2	135	0.8023370780118598	0.07540583708738685	0.0727972027972028	0.726931240924473
2.0	0.2	136	0.830288125200087	0.07135410510701744	0.0718881118881119	0.7589340200930695
2.0	0.2	137	0.8026406685004642	0.08898451318368972	0.08342657342657345	0.7136561553167745
2.0	0.2	138	0.769044402114168	0.014106704240766835	0.0279020979020979	0.7549376978734011
2.0	0.2	139	0.7944393225273074	0.06336478011443063	0.04146853146853149	0.7310745424128768
2.0	0.2	140	0.8095471385744016	0.06573929565228864	0.06503496503496503	0.743807842922113
2.0	0.2	141	0.7718203415419039	0.06007838894332566	0.052727272727272734	0.7117419525985783
2.0	0.2	142	0.7901106806324172	-0.002638737943568016	-0.012097902097902095	0.7927494185759852
2.0	0.2	143	0.822773008870145	0.10178808457505872	0.090979020979021	0.7209849242950863
2.0	0.2	144	0.7768800464444766	0.022772307480769083	0.04055944055944056	0.7541077389637075
2.0	0.2	145	0.8263606919171472	0.08749688715061608	0.08454545454545455	0.7388638047665311
2.0	0.2	146	0.7701535001065974	0.030170055673649776	0.03447552447552448	0.7399834444329476
2.0	0.2	147	0.8120877445053781	0.01864665878240193	0.009300699300699301	0.7934410857229762
2.0	0.2	148	0.7008766186643185	0.07391798883193668	0.06965034965034966	0.6269586298323818
2.0	0.2	149	0.7759201707778964	0.04185777212345286	0.029160839160839162	0.7340623986544436
2.0	0.2	150	0.8227259185596657	0.0570032201411251	0.0497902097902098	0.7657226984185406
2.0	0.2	151	0.8032295439094056	0.027292213397370417	0.021818181818181813	0.7759373305120352
2.0	0.2	152	0.8088069575048317	0.024788218602929585	0.02377622377622378	0.7840187389019021
2.0	0.2	153	0.8085555128857729	0.045278628665714346	0.033636363636363645	0.7632768842200586
2.0	0.2	154	0.7157341150931354	0.030713653273370327	0.03006993006993007	0.6850204618197652
2.0	0.2	155	0.8008289589089992	0.09554679551860798	0.08104895104895107	0.7052821633903912
2.0	0.2	156	0.7838143012599315	0.020561347612046955	0.0241958041958042	0.7632529536478845
2.0	0.2	157	0.8379373874565191	0.0889125270225882	0.08986013986013987	0.7490248604339309
2.0	0.2	158	0.7491951174966094	0.06305758545665656	0.05692307692307694	0.6861375320399529
2.0	0.2	159	0.8187070477132276	0.09369077339637041	0.08132867132867135	0.7250162743168571
2.0	0.2	160	0.8148992672911578	0.01732084536169817	0.010489510489510493	0.7975784219294596
2.0	0.2	161	0.7930693007425699	0.03765888726311615	0.033006993006993016	0.7554104134794537
2.0	0.2	162	0.801485424642656	0.03548966353448856	0.03552447552447553	0.7659957611081675
2.0	0.2	163	0.8006542712876884	0.030848729756062333	0.01811188811188812	0.7698055415316261
2.0	0.2	164	0.8200062361154417	0.0746588365686365	0.06391608391608392	0.7453473995468052
2.0	0.2	165	0.8133835231830021	0.0292372564147614	0.013426573426573425	0.7841462667682407
2.0	0.2	166	0.7684446655865734	0.03899720069250048	0.049230769230769245	0.729447464894073
2.0	0.2	167	0.8070598521248973	-0.02143309821742932	-0.0018881118881118872	0.8284929503423266
2.0	0.2	168	0.8098716943553432	0.07082430612799037	0.05524475524475525	0.7390473882273528
2.0	0.2	169	0.8166352476633665	0.07351607188616102	0.06580419580419582	0.7431191757772054
2.0	0.2	170	0.8100269722409529	0.0514031329188423	0.058181818181818175	0.7586238393221105
2.0	0.2	171	0.7896066663935184	0.052134098704235216	0.05167832167832168	0.7374725676892832
2.0	0.2	172	0.793239439749611	0.0569491506591324	0.06223776223776225	0.7362902890904786
2.0	0.2	173	0.7768397755831775	0.012063001432639883	0.02888111888111888	0.7647767741505377
2.0	0.2	174	0.747661484487142	0.06293424509322576	0.056643356643356665	0.6847272393939162
2.0	0.2	175	0.8122275571024701	0.05737745651212258	0.0832867132867133	0.7548501005903475
2.0	0.2	176	0.8559759347055103	0.08411743341488433	0.07377622377622378	0.7718585012906259
2.0	0.2	177	0.799856548511492	0.037368685672698375	0.045174825174825184	0.7624878628387937
2.0	0.2	178	0.8201439445444059	0.08069536159400112	0.06937062937062938	0.7394485829504047
2.0	0.2	179	0.8413821676265052	0.07220609875423524	0.07090909090909092	0.76917606887227
2.0	0.2	180	0.8433843079057695	0.02784962350668299	0.028601398601398608	0.8155346843990865
2.0	0.2	181	0.8240881833945718	0.01998493748953992	0.0237062937062937	0.8041032459050319
2.0	0.2	182	0.7838379609985839	0.03170462618376818	0.03580419580419581	0.7521333348148158
2.0	0.2	183	0.8068956228441825	0.09903904794378329	0.07881118881118883	0.7078565749003992
2.0	0.2	184	0.8334007731949814	0.055000434028079186	0.051328671328671326	0.7784003391669022
2.0	0.2	185	0.7675121718834527	-0.02791752633161551	-0.028741258741258754	0.7954296982150681
2.0	0.2	186	0.7994498468401714	0.03434230857104762	0.04517482517482518	0.7651075382691238
2.0	0.2	187	0.8019334805093615	0.024238037665303934	0.036853146853146855	0.7776954428440576
2.0	0.2	188	0.8069575534427453	0.06927193004995143	0.06286713286713289	0.7376856233927939
2.0	0.2	189	0.8392408744728296	0.08129693840065166	0.07517482517482517	0.7579439360721779
2.0	0.2	190	0.7745973504148266	0.04494032287522422	0.03377622377622377	0.7296570275396024
2.0	0.2	191	0.7713961190250826	0.08822465848934616	0.08006993006993007	0.6831714605357365
2.0	0.2	192	0.764136752872745	0.03207422366265532	0.04167832167832168	0.7320625292100896
2.0	0.2	193	0.7946827879741584	0.03444045447253783	0.03384615384615385	0.7602423335016205
2.0	0.2	194	0.7739884472141995	0.036787560269139076	0.012027972027972029	0.7372008869450604
2.0	0.2	195	0.7800285277975889	0.03054039620860848	0.030909090909090917	0.7494881315889804
2.0	0.2	196	0.83398484304503	0.10712486605893476	0.10153846153846156	0.7268599769860952
2.0	0.2	197	0.7749989548603853	0.05619928902728404	0.049160839160839166	0.7187996658331013
2.0	0.2	198	0.8052185452906565	0.07151404966253448	0.07321678321678322	0.733704495628122
2.0	0.2	199	0.7858784554711497	0.08763770669285187	0.09237762237762238	0.6982407487782978
2.0	0.2	200	0.8024830503354516	0.041026271546021904	0.028321678321678326	0.7614567787894297
2.0	0.2	201	0.8286034156968164	0.06444246141837598	0.06832167832167833	0.7641609542784404
2.0	0.2	202	0.8060582750404688	0.07260857125595226	0.05986013986013987	0.7334497037845166
2.0	0.2	203	0.7849942048570866	0.09504785072767412	0.08272727272727275	0.6899463541294125
2.0	0.2	204	0.8196202983474293	0.03050218784874156	0.019440559440559446	0.7891181104986877
2.0	0.2	205	0.8184835892247148	0.0006671601855279066	-0.011818181818181818	0.8178164290391868
2.0	0.2	206	0.760014722232446	0.058950415937788846	0.07097902097902099	0.7010643062946572
2.0	0.2	207	0.8090104715350496	0.007811206813338064	0.013566433566433566	0.8011992647217115
2.0	0.2	208	0.8018909735353983	0.042569703173404985	0.03594405594405595	0.7593212703619933
2.0	0.2	209	0.7552291077979916	0.0525901406875977	0.04860139860139861	0.7026389671103939
2.0	0.2	210	0.7502522640640723	0.06720193555689968	0.06286713286713287	0.6830503285071726
2.0	0.2	211	0.8144846072809773	0.06842587390685688	0.06636363636363636	0.7460587333741204
2.0	0.2	212	0.8020512444800308	0.06405678059498653	0.05629370629370631	0.7379944638850443
2.0	0.2	213	0.7788566380948876	0.08628521269806437	0.10454545454545457	0.6925714253968233
2.0	0.2	214	0.7819028485436447	0.04434930163145946	0.04146853146853149	0.7375535469121852
2.0	0.2	215	0.8032223216821679	0.03171756369275256	0.04286713286713287	0.7715047579894153
2.0	0.2	216	0.8048836492247563	0.032216195983469434	0.02678321678321679	0.7726674532412868
2.0	0.2	217	0.8162681918529109	0.006139240374472482	0.010979020979020983	0.8101289514784384
2.0	0.2	218	0.7630534812871397	-0.0439805305420351	-0.04174825174825175	0.8070340118291748
2.0	0.2	219	0.8430577382345406	0.035775865122128554	0.038811188811188814	0.807281873112412
2.0	0.2	220	0.8001450834340856	0.040477285053670174	0.03853146853146854	0.7596677983804154
2.0	0.2	221	0.7871046091004229	0.08072697272706439	0.07160839160839162	0.7063776363733585
2.0	0.2	222	0.7954037815304039	0.04404271114077162	0.022377622377622374	0.7513610703896323
2.0	0.2	223	0.8138628568492061	0.09207869588798326	0.09454545454545454	0.7217841609612229
2.0	0.2	224	0.7863936016622235	0.06054762538029541	0.05321678321678323	0.725845976281928
2.0	0.2	225	0.7698568332339121	0.007969498589929576	0.002797202797202798	0.7618873346439825
2.0	0.2	226	0.8120950153437605	0.017998102776460263	0.03587412587412588	0.7940969125673002
2.0	0.2	227	0.7489739576208039	0.023234384190544573	0.02125874125874126	0.7257395734302593
2.0	0.2	228	0.7816668414353065	0.027453053786842912	0.008391608391608392	0.7542137876484636
2.0	0.2	229	0.802621779598458	0.05182384848878367	0.050209790209790196	0.7507979311096744
2.0	0.2	230	0.7972958939554818	0.11469178798040831	0.09636363636363639	0.6826041059750735
2.0	0.2	231	0.795098934096482	0.03107890352701634	0.03062937062937064	0.7640200305694657
2.0	0.2	232	0.8095846038781972	0.05274110607021255	0.05013986013986015	0.7568434978079847
2.0	0.2	233	0.8063512682994919	0.06211622369182201	0.05993006993006994	0.7442350446076699
2.0	0.2	234	0.805703698405346	0.13775641510862158	0.11237762237762239	0.6679472832967244
2.0	0.2	235	0.78372829425576	0.08235218913346466	0.08790209790209788	0.7013761051222953
2.0	0.2	236	0.844891753397051	0.044103891738813704	0.045734265734265735	0.8007878616582373
2.0	0.2	237	0.7820840708917158	0.029685395614858067	0.03307692307692307	0.7523986752768578
2.0	0.2	238	0.81911013132648	0.05725367864838796	0.04083916083916083	0.7618564526780921
2.0	0.2	239	0.6944232322383557	0.039135263288377284	0.03937062937062938	0.6552879689499784
2.0	0.5	0	0.7729423075988245	0.18231755716497025	0.19006993006993012	0.5906247504338543
2.0	0.5	1	0.827773567898311	0.15035697941456902	0.15321678321678323	0.677416588483742
2.0	0.5	2	0.8245143295238399	0.06356780803320002	0.058111888111888124	0.7609465214906398
2.0	0.5	3	0.798434985024295	0.1120152375105816	0.09356643356643359	0.6864197475137134
2.0	0.5	4	0.7918881263111988	0.0943328085644504	0.08475524475524479	0.6975553177467484
2.0	0.5	5	0.7964167614005286	0.10759527610783062	0.10678321678321678	0.688821485292698
2.0	0.5	6	0.7685233809190145	0.0574870190882077	0.04748251748251749	0.7110363618308068
2.0	0.5	7	0.8048248922395086	0.09222023070849356	0.08286713286713286	0.7126046615310151
2.0	0.5	8	0.8219752235939053	0.14063412544036488	0.12447552447552448	0.6813410981535404
2.0	0.5	9	0.7967384699572708	0.1854165107059102	0.16174825174825178	0.6113219592513606
2.0	0.5	10	0.8065725323420363	0.11015660427541964	0.11223776223776225	0.6964159280666167
2.0	0.5	11	0.7928459603096946	0.11441790584576796	0.11524475524475526	0.6784280544639266
2.0	0.5	12	0.8271845049892397	0.07764153308439797	0.052517482517482526	0.7495429719048416
2.0	0.5	13	0.796630136548706	0.10427782241515446	0.10041958041958043	0.6923523141335515
2.0	0.5	14	0.776203108474381	0.19199337638428912	0.18342657342657348	0.5842097320900919
2.0	0.5	15	0.7823388905131183	0.06426015573621927	0.0532867132867133	0.7180787347768991
2.0	0.5	16	0.7564708933825648	0.14849191561938585	0.1316083916083916	0.607978977763179
2.0	0.5	17	0.8151221146681352	0.09696823400571807	0.10363636363636365	0.7181538806624171
2.0	0.5	18	0.7589767215116121	0.0760248514061468	0.06748251748251749	0.6829518701054653
2.0	0.5	19	0.7995040621555987	0.12512969106228544	0.10601398601398604	0.6743743710933132
2.0	0.5	20	0.8264835878358248	0.10330507173963316	0.10545454545454547	0.7231785160961917
2.0	0.5	21	0.7393222842515863	0.07329317589803881	0.0725874125874126	0.6660291083535474
2.0	0.5	22	0.8349986076379219	0.1214262440460028	0.11160839160839163	0.7135723635919191
2.0	0.5	23	0.8057695456732955	0.14192616105983405	0.13377622377622378	0.6638433846134615
2.0	0.5	24	0.7963500460764209	0.13629388631519884	0.11902097902097905	0.660056159761222
2.0	0.5	25	0.7772801370000951	0.09052820175569566	0.08881118881118884	0.6867519352443995
2.0	0.5	26	0.769859229068909	0.07870593660134487	0.055874125874125886	0.6911532924675642
2.0	0.5	27	0.8068164977892346	0.15044088225061267	0.1581818181818182	0.6563756155386219
2.0	0.5	28	0.822079570888591	0.07868134630649048	0.07314685314685315	0.7433982245821005
2.0	0.5	29	0.8167415671816438	0.14387365546781627	0.12895104895104897	0.6728679117138275
2.0	0.5	30	0.781329410645424	0.06285589087214644	0.06552447552447553	0.7184735197732777
2.0	0.5	31	0.8077279359221777	0.14855866566574005	0.12083916083916085	0.6591692702564377
2.0	0.5	32	0.791371778730402	0.1443282182834849	0.13440559440559446	0.6470435604469171
2.0	0.5	33	0.8072905467295464	0.14197053609065008	0.13237762237762238	0.6653200106388963
2.0	0.5	34	0.8467063171571647	0.1526127448699617	0.14027972027972027	0.694093572287203
2.0	0.5	35	0.77847264477267	0.13686422004459725	0.12825174825174826	0.6416084247280727
2.0	0.5	36	0.7918409526673282	0.13394578051790312	0.1358041958041958	0.6578951721494251
2.0	0.5	37	0.7661781431792661	0.12180051513924661	0.12776223776223777	0.6443776280400195
2.0	0.5	38	0.7621062861849209	0.10807754727607448	0.0879020979020979	0.6540287389088465
2.0	0.5	39	0.7924968697894927	0.11714294246037671	0.11986013986013987	0.675353927329116
2.0	0.5	40	0.8081147000796528	0.16378043318085636	0.14685314685314688	0.6443342668987965
2.0	0.5	41	0.7780496097566734	0.12826622796265832	0.1286713286713287	0.6497833817940151
2.0	0.5	42	0.8056809761673446	0.17014428482242003	0.16552447552447558	0.6355366913449245
2.0	0.5	43	0.8365942962460391	0.12618736540789266	0.12125874125874128	0.7104069308381464
2.0	0.5	44	0.8077807067921575	0.14703187293880066	0.14643356643356642	0.6607488338533569
2.0	0.5	45	0.8115107302157849	0.07671779633180299	0.08440559440559443	0.7347929338839819
2.0	0.5	46	0.8217782651237953	0.09262546015656956	0.0806993006993007	0.7291528049672257
2.0	0.5	47	0.8049891770758174	0.09949658992818745	0.1018881118881119	0.70549258714763
2.0	0.5	48	0.7839477110747993	0.07407298893957565	0.06447552447552449	0.7098747221352237
2.0	0.5	49	0.8179583666377547	0.1684274711301883	0.16230769230769235	0.6495308955075664
2.0	0.5	50	0.7403876113802856	0.11727634533079537	0.11643356643356646	0.6231112660494903
2.0	0.5	51	0.8050971771508175	0.08982420126680643	0.06377622377622379	0.7152729758840111
2.0	0.5	52	0.7870488590617076	0.13085393809301257	0.11083916083916087	0.656194920968695
2.0	0.5	53	0.7605270698104653	0.08838846415865566	0.07083916083916086	0.6721386056518096
2.0	0.5	54	0.8136393080828528	0.11988473603106668	0.10503496503496505	0.6937545720517861
2.0	0.5	55	0.7822631543494127	0.11967709699798403	0.12671328671328674	0.6625860573514287
2.0	0.5	56	0.7958670387965547	0.1256768719978278	0.11839160839160844	0.6701901667987269
2.0	0.5	57	0.7780922764529696	0.13053751426216267	0.1186013986013986	0.647554762190807
2.0	0.5	58	0.8102725974115259	0.1443607946949963	0.12419580419580424	0.6659118027165296
2.0	0.5	59	0.8088762144973712	0.14872144355655803	0.13594405594405595	0.6601547709408132
2.0	0.5	60	0.810722618557374	0.1288672769911646	0.1218881118881119	0.6818553415662094
2.0	0.5	61	0.8094191107077159	0.13478754499135068	0.12	0.6746315657163652
2.0	0.5	62	0.833862433237801	0.10419910708271324	0.11090909090909093	0.7296633261550878
2.0	0.5	63	0.8339571555258024	0.1368044213919593	0.12097902097902098	0.697152734133843
2.0	0.5	64	0.7615911399938472	0.1296274094634788	0.12720279720279723	0.6319637305303684
2.0	0.5	65	0.7619425291267563	0.09003898613818481	0.0702797202797203	0.6719035429885715
2.0	0.5	66	0.7942069473659357	0.06849517951054132	0.07552447552447553	0.7257117678553944
2.0	0.5	67	0.7889066103518128	0.136011643063641	0.10321678321678324	0.6528949672881718
2.0	0.5	68	0.8289668603936529	0.08123884808253339	0.07146853146853148	0.7477280123111195
2.0	0.5	69	0.7518370221090431	0.12462481571167758	0.12636363636363637	0.6272122063973655
2.0	0.5	70	0.7616507858686014	0.08693443537113567	0.08601398601398604	0.6747163504974657
2.0	0.5	71	0.8096614997649303	0.0900534375371094	0.09447552447552449	0.7196080622278209
2.0	0.5	72	0.7805760420666958	0.11349350937049263	0.0976923076923077	0.6670825326962032
2.0	0.5	73	0.8255396149580659	0.1079716791469994	0.10552447552447554	0.7175679358110665
2.0	0.5	74	0.7961723376196789	0.1367001713195634	0.1398601398601399	0.6594721663001155
2.0	0.5	75	0.7670806576949013	0.03770008173616787	0.03097902097902098	0.7293805759587334
2.0	0.5	76	0.7952662258793235	0.0991341660653931	0.09629370629370632	0.6961320598139304
2.0	0.5	77	0.8452259550180244	0.09437946831907523	0.09923076923076923	0.7508464866989493
2.0	0.5	78	0.8233244120308416	0.09038454887815893	0.08916083916083917	0.7329398631526827
2.0	0.5	79	0.8358795040829889	0.16055837538776072	0.15482517482517485	0.6753211286952282
2.0	0.5	80	0.7894209926534671	0.11496490622562933	0.12195804195804197	0.6744560864278377
2.0	0.5	81	0.7904620489319785	0.11072401439167665	0.10251748251748252	0.6797380345403018
2.0	0.5	82	0.790717701887293	0.1313084592419856	0.14048951048951053	0.6594092426453073
2.0	0.5	83	0.784822329737729	0.09147652880314501	0.06594405594405595	0.693345800934584
2.0	0.5	84	0.7715233413356537	0.06712204661253236	0.05006993006993007	0.7044012947231213
2.0	0.5	85	0.8091424646822671	0.11383866238795999	0.12524475524475526	0.6953038022943071
2.0	0.5	86	0.7768193102911876	0.09944146488990617	0.08454545454545456	0.6773778454012814
2.0	0.5	87	0.824946586768463	0.12377119706333131	0.12461538461538466	0.7011753897051317
2.0	0.5	88	0.7785649990034716	0.10003384030127799	0.09734265734265733	0.6785311587021936
2.0	0.5	89	0.7679382277348804	0.08189498048262533	0.07741258741258743	0.6860432472522551
2.0	0.5	90	0.7564940253430732	0.12469553103856322	0.113986013986014	0.63179849430451
2.0	0.5	91	0.7168848103366738	0.10412533619815013	0.09125874125874127	0.6127594741385237
2.0	0.5	92	0.7922073695884511	0.13379573180259155	0.13076923076923078	0.6584116377858595
2.0	0.5	93	0.80366178726513	0.1487744644267114	0.12230769230769234	0.6548873228384187
2.0	0.5	94	0.7945794406801672	0.1113849245728643	0.09475524475524477	0.6831945161073029
2.0	0.5	95	0.8327119185499435	0.19941924959670113	0.19503496503496504	0.6332926689532424
2.0	0.5	96	0.7837974887482559	0.1297371664841434	0.13342657342657346	0.6540603222641126
2.0	0.5	97	0.7582126793143605	0.0899908541603154	0.08979020979020978	0.6682218251540452
2.0	0.5	98	0.7990387701658126	0.073807474866302	0.07342657342657344	0.7252312952995106
2.0	0.5	99	0.8377137067456297	0.0736890303396044	0.06783216783216785	0.7640246764060253
2.0	0.5	100	0.8307029102103543	0.14531899674930332	0.15692307692307694	0.6853839134610509
2.0	0.5	101	0.806539101763265	0.11604960142333433	0.09202797202797205	0.6904895003399307
2.0	0.5	102	0.83101245903643	0.11873101300764792	0.13412587412587415	0.7122814460287821
2.0	0.5	103	0.7785998254165455	0.08416434316968276	0.06818181818181819	0.6944354822468627
2.0	0.5	104	0.7677314567579561	0.12072604217086262	0.10097902097902098	0.6470054145870935
2.0	0.5	105	0.837120296611317	0.12807597783054014	0.12244755244755245	0.7090443187807769
2.0	0.5	106	0.8449630728910229	0.10310284243252947	0.10748251748251748	0.7418602304584935
2.0	0.5	107	0.7286997282637001	0.16698713679662278	0.1626573426573427	0.5617125914670773
2.0	0.5	108	0.7547993713884522	0.09199770972063175	0.0804895104895105	0.6628016616678205
2.0	0.5	109	0.7716093483398252	0.09127270227270991	0.09258741258741261	0.6803366460671153
2.0	0.5	110	0.7767000879861723	0.07078836165858449	0.07405594405594407	0.7059117263275878
2.0	0.5	111	0.7588807700560903	0.0993025759045666	0.10650349650349654	0.6595781941515237
2.0	0.5	112	0.7888499367013451	0.10805790837354746	0.10370629370629374	0.6807920283277976
2.0	0.5	113	0.8396998470137826	0.17711065771573453	0.171958041958042	0.6625891892980481
2.0	0.5	114	0.840858945040934	0.12232429328075922	0.11433566433566435	0.7185346517601747
2.0	0.5	115	0.7775905816601261	0.1397268400880834	0.12818181818181817	0.6378637415720427
2.0	0.5	116	0.8304246739060235	0.10846298504373962	0.08335664335664336	0.7219616888622838
2.0	0.5	117	0.8286903115904941	0.08097846595726803	0.07223776223776224	0.7477118456332261
2.0	0.5	118	0.7518412651675451	0.14355466913518689	0.1353846153846154	0.6082865960323582
2.0	0.5	119	0.8400899583958044	0.10509325353698162	0.11608391608391612	0.7349967048588227
2.0	0.5	120	0.8106272712689384	0.15158479971166647	0.13783216783216784	0.6590424715572719
2.0	0.5	121	0.7928318561332333	0.17159198721665778	0.15776223776223777	0.6212398689165755
2.0	0.5	122	0.8255609344173156	0.1252830106132018	0.12125874125874127	0.7002779238041138
2.0	0.5	123	0.7477166373032204	0.10995407635699746	0.0976923076923077	0.6377625609462229
2.0	0.5	124	0.8464154766774142	0.11510042020862514	0.09055944055944058	0.7313150564687891
2.0	0.5	125	0.780363944697184	0.13254731426896824	0.13454545454545458	0.6478166304282157
2.0	0.5	126	0.7868597686526171	0.11979397902359655	0.11832167832167834	0.6670657896290205
2.0	0.5	127	0.8186356726636616	0.16707560908028407	0.15748251748251746	0.6515600635833775
2.0	0.5	128	0.8243428502380905	0.1201215139732736	0.10293706293706295	0.7042213362648169
2.0	0.5	129	0.7796452080869501	0.05472985050684063	0.06321678321678323	0.7249153575801095
2.0	0.5	130	0.8044075377830123	0.09902994377079428	0.10195804195804196	0.705377594012218
2.0	0.5	131	0.7989570409423895	0.08412710703271321	0.06398601398601399	0.7148299339096763
2.0	0.5	132	0.6612399522499668	0.07915046468782269	0.056713286713286716	0.5820894875621441
2.0	0.5	133	0.8430017590289993	0.13047124338280788	0.11706293706293708	0.7125305156461914
2.0	0.5	134	0.8268571228174464	0.09415744733156065	0.09069930069930071	0.7326996754858858
2.0	0.5	135	0.8214354732190785	0.16242418223901545	0.14083916083916087	0.6590112909800631
2.0	0.5	136	0.7770044354197468	0.12925900642986557	0.1316783216783217	0.6477454289898813
2.0	0.5	137	0.7569689076172971	0.10806239448777395	0.1014685314685315	0.6489065131295231
2.0	0.5	138	0.8273494564926781	0.09057513928829118	0.08013986013986014	0.7367743172043869
2.0	0.5	139	0.7699416041261139	0.04592510828132519	0.05314685314685315	0.7240164958447887
2.0	0.5	140	0.7882168112616745	0.12157100803542226	0.12265734265734266	0.6666458032262523
2.0	0.5	141	0.7894674926857589	0.11971370813451954	0.13552447552447552	0.6697537845512394
2.0	0.5	142	0.8200249097395206	0.09626128907033964	0.09503496503496503	0.723763620669181
2.0	0.5	143	0.8308123755641496	0.08838552665661574	0.06335664335664337	0.7424268489075339
2.0	0.5	144	0.7680053875037414	0.04417166956365942	0.04209790209790211	0.723833717940082
2.0	0.5	145	0.7982675265746713	0.1161856501289237	0.10986013986013984	0.6820818764457476
2.0	0.5	146	0.7454608093477842	0.09473557273303662	0.08762237762237762	0.6507252366147476
2.0	0.5	147	0.7706800838056137	0.11525313559245527	0.11671328671328672	0.6554269482131584
2.0	0.5	148	0.834150877882554	0.15749656770594977	0.13811188811188813	0.6766543101766043
2.0	0.5	149	0.8116332789119993	0.16106605629587245	0.157972027972028	0.6505672226161269
2.0	0.5	150	0.7995863886016586	0.10335495371871786	0.10783216783216783	0.6962314348829408
2.0	0.5	151	0.829703937294401	0.12828776964428448	0.10580419580419584	0.7014161676501165
2.0	0.5	152	0.7302311043271558	0.08265821017931263	0.07580419580419583	0.6475728941478431
2.0	0.5	153	0.8334974885399227	0.13796895692288674	0.11692307692307694	0.6955285316170359
2.0	0.5	154	0.8299832499883681	0.1686299226596685	0.16517482517482518	0.6613533273286997
2.0	0.5	155	0.7479425680156723	0.07444219752930385	0.06587412587412587	0.6735003704863685
2.0	0.5	156	0.8135226413351675	0.11893156870247827	0.10650349650349651	0.6945910726326893
2.0	0.5	157	0.7978323873836023	0.13204943892322146	0.13685314685314687	0.6657829484603808
2.0	0.5	158	0.8090448118366748	0.0539035165996643	0.04055944055944056	0.7551412952370105
2.0	0.5	159	0.8152565730948423	0.08865347128713283	0.08384615384615385	0.7266031018077095
2.0	0.5	160	0.7806945074267413	0.11040556972609009	0.09055944055944058	0.6702889377006512
2.0	0.5	161	0.8061726501198959	0.13076588247630727	0.12454545454545456	0.6754067676435886
2.0	0.5	162	0.8369746506768408	0.04866534629537938	0.03895104895104896	0.7883093043814615
2.0	0.5	163	0.776978768735256	0.11057329206478615	0.09797202797202799	0.6664054766704698
2.0	0.5	164	0.7879740749819966	0.13164426503073962	0.11097902097902096	0.6563298099512569
2.0	0.5	165	0.8096878261721016	0.14709021325709254	0.12986013986013986	0.6625976129150091
2.0	0.5	166	0.8189972284702975	0.16664294211315422	0.1627272727272727	0.6523542863571433
2.0	0.5	167	0.8255916080497279	0.11467005185420268	0.08734265734265735	0.7109215561955252
2.0	0.5	168	0.804178134845927	0.10206401532223286	0.09349650349650351	0.7021141195236942
2.0	0.5	169	0.8258978235401554	0.1126399184999434	0.0920979020979021	0.713257905040212
2.0	0.5	170	0.8047156699414374	0.11895802010973619	0.11741258741258742	0.6857576498317012
2.0	0.5	171	0.7849630451132258	0.1363226780018597	0.12678321678321677	0.6486403671113661
2.0	0.5	172	0.8112976675678246	0.12509738548429547	0.11419580419580422	0.6862002820835291
2.0	0.5	173	0.7890591660133097	0.07296887011727092	0.061818181818181835	0.7160902958960388
2.0	0.5	174	0.76354005106948	0.08600062916710358	0.07608391608391608	0.6775394219023764
2.0	0.5	175	0.8050584479572555	0.14801894306871044	0.13930069930069933	0.657039504888545
2.0	0.5	176	0.7913219245291142	0.10877986720824111	0.08944055944055945	0.6825420573208731
2.0	0.5	177	0.7158441012806258	0.10947905519378834	0.09986013986013989	0.6063650460868375
2.0	0.5	178	0.821638528915645	0.13398074581996236	0.11377622377622379	0.6876577830956827
2.0	0.5	179	0.7962834140857041	0.06974552065661158	0.0686013986013986	0.7265378934290926
2.0	0.5	180	0.789438416276678	0.09803925558281637	0.07755244755244756	0.6913991606938616
2.0	0.5	181	0.771897626317796	0.12486282282140473	0.1104895104895105	0.6470348034963913
2.0	0.5	182	0.7816680983806239	-0.0019215430010715284	-0.0006993006993007015	0.7835896413816954
2.0	0.5	183	0.7787378255123787	0.06171599424721822	0.07048951048951049	0.7170218312651605
2.0	0.5	184	0.7592132008425007	0.16084982003459725	0.15881118881118886	0.5983633808079034
2.0	0.5	185	0.8141676973386787	0.09821653348370381	0.0981818181818182	0.7159511638549748
2.0	0.5	186	0.7914916815914456	0.09739490096868123	0.08503496503496503	0.6940967806227644
2.0	0.5	187	0.7576481858667957	0.11489952423578073	0.12664335664335666	0.642748661631015
2.0	0.5	188	0.8026346546073991	0.093889280478667	0.0918881118881119	0.7087453741287322
2.0	0.5	189	0.8205057225734185	0.11122327168282756	0.097972027972028	0.7092824508905909
2.0	0.5	190	0.7860663514349662	0.12578151095938261	0.11587412587412586	0.6602848404755836
2.0	0.5	191	0.8234656899067291	0.09295578677485192	0.07195804195804195	0.7305099031318771
2.0	0.5	192	0.7784207627921963	0.12656123372307898	0.11762237762237764	0.6518595290691174
2.0	0.5	193	0.7517089386867629	0.1356474691996314	0.1428671328671329	0.6160614694871316
2.0	0.5	194	0.7793181314709247	0.0606691185202212	0.06958041958041958	0.7186490129507035
2.0	0.5	195	0.7786673671301161	0.06692041452806564	0.05202797202797202	0.7117469526020505
2.0	0.5	196	0.7741450653785175	0.14115489663534486	0.13000000000000003	0.6329901687431726
2.0	0.5	197	0.8138057318095359	0.14651587258046708	0.11832167832167835	0.6672898592290688
2.0	0.5	198	0.8386382421098904	0.14969467339907874	0.15349650349650354	0.6889435687108116
2.0	0.5	199	0.8168404283614086	0.1445483295474511	0.14041958041958044	0.6722920988139575
2.0	0.5	200	0.7779134152176495	0.08801493612148342	0.07902097902097903	0.689898479096166
2.0	0.5	201	0.7982049154200801	0.08766072059772265	0.07657342657342657	0.7105441948223574
2.0	0.5	202	0.82621637931693	0.1732613355981497	0.17335664335664344	0.6529550437187803
2.0	0.5	203	0.8073984218044595	0.14585708045630588	0.13125874125874126	0.6615413413481537
2.0	0.5	204	0.751612827508908	0.07365246086976449	0.08461538461538463	0.6779603666391435
2.0	0.5	205	0.7388221450153786	0.07300129375089844	0.06594405594405596	0.6658208512644801
2.0	0.5	206	0.8072344911350633	0.12177334845371421	0.12188811188811192	0.6854611426813491
2.0	0.5	207	0.7750973368731505	0.12006813199175834	0.12034965034965037	0.6550292048813922
2.0	0.5	208	0.8249506076045886	0.13637414331537728	0.12475524475524477	0.6885764642892114
2.0	0.5	209	0.8147368505117017	0.11327047449338506	0.10055944055944055	0.7014663760183166
2.0	0.5	210	0.8083815405427364	0.11216727233838357	0.08545454545454546	0.6962142682043528
2.0	0.5	211	0.7918100707014378	0.09116921608973338	0.07888111888111889	0.7006408546117044
2.0	0.5	212	0.7589170825813074	0.12653519898277707	0.11573426573426573	0.6323818835985303
2.0	0.5	213	0.7650457465595463	0.11347270380048875	0.09531468531468532	0.6515730427590575
2.0	0.5	214	0.7965903795766524	0.08019615985844435	0.08097902097902099	0.716394219718208
2.0	0.5	215	0.8197088261866848	0.126501226736963	0.126993006993007	0.6932075994497218
2.0	0.5	216	0.775240538361485	0.053267120324389114	0.055314685314685315	0.7219734180370959
2.0	0.5	217	0.8388926033976413	0.09003601391389854	0.08335664335664339	0.7488565894837427
2.0	0.5	218	0.8076363178029986	0.0728316061330598	0.07734265734265736	0.7348047116699388
2.0	0.5	219	0.8214840704750489	0.1605284031447244	0.12776223776223777	0.6609556673303245
2.0	0.5	220	0.7700334444676697	0.10118100082013946	0.09125874125874128	0.6688524436475303
2.0	0.5	221	0.7661547612185842	0.0938398151665383	0.0988811188811189	0.6723149460520459
2.0	0.5	222	0.8123046127115366	0.15426186407073894	0.14041958041958044	0.6580427486407977
2.0	0.5	223	0.790013708342853	0.1884556517053137	0.16216783216783218	0.6015580566375394
2.0	0.5	224	0.7993360689833813	0.12902849238089747	0.1220979020979021	0.6703075766024837
2.0	0.5	225	0.7967129629951131	0.04396525969809701	0.03615384615384615	0.752747703297016
2.0	0.5	226	0.8113370703729655	0.09949693020620153	0.08580419580419582	0.711840140166764
2.0	0.5	227	0.8313647370588453	0.19274386301657156	0.1786713286713287	0.6386208740422737
2.0	0.5	228	0.7914350565521227	0.18143204960559003	0.16510489510489512	0.6100030069465326
2.0	0.5	229	0.802526786476935	0.13605632365022477	0.10531468531468534	0.6664704628267102
2.0	0.5	230	0.833787447074616	0.10747666491435064	0.11587412587412588	0.7263107821602655
2.0	0.5	231	0.7992166036226415	0.145423892655481	0.11944055944055947	0.6537927109671604
2.0	0.5	232	0.7980105055628511	0.07742967182616098	0.08426573426573426	0.7205808337366901
2.0	0.5	233	0.7573617620567792	0.0917257789762354	0.09958041958041958	0.6656359830805438
2.0	0.5	234	0.8189992284716865	0.13201110556326776	0.12405594405594407	0.6869881229084187
2.0	0.5	235	0.7998517012859037	0.06748120658417124	0.059090909090909104	0.7323704947017324
2.0	0.5	236	0.8094125065364629	0.12847688088672282	0.1065734265734266	0.6809356256497401
2.0	0.5	237	0.7819903208266117	0.11644506003129167	0.09160839160839164	0.6655452607953201
2.0	0.5	238	0.846561546223296	0.17470303104377155	0.163986013986014	0.6718585151795244
2.0	0.5	239	0.8368022338904403	0.09694181037625721	0.09328671328671329	0.739860423514183
4.0	0.05	0	0.9412257647401144	0.02799269305048129	0.026643356643356646	0.9132330716896332
4.0	0.05	1	0.9370956160386222	0.02303462016293067	0.027762237762237775	0.9140609958756916
4.0	0.05	2	0.9252773856092956	0.05037704192850134	0.06048951048951051	0.8749003436807943
4.0	0.05	3	0.932637515720497	0.04220086958393721	0.053006993006993006	0.8904366461365598
4.0	0.05	4	0.9141511139938291	0.03370641229611965	0.032167832167832165	0.8804447016977095
4.0	0.05	5	0.9335097107706325	0.024446426698907432	0.022587412587412578	0.9090632840717251
4.0	0.05	6	0.9200698542151765	0.03343758572054564	0.04706293706293708	0.8866322684946308
4.0	0.05	7	0.9401181111931327	0.04968052061147265	0.03559440559440561	0.89043759058166
4.0	0.05	8	0.9414742024126406	0.06680001166667478	0.08083916083916087	0.8746741907459658
4.0	0.05	9	0.939964652753231	0.0003327710644243503	0.001958041958041953	0.9396318816888067
4.0	0.05	10	0.9309971881924919	-0.007047268782825543	-0.007342657342657339	0.9380444569753175
4.0	0.05	11	0.9585153531356619	0.023587634435857246	0.029860139860139866	0.9349277186998047
4.0	0.05	12	0.9475451232952244	0.04488040616694873	0.03356643356643357	0.9026647171282757
4.0	0.05	13	0.9070068104213961	-0.029212589730965088	-0.020209790209790218	0.9362194001523612
4.0	0.05	14	0.938704172711231	-0.034783010265979346	-0.046083916083916085	0.9734871829772103
4.0	0.05	15	0.9361339556485803	0.007248657811567924	0.012167832167832167	0.9288852978370123
4.0	0.05	16	0.952494064231989	0.01673826856824206	0.02846153846153847	0.935755795663747
4.0	0.05	17	0.942310709937993	-0.026566768449144754	-0.01027972027972028	0.9688774783871378
4.0	0.05	18	0.9351398924582586	0.013708766464421153	0.023006993006993007	0.9214311259938374
4.0	0.05	19	0.9443903294377288	-0.006328289116867442	-0.018321678321678327	0.9507186185545963
4.0	0.05	20	0.9259610596951804	0.0723601127500783	0.06895104895104896	0.8536009469451021
4.0	0.05	21	0.9359806291532147	0.03466473935051344	0.01587412587412587	0.9013158898027013
4.0	0.05	22	0.9345077392414856	0.025083941030514603	0.01909090909090909	0.909423798210971
4.0	0.05	23	0.9376576025400017	0.008607443477391305	0.011678321678321694	0.9290501590626105
4.0	0.05	24	0.93672104633406	-0.007591887216588346	-0.025174825174825177	0.9443129335506483
4.0	0.05	25	0.9350406215559872	0.029909499937152733	0.03482517482517482	0.9051311216188345
4.0	0.05	26	0.9247587463602405	0.01866227684880337	0.021118881118881102	0.9060964695114371
4.0	0.05	27	0.9344822461682265	0.001570994146523713	0.010489510489510485	0.9329112520217028
4.0	0.05	28	0.9226650782396377	0.020986313184939712	0.029650349650349662	0.901678765054698
4.0	0.05	29	0.9355073927134671	0.024608676811581118	0.024055944055944054	0.910898715901886
4.0	0.05	30	0.9335297871734632	-0.00850043645863643	-0.009020979020979019	0.9420302236320997
4.0	0.05	31	0.9294775760260945	-0.017462845460309347	-0.007832167832167832	0.9469404214864038
4.0	0.05	32	0.9385446517671192	0.03816237372387064	0.03139860139860141	0.9003822780432486
4.0	0.05	33	0.9301422500987847	0.040398826665851845	0.04237762237762238	0.8897434234329329
4.0	0.05	34	0.9252660731014397	0.02559526777449151	0.023496503496503496	0.8996708053269482
4.0	0.05	35	0.9447150379965541	0.006867164491086452	-0.018461538461538456	0.9378478735054676
4.0	0.05	36	0.9329115297996735	0.0508042575029566	0.0525874125874126	0.8821072722967169
4.0	0.05	37	0.9380617347650935	0.02792881106167435	0.03762237762237762	0.9101329237034191
4.0	0.05	38	0.9350130034812525	0.010252132119536194	0.013426573426573434	0.9247608713617163
4.0	0.05	39	0.9479211999452777	0.07493220481403112	0.07006993006993008	0.8729889951312466
4.0	0.05	40	0.9409184589711521	0.01229110575771233	-0.0008391608391608413	0.9286273532134398
4.0	0.05	41	0.932905536739956	0.014709239381416238	0.0007692307692307754	0.9181962973585398
4.0	0.05	42	0.9356950664549072	-0.03582783043599336	-0.014895104895104887	0.9715228968909005
4.0	0.05	43	0.9432159119554943	0.018028415297510623	0.019930069930069932	0.9251874966579836
4.0	0.05	44	0.9292333814120703	0.052319821055431294	0.041678321678321674	0.876913560356639
4.0	0.05	45	0.9486686796310274	0.01881006167365394	0.014615384615384612	0.9298586179573735
4.0	0.05	46	0.9305608545561489	-0.0068207825144323015	0.010769230769230767	0.9373816370705812
4.0	0.05	47	0.9109439173221647	0.056754851913091604	0.06741258741258742	0.8541890654090731
4.0	0.05	48	0.9401637292803675	0.03598005276392553	0.03594405594405595	0.9041836765164419
4.0	0.05	49	0.9434505023961823	0.005723177585539989	0.008041958041958043	0.9377273248106424
4.0	0.05	50	0.942133758426221	0.010999813194314718	0.00685314685314686	0.9311339452319063
4.0	0.05	51	0.9328846617254595	0.012367286366171088	0.013426573426573439	0.9205173753592883
4.0	0.05	52	0.942230751549133	0.02782164432058633	0.024615384615384626	0.9144091072285467
4.0	0.05	53	0.9244153711217855	0.015636413636398356	0.011118881118881123	0.9087789574853872
4.0	0.05	54	0.9425875156857748	0.035504427433630165	0.026923076923076928	0.9070830882521447
4.0	0.05	55	0.9140333361342612	0.04163322335640511	0.033916083916083924	0.8724001127778561
4.0	0.05	56	0.9147907394380135	-0.011262820321403001	-0.028321678321678326	0.9260535597594165
4.0	0.05	57	0.9601366875949219	-0.0024114947302046733	0.006503496503496493	0.9625481823251265
4.0	0.05	58	0.9331420091263952	0.027917831887383254	0.044755244755244776	0.9052241772390119
4.0	0.05	59	0.9374270676576859	0.05943215238343916	0.056713286713286716	0.8779949152742468
4.0	0.05	60	0.9231019118763277	0.0946960865945046	0.10888111888111887	0.8284058252818232
4.0	0.05	61	0.9455246010587508	0.06331720369250257	0.051608391608391625	0.8822073973662482
4.0	0.05	62	0.9476866650601841	0.03521714251190452	0.03006993006993007	0.9124695225482795
4.0	0.05	63	0.9370303937711068	0.024657315734247037	0.01461538461538462	0.9123730780368597
4.0	0.05	64	0.9164935322871751	-0.023166113309800913	-0.03671328671328672	0.939659645596976
4.0	0.05	65	0.9518638901832571	0.03242267529352451	0.03902097902097903	0.9194412148897326
4.0	0.05	66	0.9462300737708845	0.0031209952229133493	-0.016083916083916083	0.9431090785479712
4.0	0.05	67	0.944895399232916	0.028471860049902813	0.0141958041958042	0.9164235391830132
4.0	0.05	68	0.934251461285737	-0.0349288437005859	-0.03335664335664334	0.9691803049863229
4.0	0.05	69	0.9418918207582089	0.06057260456430872	0.05930069930069931	0.8813192161939002
4.0	0.05	70	0.9416606053198647	0.0003023335432871828	-0.004335664335664332	0.9413582717765775
4.0	0.05	71	0.9447628366408587	0.01578693457426012	0.039230769230769236	0.9289759020665985
4.0	0.05	72	0.9343884544364266	0.025662059487541314	0.02419580419580419	0.9087263949488853
4.0	0.05	73	0.9515641469195464	0.060102111182021654	0.05944055944055943	0.8914620357375247
4.0	0.05	74	0.934913135356344	-0.01713751190104993	-0.01251748251748252	0.952050647257394
4.0	0.05	75	0.9401221320292583	-0.029047242393918326	-0.014405594405594404	0.9691693744231766
4.0	0.05	76	0.9339704680350472	0.06500117708415076	0.07384615384615384	0.8689692909508965
4.0	0.05	77	0.9416380914153414	-0.00502915627024741	-0.0165034965034965	0.9466672476855887
4.0	0.05	78	0.9526864463100321	0.039340770375534975	0.02937062937062937	0.9133456759344971
4.0	0.05	79	0.932479966999977	-0.055237684192836235	-0.05307692307692308	0.9877176511928133
4.0	0.05	80	0.9433765717892858	0.021339209263339765	0.033356643356643366	0.922037362525946
4.0	0.05	81	0.9508836742247737	0.0029917867998519444	0.014965034965034955	0.9478918874249218
4.0	0.05	82	0.9120179944569405	-0.012758036637525443	-0.011048951048951055	0.9247760310944659
4.0	0.05	83	0.9367330671757411	0.026007601394167634	0.023356643356643357	0.9107254657815735
4.0	0.05	84	0.9330512590633743	-0.027147386907907575	-0.015244755244755248	0.9601986459712818
4.0	0.05	85	0.9259355318996749	0.03685970615257372	0.03419580419580419	0.8890758257471012
4.0	0.05	86	0.9390523187863324	0.04073046578504568	0.03580419580419581	0.8983218530012868
4.0	0.05	87	0.9513889384645405	0.06771679008110422	0.06461538461538463	0.8836721483834363
4.0	0.05	88	0.9167572616369872	-0.016692365758587333	-0.007202797202797207	0.9334496273955746
4.0	0.05	89	0.9313882440196141	-0.04865246434198913	-0.042167832167832174	0.9800407083616032
4.0	0.05	90	0.9272550883715891	0.026081108389658603	0.03608391608391609	0.9011739799819305
4.0	0.05	91	0.935648552533717	0.020642271279355053	0.02538461538461538	0.915006281254362
4.0	0.05	92	0.9280406861393654	-0.0007451046841004751	0.009090909090909092	0.9287857908234659
4.0	0.05	93	0.9258399415555149	-0.028024991684022	-0.026153846153846153	0.9538649332395368
4.0	0.05	94	0.9393187981380542	-0.008506978129845924	-0.01622377622377623	0.9478257762679001
4.0	0.05	95	0.9456554761496362	0.02132020925014531	0.011468531468531475	0.9243352668994909
4.0	0.05	96	0.9390411868341574	0.04708038686137976	0.04230769230769232	0.8919607999727777
4.0	0.05	97	0.9476600053194482	0.010219750152604274	0.010419580419580418	0.9374402551668439
4.0	0.05	98	0.9423163696641456	0.021259153652190037	0.016153846153846158	0.9210572160119556
4.0	0.05	99	0.9429760715111607	-0.0004985420128763978	-0.005664335664335667	0.943474613524037
4.0	0.05	100	0.9433774467898935	-0.0024366336365511366	0.01272727272727273	0.9458140804264447
4.0	0.05	101	0.9425781476237136	0.004707704658128234	-0.0006293706293706163	0.9378704429655854
4.0	0.05	102	0.9283148182741794	0.015293128675783803	0.04461538461538462	0.9130216895983956
4.0	0.05	103	0.9376013316675914	0.02396025275017552	0.02447552447552448	0.9136410789174159
4.0	0.05	104	0.9347851144341073	0.022498078123665364	0.006853146853146859	0.912287036310442
4.0	0.05	105	0.9298384929433977	-0.002529376756511636	-0.002447552447552447	0.9323678696999094
4.0	0.05	106	0.9239101624376128	-0.026328629394881526	-0.028461538461538476	0.9502387918324944
4.0	0.05	107	0.9353821217931403	0.02502812154730663	0.004195804195804198	0.9103540002458337
4.0	0.05	108	0.929998854165871	0.0364393794717913	0.027062937062937064	0.8935594746940797
4.0	0.05	109	0.9535834469329493	0.03618815707510908	0.04804195804195805	0.9173952898578402
4.0	0.05	110	0.9208512575355955	0.009392589855965177	-0.002797202797202802	0.9114586676796304
4.0	0.05	111	0.9321955362469002	0.027654998371526646	0.03713286713286713	0.9045405378753736
4.0	0.05	112	0.9599163332752314	0.02131561202473057	0.014265734265734265	0.9386007212505009
4.0	0.05	113	0.9482051862536015	-0.02069674353940524	-0.016853146853146848	0.9689019297930067
4.0	0.05	114	0.9483635405302364	0.02494813538064957	0.025034965034965037	0.9234154051495869
4.0	0.05	115	0.9389543603849724	0.02493698953957607	0.018251748251748256	0.9140173708453962
4.0	0.05	116	0.9439414471815605	0.030995452080175054	0.012797202797202804	0.9129459951013854
4.0	0.05	117	0.9276290330757174	-0.00424314877996443	0.01566433566433567	0.9318721818556819
4.0	0.05	118	0.9346585518462165	0.01563670530326757	0.008321678321678324	0.9190218465429489
4.0	0.05	119	0.9313887787422074	0.003967009699312291	0.0006293706293706302	0.9274217690428951
4.0	0.05	120	0.9446725379670402	0.0025907240213361256	0.0090909090909091	0.9420818139457041
4.0	0.05	121	0.944242954335385	-0.029561166361921083	-0.03454545454545455	0.973804120697306
4.0	0.05	122	0.9478746999129861	0.0020463069766020674	-0.014755244755244758	0.9458283929363841
4.0	0.05	123	0.9487128532728147	6.886810338062735e-05	-0.004545454545454542	0.9486439851694342
4.0	0.05	124	0.9500089791729022	0.011183389710687299	0.02013986013986015	0.9388255894622148
4.0	0.05	125	0.9288256936289538	0.0054975802066529215	0.019160839160839157	0.9233281134223009
4.0	0.05	126	0.9450497604512225	0.03884177002900696	0.026363636363636367	0.9062079904222156
4.0	0.05	127	0.9269610256673789	0.03250089757006776	0.018111888111888113	0.8944601280973111
4.0	0.05	128	0.9158707471324633	0.031045716003969444	0.039230769230769236	0.8848250311284939
4.0	0.05	129	0.9269396159302888	0.012770647757394275	0.033706293706293716	0.9141689681728946
4.0	0.05	130	0.9199825277656442	0.018619436541275375	0.01398601398601398	0.9013630912243688
4.0	0.05	131	0.931015403482919	0.04335143982738876	0.04118881118881118	0.8876639636555302
4.0	0.05	132	0.93472189911243	-0.03661247681422001	-0.03405594405594407	0.97133437592665
4.0	0.05	133	0.9377773804009586	0.028916047858366573	0.04328671328671329	0.908861332542592
4.0	0.05	134	0.947614401121112	-0.020651625452517676	-0.016293706293706297	0.9682660265736296
4.0	0.05	135	0.9299983749988716	0.006869136714678274	-0.0006293706293706325	0.9231292382841934
4.0	0.05	136	0.9395228816131121	0.020814938065929215	0.025524475524475537	0.9187079435471829
4.0	0.05	137	0.9288384436378082	0.0774483871169355	0.07531468531468533	0.8513900565208727
4.0	0.05	138	0.9417131123007724	0.037063741016486816	0.03692307692307694	0.9046493712842856
4.0	0.05	139	0.9381443181557764	0.046178712624105986	0.06286713286713289	0.8919656055316704
4.0	0.05	140	0.9156014900010346	-0.02449539895513816	-0.014615384615384615	0.9400968889561728
4.0	0.05	141	0.9004051877813803	0.03742319959944417	0.033706293706293716	0.8629819881819362
4.0	0.05	142	0.9450144548711492	0.020004083336168984	0.017272727272727276	0.9250103715349802
4.0	0.05	143	0.9262903585349712	-0.07316264802961668	-0.06741258741258743	0.9994530065645879
4.0	0.05	144	0.9481445751003993	0.011758917888137422	0.024615384615384615	0.9363856572122619
4.0	0.05	145	0.9393996384719713	-0.00809461673237273	0.004265734265734257	0.947494255204344
4.0	0.05	146	0.9493742842876974	-0.007053997954165245	-0.017762237762237766	0.9564282822418627
4.0	0.05	147	0.9298302082154224	0.016688657422678766	0.030139860139860142	0.9131415507927436
4.0	0.05	148	0.9265765184559156	0.05095987566658032	0.05265734265734267	0.8756166427893353
4.0	0.05	149	0.9419517096886872	0.020035381969015255	0.0021678321678321737	0.921916327719672
4.0	0.05	150	0.9287038254887677	-0.037111359105110486	-0.04195804195804196	0.9658151845938783
4.0	0.05	151	0.9299693194231384	-0.0011519313555078859	-6.993006993005813e-05	0.9311212507786463
4.0	0.05	152	0.9432628564325393	-0.014541690653951844	-0.0009790209790209864	0.9578045470864911
4.0	0.05	153	0.9394964718725498	0.03214744593572634	0.02629370629370629	0.9073490259368234
4.0	0.05	154	0.9397682359501638	-0.04781540820514459	-0.04062937062937062	0.9875836441553084
4.0	0.05	155	0.9395193052217398	0.034361655806705416	0.007132867132867134	0.9051576494150344
4.0	0.05	156	0.9429657242817531	-0.03327173838315166	-0.02545454545454546	0.9762374626649047
4.0	0.05	157	0.9360104416739179	0.025579156652192122	0.03993006993006994	0.9104312850217258
4.0	0.05	158	0.9422280015472233	0.019518048276422412	0.01755244755244756	0.9227099532708009
4.0	0.05	159	0.9514800010277785	0.015116489664228933	0.005664335664335669	0.9363635113635496
4.0	0.05	160	0.9415410149590382	0.04230245298781458	0.03216783216783217	0.8992385619712236
4.0	0.05	161	0.9385392420411401	0.013361044000725002	2.220446049250313e-18	0.9251781980404151
4.0	0.05	162	0.9297624303905767	0.0038100582014293067	0.0011188811188811226	0.9259523721891474
4.0	0.05	163	0.921917911054105	-0.007055650733090787	-0.00825174825174825	0.9289735617871958
4.0	0.05	164	0.9340255166843865	0.014794649162950809	0.006013986013986018	0.9192308675214357
4.0	0.05	165	0.9448330103007015	-0.008064269489076034	0.006433566433566443	0.9528972797897776
4.0	0.05	166	0.9360182055681984	0.027512560772611643	0.042867132867132875	0.9085056447955867
4.0	0.05	167	0.9411234799468611	0.00152834133912593	-0.013216783216783214	0.9395951386077351
4.0	0.05	168	0.9286034365301642	0.06875617274734219	0.06797202797202799	0.8598472637828221
4.0	0.05	169	0.9456950664549073	-0.018498561457334344	-0.02615384615384616	0.9641936279122416
4.0	0.05	170	0.9212342994682634	0.044190593187911936	0.04573426573426574	0.8770437062803514
4.0	0.05	171	0.9380731722730364	0.04000134027870853	0.037832167832167835	0.8980718319943279
4.0	0.05	172	0.9483925058281291	-0.023068731297730065	-0.019300699300699307	0.9714612371258591
4.0	0.05	173	0.9334929885367975	-0.06842762390807215	-0.06965034965034966	1.0019206124448696
4.0	0.05	174	0.9431516619108763	0.014987760408166951	0.01034965034965036	0.9281639015027093
4.0	0.05	175	0.9456953095106315	0.034535642038640305	0.0362937062937063	0.9111596674719912
4.0	0.05	176	0.9435569885812419	0.06135952177744568	0.07461538461538464	0.8821974668037963
4.0	0.05	177	0.9281437278775888	-0.0120240291833536	-0.014125874125874125	0.9401677570609424
4.0	0.05	178	0.9522733279675888	0.07438551693438676	0.0788811188811189	0.877887811033202
4.0	0.05	179	0.9293118259109904	-0.01414422510015632	-0.016713286713286712	0.9434560510111467
4.0	0.05	180	0.9146957879831861	-0.018982075681996998	-0.03440559440559441	0.933677863665183
4.0	0.05	181	0.9455388510686467	0.00882635335163427	0.010559440559440563	0.9367124977170124
4.0	0.05	182	0.9376467553102468	0.03908343686349782	0.04685314685314687	0.898563318446749
4.0	0.05	183	0.9347687116449387	0.02252431425299601	0.013356643356643352	0.9122443973919426
4.0	0.05	184	0.9340086486171172	-0.03976001372223175	-0.05188811188811191	0.9737686623393489
4.0	0.05	185	0.9397781734570649	0.011698292846036698	0.004685314685314686	0.9280798806110282
4.0	0.05	186	0.9171403313474522	-0.02467012824314461	-0.009020979020979022	0.9418104595905968
4.0	0.05	187	0.9445509198270277	-0.0031106271601577503	-0.029160839160839162	0.9476615469871854
4.0	0.05	188	0.925972677758804	-0.010125701476181581	-0.01923076923076924	0.9360983792349855
4.0	0.05	189	0.9359662055320871	0.025781372070397275	0.027692307692307697	0.9101848334616898
4.0	0.05	190	0.9232278772415814	-0.01544228155713997	-0.02139860139860141	0.9386701587987214
4.0	0.05	191	0.9527229602242778	-0.02308827992241661	-0.008811188811188813	0.9758112401466944
4.0	0.05	192	0.9495050204895976	-0.002376876650608785	6.993006993006202e-05	0.9518818971402064
4.0	0.05	193	0.937046497948957	-0.004110690354646079	-0.00748251748251748	0.9411571883036031
4.0	0.05	194	0.940575035121552	0.05315087718810915	0.0730769230769231	0.8874241579334429
4.0	0.05	195	0.9164990253465455	0.01719826194323746	0.019370629370629378	0.899300763403308
4.0	0.05	196	0.9215488344089129	0.05416864872822828	0.04531468531468532	0.8673801856806846
4.0	0.05	197	0.9352274341857182	0.038984415961399975	0.05041958041958043	0.8962430182243182
4.0	0.05	198	0.9199499444096837	0.014095398677360193	0.002587412587412584	0.9058545457323235
4.0	0.05	199	0.9397657290039785	0.02810025562517752	0.03146853146853147	0.911665473378801
4.0	0.05	200	0.9329723909530494	0.027215657788651242	0.03377622377622378	0.9057567331643982
4.0	0.05	201	0.9409335214816122	0.04908740908847854	0.04650349650349651	0.8918461123931337
4.0	0.05	202	0.9478751374132898	0.045254545315656466	0.03811188811188813	0.9026205920976333
4.0	0.05	203	0.939192846661699	-0.009394131523702446	-0.008741258741258744	0.9485869781854015
4.0	0.05	204	0.9247121004945142	0.003572370536368428	0.0029370629370629427	0.9211397299581459
4.0	0.05	205	0.9531719605360837	-0.0248604964309003	-0.03979020979020979	0.9780324569669839
4.0	0.05	206	0.932099418124596	0.04966844421419737	0.06685314685314685	0.8824309739103986
4.0	0.05	207	0.936200455694761	0.014180141791765135	0.01636363636363637	0.9220203139029958
4.0	0.05	208	0.9364202058473652	0.0192595480969084	0.016643356643356647	0.9171606577504567
4.0	0.05	209	0.9332810508896187	-0.011742869265881434	-0.027482517482517482	0.9450239201555001
4.0	0.05	210	0.9398261526570504	0.04831341549542743	0.042867132867132875	0.8915127371616229
4.0	0.05	211	0.9437095928538839	-0.05526365643309474	-0.04	0.9989732492869786
4.0	0.05	212	0.9402361112750772	0.010306861324209254	0.025734265734265727	0.929929249950868
4.0	0.05	213	0.9253851981841654	0.014740163014002092	0.03384615384615385	0.9106450351701634
4.0	0.05	214	0.9386673254634205	0.026433553078856302	0.04349650349650351	0.9122337723845642
4.0	0.05	215	0.9358347123852169	0.008103338960652056	0.0025174825174825223	0.9277313734245648
4.0	0.05	216	0.930713021328487	0.019987958324971057	0.01692307692307692	0.910725063003516
4.0	0.05	217	0.94119747999825	0.06782231793216523	0.06678321678321679	0.8733751620660848
4.0	0.05	218	0.9469604492780898	0.02189853604065003	0.031538461538461536	0.9250619132374397
4.0	0.05	219	0.9419623138627179	0.03956193025134045	0.03524475524475524	0.9024003836113774
4.0	0.05	220	0.9246101212570286	-0.008100630625437933	-0.015244755244755253	0.9327107518824665
4.0	0.05	221	0.9466993449301008	0.015787747074824356	0.014755244755244755	0.9309115978552764
4.0	0.05	222	0.9468337547456629	-0.018025193073050744	-0.02818181818181818	0.9648589478187136
4.0	0.05	223	0.9423236057802817	0.010451048924339531	0.015174825174825178	0.9318725568559422
4.0	0.05	224	0.9163147127185505	0.022076661164348033	0.030839160839160832	0.8942380515542024
4.0	0.05	225	0.9494130690368535	-0.018486422560015665	-0.023076923076923075	0.9678994915968692
4.0	0.05	226	0.9387107560491362	0.06351037049331285	0.06713286713286715	0.8752003855558234
4.0	0.05	227	0.935561441362112	-0.002904550628160159	-0.0035664335664335727	0.9384659919902721
4.0	0.05	228	0.9325429878770748	0.03272919633971968	0.026293706293706292	0.8998137915373551
4.0	0.05	229	0.9401802779029708	0.0014789732492869786	0.007832167832167837	0.9387013046536837
4.0	0.05	230	0.9375516580219847	0.029385450962118725	0.011048951048951046	0.908166207059866
4.0	0.05	231	0.9282890335340511	-0.050969049284062005	-0.05139860139860142	0.9792580828181131
4.0	0.05	232	0.9290134993149302	0.005376962067334769	0.0227972027972028	0.9236365372475954
4.0	0.05	233	0.9483479502416321	0.050976236789053324	0.04643356643356642	0.8973717134525788
4.0	0.05	234	0.9380575958733305	0.03036611136535512	0.017622377622377616	0.9076914845079753
4.0	0.05	235	0.9149223228627241	0.023312689800479028	0.01692307692307693	0.891609633062245
4.0	0.05	236	0.9354363023863211	-0.012547661491431591	-0.022517482517482524	0.9479839638777527
4.0	0.05	237	0.9433984537489262	0.06627688630339328	0.06895104895104896	0.8771215674455329
4.0	0.05	238	0.9274024426405851	0.014694308815492232	0.011818181818181821	0.9127081338250929
4.0	0.05	239	0.9470756924136753	0.008558387887769367	0.0002797202797202825	0.9385173045259059
4.0	0.2	0	0.9394388259991846	0.021808077644498363	0.03965034965034966	0.9176307483546863
4.0	0.2	1	0.9414410496118399	0.05360266222407099	0.04181818181818182	0.887838387387769
4.0	0.2	2	0.9250489965618032	0.08051284757836638	0.08825174825174825	0.8445361489834368
4.0	0.2	3	0.9410451396146804	0.08037840998500694	0.07433566433566435	0.8606667296296735
4.0	0.2	4	0.9392875620052513	0.07556713581051097	0.060279720279720284	0.8637204261947403
4.0	0.2	5	0.9407181393875969	0.05537864956850665	0.05307692307692308	0.8853394898190902
4.0	0.2	6	0.9378698596318471	0.04441278084220891	0.05104895104895105	0.8934570787896382
4.0	0.2	7	0.9488812770008869	0.10130612590703188	0.08615384615384619	0.847575151093855
4.0	0.2	8	0.9354964829836688	0.0645900656875456	0.05692307692307694	0.8709064172961232
4.0	0.2	9	0.936483178113318	0.07738182457071151	0.08097902097902099	0.8591013535426065
4.0	0.2	10	0.9477775192899439	0.1100229861270737	0.10146853146853148	0.8377545331628702
4.0	0.2	11	0.9387233046689616	0.011832181827904048	0.006223776223776218	0.9268911228410576
4.0	0.2	12	0.9229231131410507	0.057925783281793944	0.07118881118881118	0.8649973298592567
4.0	0.2	13	0.9277069150742465	0.0646157254275871	0.059440559440559454	0.8630911896466594
4.0	0.2	14	0.9461335181482764	0.0192825133906343	0.02895104895104895	0.9268510047576421
4.0	0.2	15	0.9429842937390929	0.020263465460739902	0.007272727272727273	0.922720828278353
4.0	0.2	16	0.9335910788826937	0.06771980397208609	0.05496503496503498	0.8658712749106076
4.0	0.2	17	0.9391133674398385	0.06865133934120789	0.06594405594405595	0.8704620280986306
4.0	0.2	18	0.9511654035870858	0.00568541367042616	0.012937062937062937	0.9454799899166596
4.0	0.2	19	0.9539989819437374	0.10477885054086843	0.09034965034965035	0.849220131402869
4.0	0.2	20	0.9432307939102735	0.06474970468729492	0.0486013986013986	0.8784810892229786
4.0	0.2	21	0.9369571367757894	0.0628759394971802	0.06664335664335665	0.8740811972786092
4.0	0.2	22	0.930340903014516	0.022506835074191024	0.015384615384615396	0.907834067940325
4.0	0.2	23	0.9365506017712513	0.04221966820810292	0.05055944055944057	0.8943309335631483
4.0	0.2	24	0.9252942675654636	0.025247524477447554	0.016433566433566447	0.900046743088016
4.0	0.2	25	0.93340050236146	0.07318096748678297	0.08419580419580422	0.8602195348746771
4.0	0.2	26	0.9395748816492233	0.019327277310609244	0.01391608391608392	0.9202476043386141
4.0	0.2	27	0.9180780889431174	0.030885590892771455	0.000699300699300699	0.887192498050346
4.0	0.2	28	0.9465390114854246	0.0697393748190103	0.07811188811188811	0.8767996366664144
4.0	0.2	29	0.9404061044486836	0.01934303426599602	-0.00041958041958041703	0.9210630701826875
4.0	0.2	30	0.9410416326678006	0.04075212552230939	0.023636363636363643	0.9002895071454913
4.0	0.2	31	0.9460639069888243	0.09301825209600839	0.09265734265734267	0.8530456548928158
4.0	0.2	32	0.9336401553056636	0.061155896636039334	0.05055944055944056	0.8724842586696242
4.0	0.2	33	0.9247987880547138	0.016346344684961586	0.013426573426573414	0.9084524433697523
4.0	0.2	34	0.9469699492846871	0.06962306223823767	0.07944055944055946	0.8773468870464495
4.0	0.2	35	0.9292801453334343	0.0524833906134657	0.034335664335664345	0.8767967547199685
4.0	0.2	36	0.9400603958752749	0.08755140107736185	0.0976923076923077	0.8525089947979131
4.0	0.2	37	0.9397668956714553	0.0557508720492167	0.06090909090909093	0.8840160236222386
4.0	0.2	38	0.937240546694824	0.12920250639062944	0.12636363636363637	0.8080380403041946
4.0	0.2	39	0.9463769558173305	0.07355633580301098	0.07279720279720282	0.8728206200143195
4.0	0.2	40	0.9319161471639911	0.06893769370673174	0.0588811188811189	0.8629784534572593
4.0	0.2	41	0.9443108571603174	0.09529637173359147	0.07489510489510492	0.8490144854267259
4.0	0.2	42	0.951608820561681	0.05047068088241728	0.0348951048951049	0.9011381396792637
4.0	0.2	43	0.9245129614673344	0.030187243185585546	0.044265734265734276	0.8943257182817489
4.0	0.2	44	0.9486695685205337	0.07697481039917388	0.08874125874125875	0.8716947581213599
4.0	0.2	45	0.9286924504808683	0.024492912842300586	0.045734265734265735	0.9041995376385678
4.0	0.2	46	0.92750442882252	0.05071068799353333	0.05342657342657344	0.8767937408289868
4.0	0.2	47	0.9342418987790964	0.06985765962337474	0.06426573426573427	0.8643842391557216
4.0	0.2	48	0.9254388371103036	0.06737417873206857	0.06671328671328673	0.8580646583782351
4.0	0.2	49	0.9257459831569327	0.039614048343089125	0.022377622377622385	0.8861319348138436
4.0	0.2	50	0.9166443796141523	0.012703439377388458	-0.006643356643356644	0.9039409402367639
4.0	0.2	51	0.9278673874079079	0.02077704220627931	0.020139860139860147	0.9070903452016286
4.0	0.2	52	0.9298935624260851	0.025266253657120596	0.017412587412587402	0.9046273087689645
4.0	0.2	53	0.9292218466818379	0.07247784894295066	0.061468531468531484	0.8567439977388873
4.0	0.2	54	0.9422888557561498	0.07256689067145185	0.06657342657342659	0.869721965084698
4.0	0.2	55	0.9134323773835955	0.00794606801810279	-0.004055944055944059	0.9054863093654927
4.0	0.2	56	0.9452823856127678	0.029162159140388295	0.022447552447552446	0.9161202264723795
4.0	0.2	57	0.9377565956643026	0.022854988093741733	0.015664335664335668	0.9149016075705608
4.0	0.2	58	0.9333038911832577	0.03059745874823524	0.03685314685314687	0.9027064324350225
4.0	0.2	59	0.9348166422337795	0.04937749262325876	0.037552447552447556	0.8854391496105207
4.0	0.2	60	0.947738769263034	0.0762999904861045	0.06790209790209789	0.8714387787769295
4.0	0.2	61	0.9441175167482756	0.05104329239117527	0.04573426573426574	0.8930742243571004
4.0	0.2	62	0.9500486875338109	0.08271334216204317	0.0718881118881119	0.8673353453717677
4.0	0.2	63	0.9545425170434145	0.07526069115325776	0.05720279720279722	0.8792818258901568
4.0	0.2	64	0.92708559519833	0.01713851190174438	0.005664335664335668	0.9099470832965856
4.0	0.2	65	0.9282601029584048	-0.02771295674510885	-0.016503496503496508	0.9559730597035137
4.0	0.2	66	0.9412355703024794	0.09556485108670214	0.08391608391608393	0.8456707192157773
4.0	0.2	67	0.9530385437767664	0.05897972845814476	0.05027972027972028	0.8940588153186216
4.0	0.2	68	0.9221381403737086	0.045738288707144935	0.039580419580419586	0.8763998516665636
4.0	0.2	69	0.9111332299536319	0.022706439379471793	0.015594405594405593	0.8884267905741601
4.0	0.2	70	0.9248296700206041	0.046132184814017235	0.046223776223776235	0.8786974852065869
4.0	0.2	71	0.920026423629461	0.07336723150502188	0.06566433566433566	0.8466591921244391
4.0	0.2	72	0.9380188805686671	0.033597710831743635	0.03993006993006994	0.9044211697369234
4.0	0.2	73	0.9400519305916184	0.0469162825807518	0.03041958041958042	0.8931356480108666
4.0	0.2	74	0.9232732731064397	0.05302855071427132	0.05006993006993008	0.8702447223921683
4.0	0.2	75	0.9414694176870957	0.10322905085350755	0.10776223776223778	0.8382403668335882
4.0	0.2	76	0.9336193914023552	0.06277859915180496	0.06517482517482517	0.8708407922505502
4.0	0.2	77	0.9403798127637589	0.04994209023756266	0.0693006993006993	0.8904377225261962
4.0	0.2	78	0.9249643784474849	0.1042060584764295	0.10041958041958043	0.8207583199710554
4.0	0.2	79	0.9399020277097414	0.013789565131642452	0.033006993006993016	0.926112462578099
4.0	0.2	80	0.9461399625971963	0.10807342921765918	0.09916083916083919	0.8380665333795372
4.0	0.2	81	0.9471392480133667	0.0665853309620354	0.06426573426573427	0.8805539170513312
4.0	0.2	82	0.9237418220429321	0.022844370030812522	0.026573426573426585	0.9008974520121196
4.0	0.2	83	0.946446525310087	0.0558414693343537	0.04293706293706295	0.8906050559757333
4.0	0.2	84	0.9302358404415558	0.06073904217989041	0.047622377622377636	0.8694967982616654
4.0	0.2	85	0.9432290091868119	0.08811305424517656	0.07713286713286714	0.8551159549416353
4.0	0.2	86	0.9369652201147362	0.04089904923545086	0.047272727272727286	0.8960661708792853
4.0	0.2	87	0.9273347689824785	0.053014835426969054	0.06951048951048952	0.8743199335555094
4.0	0.2	88	0.9357163025807657	0.02050993090967424	0.01524475524475524	0.9152063716710914
4.0	0.2	89	0.9323483071863244	0.05138486207282088	0.0367832167832168	0.8809634451135036
4.0	0.2	90	0.9270989771520673	0.062094230620993486	0.06503496503496504	0.8650047465310738
4.0	0.2	91	0.9404642433779469	0.07661499764930392	0.05573426573426574	0.863849245728643
4.0	0.2	92	0.9529271895327704	0.07276257136289678	0.0820979020979021	0.8801646181698737
4.0	0.2	93	0.9339973986093045	0.08956976359011361	0.07524475524475527	0.8444276350191909
4.0	0.2	94	0.9484337141900793	0.001973154148023714	-0.0001398601398601501	0.9464605600420556
4.0	0.2	95	0.9337895929094395	0.05328253005731254	0.06482517482517484	0.880507062852127
4.0	0.2	96	0.952267612685842	0.0696868400603056	0.09062937062937064	0.8825807726255365
4.0	0.2	97	0.9491647216421679	0.06118346609962923	0.07216783216783218	0.8879812555425387
4.0	0.2	98	0.9478457623928905	0.08897400623194877	0.0790909090909091	0.8588717561609418
4.0	0.2	99	0.9507744449822534	0.08115389663465045	0.06517482517482519	0.8696205483476029
4.0	0.2	100	0.9455693441453779	0.09860693653259481	0.08727272727272728	0.8469624076127831
4.0	0.2	101	0.9453215036954887	0.052629085159086916	0.04538461538461539	0.8926924185364018
4.0	0.2	102	0.949719805360976	0.06639402527362867	0.05860139860139861	0.8833257800873473
4.0	0.2	103	0.9405813962370808	0.018836145025100712	0.006083916083916083	0.9217452512119801
4.0	0.2	104	0.9317187164713309	0.004876642275446025	0.015104895104895098	0.9268420741958848
4.0	0.2	105	0.9361942820793625	0.06222338348846075	0.0604895104895105	0.8739708985909017
4.0	0.2	106	0.9423853141564681	0.09649981701376181	0.08503496503496503	0.8458854971427063
4.0	0.2	107	0.9065943865238795	0.03418243346002324	0.03531468531468533	0.8724119530638562
4.0	0.2	108	0.9481879154082746	0.06379837069331298	0.062307692307692314	0.8843895447149617
4.0	0.2	109	0.9192536800372778	0.0758234068218103	0.07699300699300701	0.8434302732154675
4.0	0.2	110	0.9423402169029282	0.06698194929302034	0.05419580419580419	0.8753582676099079
4.0	0.2	111	0.9377204706392157	0.06913833273495329	0.06335664335664337	0.8685821379042624
4.0	0.2	112	0.9383083738252597	0.05177204984170128	0.04965034965034966	0.8865363239835584
4.0	0.2	113	0.9442773640815028	0.039536596900414514	0.03174825174825176	0.9047407671810882
4.0	0.2	114	0.9443211349452326	0.04771807480421861	0.0206993006993007	0.896603060141014
4.0	0.2	115	0.9342732738008847	0.1153871773522065	0.09825174825174826	0.8188860964486782
4.0	0.2	116	0.9307240977250679	0.06106518129526479	0.044265734265734276	0.8696589164298031
4.0	0.2	117	0.9441586417768346	0.05544475378107901	0.05524475524475525	0.8887138879957556
4.0	0.2	118	0.9218793624162239	0.03275277274498107	0.02552447552447552	0.8891265896712428
4.0	0.2	119	0.9396964025669462	0.08335431482938531	0.08125874125874127	0.8563420877375609
4.0	0.2	120	0.9093783259571707	0.05197529998284721	0.03034965034965035	0.8574030259743235
4.0	0.2	121	0.9480105472295468	0.08296785622767794	0.07615384615384616	0.8650426910018689
4.0	0.2	122	0.9274743940794404	0.026553851773508174	0.01727272727272728	0.9009205423059322
4.0	0.2	123	0.9380832139466763	0.10843899891597147	0.10454545454545455	0.8296442150307048
4.0	0.2	124	0.9443634960857611	0.031916945775656784	0.04244755244755245	0.9124465503101044
4.0	0.2	125	0.9301539862180461	0.0032312452994759026	-0.004825174825174823	0.9269227409185702
4.0	0.2	126	0.9433423495432983	0.03333955787469297	0.01804195804195803	0.9100027916686053
4.0	0.2	127	0.9371595466385739	0.07453635037246553	0.07545454545454548	0.8626231962661084
4.0	0.2	128	0.9416987928463839	0.039873708245630725	0.04482517482517483	0.9018250846007532
4.0	0.2	129	0.9380516583692072	0.08357753720662306	0.07762237762237763	0.8544741211625841
4.0	0.2	130	0.9211232993911802	0.07080231305716185	0.06818181818181819	0.8503209863340183
4.0	0.2	131	0.9471499285763392	0.08640011555563581	0.09307692307692308	0.8607498130207034
4.0	0.2	132	0.9390042979196513	0.04703378266234907	0.029020979020979016	0.8919705152573023
4.0	0.2	133	0.9383525821892932	0.07170629285159226	0.07503496503496504	0.8666462893377009
4.0	0.2	134	0.946910282576585	0.057139199402221806	0.05930069930069931	0.8897710831743633
4.0	0.2	135	0.9361475112135493	0.09274356440525305	0.086993006993007	0.8434039468082963
4.0	0.2	136	0.9444979475680191	0.03992868050602812	0.026993006993006996	0.9045692670619909
4.0	0.2	137	0.9265067753519273	0.05989052075730608	0.06643356643356642	0.8666162545946212
4.0	0.2	138	0.9245115309107853	0.053365877337414824	0.06426573426573427	0.8711456535733705
4.0	0.2	139	0.921460216291817	0.04697084511864244	0.041818181818181824	0.8744893711731745
4.0	0.2	140	0.943194988329853	0.07641915029107658	0.0802797202797203	0.8667758380387764
4.0	0.2	141	0.9433145648017812	0.04797739442874613	0.04923076923076923	0.8953371703730351
4.0	0.2	142	0.9321511126049393	0.0841475514913552	0.05286713286713288	0.8480035611135841
4.0	0.2	143	0.9436232316827997	0.08204081391723189	0.05538461538461539	0.8615824177655678
4.0	0.2	144	0.9255756149830658	0.023323863419349597	0.013286713286713287	0.9022517515637163
4.0	0.2	145	0.9506601324028696	0.07042604890697841	0.049580419580419595	0.8802340834958912
4.0	0.2	146	0.9467643171974424	0.08739922041612529	0.06314685314685314	0.8593650967813171
4.0	0.2	147	0.936503386460685	0.05950249271006438	0.041538461538461545	0.8770008937506206
4.0	0.2	148	0.9411009938201346	0.0984882628390714	0.08776223776223777	0.8426127309810632
4.0	0.2	149	0.9519921680501168	0.03949824270711299	0.0393006993006993	0.9124939253430038
4.0	0.2	150	0.9411415494038537	0.020553187884158254	0.027412587412587418	0.9205883615196955
4.0	0.2	151	0.9160780944986768	-0.01457033650717813	-0.02244755244755245	0.9306484310058549
4.0	0.2	152	0.9335415857927679	0.03507938547179546	0.020629370629370637	0.8984622003209725
4.0	0.2	153	0.9553875592969162	0.08533896204094586	0.07013986013986016	0.8700485972559704
4.0	0.2	154	0.9410271187688325	0.08921290917563136	0.0846853146853147	0.8518142095932011
4.0	0.2	155	0.9505682503946183	0.07266666157407053	0.05965034965034966	0.8779015888205478
4.0	0.2	156	0.93653384481517	0.08940794403329447	0.0748951048951049	0.8471259007818756
4.0	0.2	157	0.9403995349996771	0.05902011737508151	0.07524475524475525	0.8813794176245956
4.0	0.2	158	0.9455057260456432	0.010217375150954966	0.01860139860139861	0.9352883508946882
4.0	0.2	159	0.9536204608475423	0.08322662724071336	0.08293706293706295	0.8703938336068289
4.0	0.2	160	0.9359246916143692	0.11258548096213954	0.1053146853146853	0.8233392106522297
4.0	0.2	161	0.9449177811929036	0.05674602551807328	0.04293706293706293	0.8881717556748303
4.0	0.2	162	0.9478782693599093	0.07118343832183216	0.07916083916083917	0.8766948310380771
4.0	0.2	163	0.9332220230708492	0.11107179935541622	0.09426573426573429	0.822150223715433
4.0	0.2	164	0.9382208182089016	-0.011435223218905013	-0.006433566433566438	0.9496560414278066
4.0	0.2	165	0.9338173012620148	0.08430173215398067	0.07573426573426575	0.8495155691080342
4.0	0.2	166	0.9498099373680122	0.020589889298534232	0.02118881118881119	0.929220048069478
4.0	0.2	167	0.9366461157264693	0.005360552333716898	0.010139860139860147	0.9312855633927524
4.0	0.2	168	0.9446323573835815	0.013528585783740128	0.008951048951048956	0.9311037715998414
4.0	0.2	169	0.9333493564926085	0.03427840574889288	0.037202797202797205	0.8990709507437157
4.0	0.2	170	0.9326268837686693	0.051296980067347266	0.0341958041958042	0.881329903701322
4.0	0.2	171	0.9448644894892289	0.055406378754429685	0.055804195804195815	0.8894581107347992
4.0	0.2	172	0.9413541189959159	0.036680178250123784	0.021118881118881116	0.9046739407457921
4.0	0.2	173	0.9305739934541621	0.07179127207727229	0.11048951048951049	0.8587827213768898
4.0	0.2	174	0.9323535710788687	0.03527913561051084	0.028111888111888122	0.8970744354683579
4.0	0.2	175	0.9431096479928112	0.12157009831256826	0.11776223776223778	0.8215395496802429
4.0	0.2	176	0.9291475480191306	0.07673753940106902	0.07552447552447554	0.8524100086180616
4.0	0.2	177	0.9257600248333505	0.00582805960281917	0.03174825174825176	0.9199319652305313
4.0	0.2	178	0.9298079373666233	0.04435907941602737	0.024195804195804204	0.8854488579505959
4.0	0.2	179	0.934973795120691	0.06194139023707655	0.06363636363636364	0.8730324048836144
4.0	0.2	180	0.9386377212761953	0.06870657549067742	0.06755244755244756	0.8699311457855179
4.0	0.2	181	0.9245855101288264	0.11062567404560698	0.09314685314685317	0.8139598360832194
4.0	0.2	182	0.9292785481101029	0.06720729667173381	0.07538461538461538	0.862071251438369
4.0	0.2	183	0.9338900165902891	0.00010711118549387881	0.008881118881118883	0.9337829054047952
4.0	0.2	184	0.9268599075416024	0.10122826474185051	0.08825174825174827	0.8256316427997519
4.0	0.2	185	0.9325152031355578	0.05034447246143921	0.02104895104895105	0.8821707306741186
4.0	0.2	186	0.9490808951950662	0.07143406349587743	0.08461538461538463	0.8776468316991888
4.0	0.2	187	0.9562489210061952	-0.019264159211221675	-0.032377622377622386	0.9755130802174169
4.0	0.2	188	0.9486758324137725	0.06223402238473776	0.059860139860139876	0.8864418100290348
4.0	0.2	189	0.9548283227974464	0.06836233914051329	0.05958041958041959	0.8864659836569332
4.0	0.2	190	0.9374816232511273	0.03365369698173401	0.01909090909090909	0.9038279262693932
4.0	0.2	191	0.9276866164490392	-0.031047966005531946	-0.040349650349650365	0.9587345824545711
4.0	0.2	192	0.9442804751947745	0.019365409281534223	0.004475524475524478	0.9249150659132404
4.0	0.2	193	0.9383401238473082	0.11625360850945037	0.09363636363636363	0.8220865153378579
4.0	0.2	194	0.9337938012456953	0.05133099397985693	0.031678321678321686	0.8824628072658384
4.0	0.2	195	0.9366282615474038	0.028145102878543667	0.026993006993007	0.9084831586688601
4.0	0.2	196	0.9497125275781441	-0.001701410903757572	0.0026573426573426513	0.9514139384819016
4.0	0.2	197	0.9302016181955682	0.06486250337673845	0.06447552447552447	0.8653391148188297
4.0	0.2	198	0.944354544690656	0.10670306021045849	0.10783216783216786	0.8376514844801976
4.0	0.2	199	0.9426209740423431	0.08258230040437528	0.05741258741258741	0.8600386736379678
4.0	0.2	200	0.9357038234054329	0.060755924136058424	0.07496503496503497	0.8749478992693744
4.0	0.2	201	0.9321501264931433	0.035257468928797865	0.02741258741258742	0.8968926575643454
4.0	0.2	202	0.9398094929232589	0.03815858899902014	0.033356643356643366	0.9016509039242387
4.0	0.2	203	0.9409644103919517	0.07090699368541228	0.06083916083916087	0.8700574167065394
4.0	0.2	204	0.9449856631844884	0.04735756066497268	0.02202797202797203	0.8976281025195157
4.0	0.2	205	0.9421528417728068	0.05831869327687034	0.07020979020979022	0.8838341484959364
4.0	0.2	206	0.9358432748911633	0.01547792741522737	-0.000699300699300702	0.9203653474759359
4.0	0.2	207	0.9512185702906739	0.08681789362353723	0.07867132867132869	0.8644006766671367
4.0	0.2	208	0.9348429964187475	0.03066370879424222	0.009720279720279718	0.9041792876245053
4.0	0.2	209	0.9291804508197575	0.02170682757418582	0.02517482517482518	0.9074736232455717
4.0	0.2	210	0.9493939093013259	0.08216659872680467	0.0865034965034965	0.8672273105745213
4.0	0.2	211	0.9161582473321163	0.07192914717301888	0.07132867132867132	0.8442291001590974
4.0	0.2	212	0.9312961606223338	0.08446892671453243	0.07244755244755245	0.8468272339078013
4.0	0.2	213	0.9259287193949441	0.062353640523361474	0.055804195804195815	0.8635750788715827
4.0	0.2	214	0.9263182960543722	0.0154637468498242	0.024825174825174826	0.910854549204548
4.0	0.2	215	0.9403731391480133	0.05436196136247316	0.05237762237762238	0.8860111777855402
4.0	0.2	216	0.9232106688962979	0.03023109043825725	0.03132867132867133	0.8929795784580407
4.0	0.2	217	0.9481143042460446	0.049911944383294715	0.026293706293706295	0.8982023598627499
4.0	0.2	218	0.9447956283302974	0.05622305293267565	0.06349650349650351	0.8885725753976218
4.0	0.2	219	0.927497248261978	0.06322255779344291	0.05650349650349651	0.8642746904685351
4.0	0.2	220	0.9197322706474101	0.0025690990063187546	0.002307692307692296	0.9171631716410914
4.0	0.2	221	0.9190704160211223	-0.012428973909009659	-0.019020979020979028	0.9314993899301319
4.0	0.2	222	0.9332779189429992	0.025400191250132813	0.024265734265734272	0.9078777276928663
4.0	0.2	223	0.9513813134592454	0.09332953008995144	0.08748251748251751	0.8580517833692939
4.0	0.2	224	0.9418850221423765	-0.005757851220730015	0.020559440559440555	0.9476428733631065
4.0	0.2	225	0.9470825188073048	0.042594092079230615	0.059020979020979046	0.9044884267280742
4.0	0.2	226	0.9225001059028514	-0.0013317787026240991	-0.01363636363636364	0.9238318846054755
4.0	0.2	227	0.9305953268023102	0.06127737588706658	0.06020979020979022	0.8693179509152436
4.0	0.2	228	0.9445385656517818	0.002457529484395475	0.010209790209790208	0.9420810361673864
4.0	0.2	229	0.9296788747769964	0.08544853156148025	0.08503496503496503	0.8442303432155162
4.0	0.2	230	0.9367550394132218	0.07667545602462224	0.06951048951048952	0.8600795833885996
4.0	0.2	231	0.9483709155353579	0.011290612007369449	0.018601398601398606	0.9370803035279884
4.0	0.2	232	0.9407639449749619	0.002010515285080059	-0.002657342657342655	0.9387534296898818
4.0	0.2	233	0.9301411042646557	0.09579442069056991	0.0865034965034965	0.8343466835740858
4.0	0.2	234	0.9543055932677732	0.04309891881869363	0.04335664335664335	0.9112066744490795
4.0	0.2	235	0.9261449417673207	0.0248590658743513	0.026293706293706295	0.9012858758929694
4.0	0.2	236	0.9403146043851419	0.03839952666633796	0.046013986013986014	0.901915077718804
4.0	0.2	237	0.9262321571056646	0.05598796249164061	0.055874125874125886	0.870244194614024
4.0	0.2	238	0.9397767776227621	0.0536703150488299	0.05671328671328672	0.8861064625739322
4.0	0.2	239	0.9335343427321825	0.06226310573826788	0.05678321678321678	0.8712712369939146
4.0	0.5	0	0.9348850033923636	0.1005931323563419	0.08916083916083918	0.8342918710360216
4.0	0.5	1	0.9358684832420023	0.1510973965954143	0.14685314685314688	0.784771086646588
4.0	0.5	2	0.9279648110866744	0.09660969209006394	0.09377622377622381	0.8313551189966104
4.0	0.5	3	0.9394007287505062	0.06411072507689242	0.06482517482517483	0.8752900036736138
4.0	0.5	4	0.9441797598470554	0.11416183622349738	0.09097902097902097	0.830017923623558
4.0	0.5	5	0.9445391003743754	0.11868780464430878	0.09636363636363639	0.8258512957300665
4.0	0.5	6	0.9434819051957676	0.1398862290876591	0.13636363636363638	0.8035956761081084
4.0	0.5	7	0.9497776109566743	0.16129607728894255	0.15314685314685317	0.7884815336677318
4.0	0.5	8	0.9367631713633133	0.09842082529223979	0.09748251748251749	0.8383423460710735
4.0	0.5	9	0.9208431047521561	0.16844880447833643	0.13874125874125876	0.7523943002738197
4.0	0.5	10	0.9075650191423743	0.14544010794451942	0.14118881118881121	0.7621249111978549
4.0	0.5	11	0.9424752239411277	0.09666242129334811	0.11174825174825175	0.8458128026477796
4.0	0.5	12	0.9526376962761779	0.11721593556662191	0.10384615384615387	0.835421760709556
4.0	0.5	13	0.9324726683837974	0.1051395244024475	0.11475524475524476	0.8273331439813498
4.0	0.5	14	0.9455028927103422	0.1144648781006098	0.1148951048951049	0.8310380146097324
4.0	0.5	15	0.9176607205977225	0.07801393612078898	0.04895104895104896	0.8396467844769335
4.0	0.5	16	0.9293972079147277	0.17826499879513807	0.17132867132867133	0.7511322091195896
4.0	0.5	17	0.9270920882583946	0.0975032968772895	0.09454545454545454	0.8295887913811051
4.0	0.5	18	0.9414908621464321	0.1325693212286953	0.12048951048951048	0.8089215409177368
4.0	0.5	19	0.9276862414487788	0.10151114688274088	0.09811188811188812	0.8261750945660379
4.0	0.5	20	0.9190496243400169	0.12028105575073315	0.09601398601398603	0.7987685685892838
4.0	0.5	21	0.9311334174537621	0.09571489285756447	0.09825174825174825	0.8354185245961976
4.0	0.5	22	0.9409304798128333	0.11877040192389023	0.11398601398601399	0.8221600778889431
4.0	0.5	23	0.937875241580029	0.11306296740483848	0.0990909090909091	0.8248122741751905
4.0	0.5	24	0.9365953795801246	0.08235795997080553	0.07307692307692308	0.8542374196093191
4.0	0.5	25	0.9409141325792588	0.08995951386077351	0.09846153846153846	0.8509546187184853
4.0	0.5	26	0.9253062397959998	0.20162289001589584	0.18622377622377628	0.723683349780104
4.0	0.5	27	0.9430347034963219	0.1516318344665517	0.16244755244755243	0.7914028690297702
4.0	0.5	28	0.9427588977492345	0.20028812520008696	0.2154545454545455	0.7424707725491475
4.0	0.5	29	0.9326727518560778	0.1630137451484341	0.16006993006993006	0.7696590067076436
4.0	0.5	30	0.9264572475397552	0.10489207978616652	0.0941958041958042	0.8215651677535887
4.0	0.5	31	0.9274818593624023	0.07996490275340469	0.09391608391608391	0.8475169566089976
4.0	0.5	32	0.9364610878201999	0.12480725333837037	0.12230769230769231	0.8116538344818295
4.0	0.5	33	0.9276094705621323	0.08845963087474366	0.08741258741258742	0.8391498396873887
4.0	0.5	34	0.9252502953127051	0.15393558606637922	0.1481818181818182	0.7713147092463258
4.0	0.5	35	0.9484242419612792	0.14158006359726638	0.13461538461538466	0.8068441783640128
4.0	0.5	36	0.9362919488138532	0.06764617892095759	0.053006993006993026	0.8686457698928957
4.0	0.5	37	0.9337808012366675	0.15086347976630538	0.14160839160839161	0.7829173214703622
4.0	0.5	38	0.9280095194510551	0.1989689576173317	0.17909090909090913	0.7290405618337235
4.0	0.5	39	0.934909885354087	0.03895842288779367	0.03580419580419581	0.8959514624662933
4.0	0.5	40	0.9514895218677235	0.13381360681500473	0.13342657342657344	0.8176759150527187
4.0	0.5	41	0.9367403657919208	0.09635692802564445	0.08482517482517483	0.8403834377662763
4.0	0.5	42	0.9452681494917705	0.1361787542908016	0.10965034965034967	0.8090893952009689
4.0	0.5	43	0.9287136866067267	0.14666414351676635	0.14440559440559445	0.7820495430899603
4.0	0.5	44	0.9355592538605929	0.11110566049004202	0.08776223776223777	0.8244535933705509
4.0	0.5	45	0.935708719242166	0.12151449410728758	0.11615384615384616	0.8141942251348785
4.0	0.5	46	0.9367549838576276	0.01077393803745697	0.014965034965034964	0.9259810458201706
4.0	0.5	47	0.9396792636661553	0.13623989322214808	0.12013986013986017	0.8034393704440073
4.0	0.5	48	0.9473559634416413	0.10789665826156823	0.08643356643356645	0.8394593051800731
4.0	0.5	49	0.9188627561546917	0.03842017251400869	0.042727272727272746	0.8804425836406831
4.0	0.5	50	0.9232998217359873	0.11798689443534335	0.11230769230769236	0.805312927300644
4.0	0.5	51	0.9363325668976158	0.12641969195811942	0.11496503496503496	0.8099128749394964
4.0	0.5	52	0.9342054404204447	0.05240271000188194	0.04559440559440561	0.8818027304185628
4.0	0.5	53	0.9435180857764484	0.17306547435102385	0.16202797202797206	0.7704526114254245
4.0	0.5	54	0.9273198800832501	0.17691908813825566	0.1772027972027972	0.7504007919449944
4.0	0.5	55	0.9327364671781022	0.07247890449923924	0.07307692307692308	0.860257562678863
4.0	0.5	56	0.9415840844333919	0.12304111322299528	0.1310489510489511	0.8185429712103967
4.0	0.5	57	0.941968688867145	0.11944479822555432	0.09825174825174826	0.8225238906415907
4.0	0.5	58	0.9387391380132903	0.11396037775026233	0.10433566433566431	0.824778760263028
4.0	0.5	59	0.9487781449848228	0.11396913470078797	0.10601398601398604	0.8348090102840349
4.0	0.5	60	0.9303675766441506	0.1514369107200769	0.13398601398601398	0.7789306659240737
4.0	0.5	61	0.9367221921681891	0.1566455185038323	0.1523776223776224	0.7800766736643567
4.0	0.5	62	0.9392315064107684	0.09849662395598886	0.07811188811188813	0.8407348824547795
4.0	0.5	63	0.9344789058881291	0.09597315692580341	0.07146853146853148	0.8385057489623257
4.0	0.5	64	0.9264829489464923	0.11018746540796209	0.10503496503496505	0.8162954835385302
4.0	0.5	65	0.9359858374901651	0.09012974314565496	0.07622377622377624	0.8458560943445101
4.0	0.5	66	0.9507133199398056	0.1273550537187873	0.08174825174825177	0.8233582662210183
4.0	0.5	67	0.9473597273331439	0.08420948903436738	0.08496503496503499	0.8631502382987765
4.0	0.5	68	0.9331085368809284	0.1409969312478689	0.13783216783216784	0.7921116056330595
4.0	0.5	69	0.9477790331798842	0.0767894699926875	0.06678321678321679	0.8709895631871967
4.0	0.5	70	0.9413549731631758	0.16321934945788158	0.16090909090909095	0.7781356237052943
4.0	0.5	71	0.930279805749865	0.07917597164998032	0.07573426573426575	0.8511038340998847
4.0	0.5	72	0.9449571076091025	0.1016843275585608	0.0937762237762238	0.8432727800505416
4.0	0.5	73	0.9236438983638183	0.07272759217193901	0.08853146853146854	0.8509163061918793
4.0	0.5	74	0.9379688110894522	0.09730689396312081	0.08426573426573426	0.8406619171263314
4.0	0.5	75	0.9430741618570568	0.07443944058294485	0.05895104895104896	0.868634721274112
4.0	0.5	76	0.9328615089316035	0.15798662360182195	0.14391608391608396	0.7748748853297815
4.0	0.5	77	0.9521259598096943	0.14070507687852563	0.13524475524475524	0.8114208829311687
4.0	0.5	78	0.9470887202005002	0.11681185889712424	0.1148951048951049	0.830276861303376
4.0	0.5	79	0.9280814986677075	0.07648417811401258	0.08678321678321682	0.851597320553695
4.0	0.5	80	0.9385272559217055	0.12278796721386612	0.10104895104895106	0.8157392887078394
4.0	0.5	81	0.937752706772713	0.09692891453396843	0.07307692307692308	0.8408237922387446
4.0	0.5	82	0.9242143640377528	0.11442251001563196	0.09965034965034965	0.8097918540221208
4.0	0.5	83	0.9229015436816277	0.11911329799534581	0.1055944055944056	0.8037882456862819
4.0	0.5	84	0.9491415202371668	0.07896395066941019	0.06321678321678321	0.8701775695677566
4.0	0.5	85	0.9379066582685126	0.14200882083945893	0.12160839160839161	0.7958978374290537
4.0	0.5	86	0.9341763501224655	0.13526235782108184	0.13349650349650352	0.7989139923013836
4.0	0.5	87	0.954021002792363	0.1745328434255857	0.1441258741258741	0.7794881593667773
4.0	0.5	88	0.9426036823636683	0.16208382783599154	0.1348951048951049	0.7805198545276768
4.0	0.5	89	0.936776240816834	0.11762667196296663	0.09055944055944055	0.8191495688538674
4.0	0.5	90	0.9338695235205025	0.14105712573411508	0.13769230769230767	0.7928123977863873
4.0	0.5	91	0.926768025533351	0.12945527045504893	0.12272727272727274	0.7973127550783021
4.0	0.5	92	0.9324810086673672	0.11198148748714407	0.1102797202797203	0.8204995211802231
4.0	0.5	93	0.9507346463435044	0.060887090893813126	0.05300699300699302	0.8898475554496912
4.0	0.5	94	0.9196196455691983	0.09614976121511194	0.0706993006993007	0.8234698843540863
4.0	0.5	95	0.9317577303873129	0.06624092100063958	0.06916083916083916	0.8655168093866733
4.0	0.5	96	0.9431533077453524	0.12976054150037603	0.11496503496503499	0.8133927662449765
4.0	0.5	97	0.9424049669478938	0.1296030136132039	0.1195804195804196	0.8128019533346899
4.0	0.5	98	0.9174072412550287	0.03984621517098276	0.034545454545454546	0.877561026084046
4.0	0.5	99	0.9440384750267188	0.09524258002956945	0.07797202797202799	0.8487958949971494
4.0	0.5	100	0.9286889921451333	0.08557523303835628	0.08377622377622379	0.8431137591067771
4.0	0.5	101	0.9362059626430297	0.13087034782663043	0.1388111888111888	0.8053356148163993
4.0	0.5	102	0.9332510994799301	0.11575800399861388	0.11797202797202797	0.8174930954813162
4.0	0.5	103	0.9440329125228558	0.0861750737326901	0.09209790209790211	0.8578578387901657
4.0	0.5	104	0.945309392575967	0.11624944878433943	0.09916083916083916	0.8290599437916276
4.0	0.5	105	0.9421068209075144	0.1244717531053841	0.11132867132867133	0.8176350678021304
4.0	0.5	106	0.9373805676253941	0.13000287500199653	0.11762237762237765	0.8073776926233975
4.0	0.5	107	0.9500335139121624	0.1015172649425451	0.08559440559440558	0.8485162489696173
4.0	0.5	108	0.9462727196338332	0.0803125488281589	0.07972027972027973	0.8659601708056743
4.0	0.5	109	0.9193515064941017	0.15232805717226194	0.13321678321678324	0.7670234493218397
4.0	0.5	110	0.9328700228264049	0.10511266327268283	0.0976923076923077	0.827757359553722
4.0	0.5	111	0.932142834821413	0.05069050742396349	0.04251748251748252	0.8814523273974495
4.0	0.5	112	0.9433348981492349	0.11378248873783939	0.11545454545454546	0.8295524094113955
4.0	0.5	113	0.9386849157534137	0.1273685537281623	0.12118881118881122	0.8113163620252515
4.0	0.5	114	0.9457265803656808	0.09180182069570882	0.09251748251748251	0.8539247596699719
4.0	0.5	115	0.9248531630924743	0.10352968995117358	0.11000000000000001	0.8213234731413007
4.0	0.5	116	0.9466296434928079	0.12392184300127987	0.10279720279720282	0.822707800491528
4.0	0.5	117	0.9308319936333289	0.08287528671894911	0.08314685314685316	0.8479567069143799
4.0	0.5	118	0.9276936928428422	0.11622021959737472	0.10993006993006996	0.8114734732454675
4.0	0.5	119	0.9385103114654941	0.08633728912311743	0.07615384615384617	0.8521730223423767
4.0	0.5	120	0.9415510080215334	0.07636079608388617	0.06433566433566433	0.8651902119376472
4.0	0.5	121	0.9249525312170356	0.11221354320384944	0.10286713286713287	0.8127389880131861
4.0	0.5	122	0.9411439035721553	0.13695794927635366	0.1328671328671329	0.8041859542958016
4.0	0.5	123	0.9374327065504906	0.12472228105713962	0.11384615384615387	0.812710425493351
4.0	0.5	124	0.9513303412016259	0.13353545384406515	0.10706293706293708	0.8177948873575607
4.0	0.5	125	0.9265138517457304	0.08376615539316347	0.07153846153846156	0.842747696352567
4.0	0.5	126	0.9357022817376957	0.07905552017744456	0.07853146853146856	0.8566467615602511
4.0	0.5	127	0.9381291098118818	0.0877202831390855	0.07237762237762238	0.8504088266727963
4.0	0.5	128	0.9546283573808038	0.1664709836604053	0.17125874125874127	0.7881573737203984
4.0	0.5	129	0.9408201186250823	0.10964108308408546	0.11111888111888112	0.8311790355409968
4.0	0.5	130	0.9398731526896894	0.10387812769314424	0.09636363636363639	0.8359950249965452
4.0	0.5	131	0.9489574159426498	0.13684790753326911	0.11916083916083917	0.8121095084093807
4.0	0.5	132	0.943248307811325	0.13645388642631	0.13804195804195804	0.8067944213850149
4.0	0.5	133	0.9232856689483812	0.05442375307205074	0.04195804195804196	0.8688619158763304
4.0	0.5	134	0.9319959111082716	0.14171350813438063	0.1433566433566434	0.790282402973891
4.0	0.5	135	0.9357920109666743	0.11459172541092041	0.10251748251748255	0.8212002855557539
4.0	0.5	136	0.9380770472757273	0.1178324221058487	0.09461538461538463	0.8202446251698786
4.0	0.5	137	0.9349426214879315	0.1081605959448583	0.10524475524475525	0.8267820255430732
4.0	0.5	138	0.9412898897846457	0.11702559515666332	0.11314685314685317	0.8242642946279823
4.0	0.5	139	0.9369213242509196	0.12751627605296947	0.12720279720279723	0.8094050481979501
4.0	0.5	140	0.923717947026352	0.11176034844468641	0.10307692307692307	0.8119575985816656
4.0	0.5	141	0.9370780396375274	0.08713390078743109	0.08062937062937063	0.8499441388500963
4.0	0.5	142	0.9355655177538318	0.09859011013202092	0.0586013986013986	0.8369754076218109
4.0	0.5	143	0.9499679096999373	0.09101273681440057	0.07433566433566434	0.8589551728855367
4.0	0.5	144	0.9505888129088979	0.14938736068566713	0.14034965034965036	0.8012014522232307
4.0	0.5	145	0.9357008720144944	0.14766631782383183	0.1358741258741259	0.7880345541906626
4.0	0.5	146	0.9338250512673967	0.12452013508342714	0.09790209790209792	0.8093049161839695
4.0	0.5	147	0.945686712282439	0.14838733915787441	0.14132867132867136	0.7972993731245646
4.0	0.5	148	0.9345640031694467	0.08307756463719766	0.05937062937062938	0.851486438532249
4.0	0.5	149	0.9297620415014177	0.07884925614531678	0.07118881118881121	0.8509127853561009
4.0	0.5	150	0.9465490323257169	0.07201423750988716	0.03832167832167833	0.8745347948158297
4.0	0.5	151	0.9384402003056947	0.1196922428418353	0.10713286713286715	0.8187479574638594
4.0	0.5	152	0.949382777349151	0.1431461827404047	0.13678321678321678	0.8062365946087463
4.0	0.5	153	0.9287809227645296	0.16852663092127146	0.14454545454545456	0.7602542918432582
4.0	0.5	154	0.9389650756701914	0.0744717947720797	0.07020979020979022	0.8644932808981117
4.0	0.5	155	0.953831224882795	0.16593238606415697	0.1593706293706294	0.7878988388186381
4.0	0.5	156	0.9433867176296651	0.10884219364041224	0.11454545454545456	0.8345445239892528
4.0	0.5	157	0.9374920538139262	0.12250129340367596	0.12944055944055946	0.8149907604102502
4.0	0.5	158	0.9260468653103231	0.08802049862534626	0.097972027972028	0.8380263666849769
4.0	0.5	159	0.9416558553165661	0.0846853782537349	0.08727272727272728	0.8569704770628312
4.0	0.5	160	0.9488029991687493	0.1275627274741163	0.1097902097902098	0.821240271694633
4.0	0.5	161	0.9426734393565551	0.1255192607772644	0.12531468531468534	0.8171541785792907
4.0	0.5	162	0.953757273442551	0.12439719055360454	0.12265734265734267	0.8293600828889465
4.0	0.5	163	0.9410851118646609	0.07844708225491824	0.07349650349650351	0.8626380296097427
4.0	0.5	164	0.9281241306417574	0.10629772659564346	0.1104895104895105	0.8218264040461138
4.0	0.5	165	0.9332576411511396	0.1365213517509387	0.1153846153846154	0.7967362894002009
4.0	0.5	166	0.9444360239139055	0.1513160703583822	0.14083916083916087	0.7931199535555232
4.0	0.5	167	0.9378675124079948	0.09713825495712151	0.10202797202797204	0.8407292574508733
4.0	0.5	168	0.9340651903230488	0.10232434189190409	0.08853146853146854	0.8317408484311447
4.0	0.5	169	0.9340134402871113	0.05857367956505525	0.05594405594405595	0.8754397607220561
4.0	0.5	170	0.9328766269976576	0.12159649416423206	0.10090909090909092	0.8112801328334256
4.0	0.5	171	0.9250698160207055	0.14164023725016475	0.13643356643356644	0.7834295787705408
4.0	0.5	172	0.9423452794064441	0.042520973972898585	0.03706293706293706	0.8998243054335455
4.0	0.5	173	0.9435876205469588	0.11325272448105865	0.08972027972027971	0.8303348960659002
4.0	0.5	174	0.9311957716637302	0.11844507530908008	0.11223776223776225	0.8127506963546501
4.0	0.5	175	0.9490067284768947	0.06651883091585481	0.07293706293706295	0.88248789756104
4.0	0.5	176	0.9313977231928633	0.13101309792576243	0.10181818181818185	0.8003846252671009
4.0	0.5	177	0.9169819979041651	0.08189088325755782	0.0913986013986014	0.8350911146466073
4.0	0.5	178	0.9296661664348377	0.05202471668383103	0.0486013986013986	0.8776414497510067
4.0	0.5	179	0.9316429039186833	0.10148647325449531	0.09692307692307693	0.830156430664188
4.0	0.5	180	0.9441075514635775	0.10913127717449804	0.11167832167832166	0.8349762742890795
4.0	0.5	181	0.9351951355521775	0.09727408144033432	0.10139860139860142	0.8379210541118431
4.0	0.5	182	0.943531078841027	0.14414957927054114	0.1272027972027972	0.7993814995704859
4.0	0.5	183	0.9424213072370189	0.16990125687587285	0.15000000000000002	0.772520050361146
4.0	0.5	184	0.9387961449973229	0.14803303335627316	0.1174825174825175	0.7907631116410497
4.0	0.5	185	0.9385399503749654	0.12327592588605965	0.11517482517482519	0.8152640244889058
4.0	0.5	186	0.9473223036960443	0.08870635326830088	0.08104895104895105	0.8586159504277434
4.0	0.5	187	0.9429451826008213	0.1219399666249768	0.09006993006993008	0.8210052159758445
4.0	0.5	188	0.9225090572979563	0.17006128476478105	0.17433566433566433	0.7524477725331753
4.0	0.5	189	0.9496094580621236	0.10630862243654336	0.07797202797202799	0.8433008356255802
4.0	0.5	190	0.9341865723517865	0.05406518337859957	0.06286713286713289	0.8801213889731869
4.0	0.5	191	0.9325850087395894	0.15405760004000002	0.17230769230769233	0.7785274086995894
4.0	0.5	192	0.9347308852297814	0.09205725142864683	0.07545454545454545	0.8426736338011346
4.0	0.5	193	0.9310045354198163	0.17790398465554488	0.17769230769230773	0.7531005507642714
4.0	0.5	194	0.9285494642704613	0.06718634526829532	0.06531468531468533	0.8613631190021659
4.0	0.5	195	0.9534039537527456	0.12044072252827953	0.12734265734265734	0.832963231224466
4.0	0.5	196	0.9378671721299806	0.10033390300965486	0.06587412587412589	0.8375332691203258
4.0	0.5	197	0.934229065436851	0.049702930349257185	0.04251748251748253	0.8845261350875938
4.0	0.5	198	0.9322694599093471	0.10425781545681628	0.10496503496503497	0.8280116444525307
4.0	0.5	199	0.9450958229832104	0.14197534859399208	0.12566433566433566	0.8031204743892183
4.0	0.5	200	0.9371331091202146	0.07740265791851243	0.08629370629370632	0.8597304512017022
4.0	0.5	201	0.9411230563354558	0.10071337549539965	0.08748251748251751	0.8404096808400562
4.0	0.5	202	0.9302805001947917	0.12302081459778791	0.11363636363636367	0.8072596855970038
4.0	0.5	203	0.9278459221152237	0.11334253704342849	0.10776223776223777	0.8145033850717952
4.0	0.5	204	0.9541261348098159	0.11987084713253272	0.09776223776223775	0.8342552876772832
4.0	0.5	205	0.9463264696711594	0.09472140605653198	0.08657342657342657	0.8516050636146274
4.0	0.5	206	0.9196919928416616	0.09106169518173277	0.08503496503496505	0.8286302976599288
4.0	0.5	207	0.9437355998163888	0.12361194000829166	0.10349650349650348	0.8201236598080971
4.0	0.5	208	0.9482252418230845	0.127815679038666	0.1041258741258741	0.8204095627844186
4.0	0.5	209	0.9350703090766035	0.10625646962254835	0.09356643356643359	0.8288138394540552
4.0	0.5	210	0.9485185267489769	0.15508242019612514	0.14188811188811187	0.7934361065528517
4.0	0.5	211	0.9194265898795763	0.10302318959943722	0.06230769230769231	0.816403400280139
4.0	0.5	212	0.9374899079791027	0.10675124774392204	0.11685314685314686	0.8307386602351806
4.0	0.5	213	0.9319572374703038	0.09141797320692584	0.09685314685314689	0.840539264263378
4.0	0.5	214	0.9414568204561252	0.08770892202008473	0.08181818181818183	0.8537478984360405
4.0	0.5	215	0.9270921299250903	0.09841824195711248	0.07125874125874128	0.8286738879679778
4.0	0.5	216	0.9191658119207027	0.11989618742790795	0.10573426573426575	0.7992696244927947
4.0	0.5	217	0.9240109472298244	0.08674057412539869	0.08160839160839162	0.8372703731044256
4.0	0.5	218	0.9342928502033682	0.12259290457840595	0.12720279720279723	0.8116999456249622
4.0	0.5	219	0.9398138401485001	0.1054703093543815	0.100979020979021	0.8343435307941186
4.0	0.5	220	0.9295362496779512	0.10180454291982148	0.09601398601398603	0.8277317067581298
4.0	0.5	221	0.9401164514697579	0.04493862148515381	0.0460839160839161	0.895177829984604
4.0	0.5	222	0.9381941445792671	0.1300901736737317	0.10503496503496505	0.8081039709055353
4.0	0.5	223	0.9350783646377533	0.09065781295681456	0.07216783216783217	0.8444205516809388
4.0	0.5	224	0.9477730887313115	0.07855815177649429	0.06916083916083916	0.8692149369548172
4.0	0.5	225	0.9424055294482843	0.13761860945736767	0.12671328671328672	0.8047869199909166
4.0	0.5	226	0.9328951895105482	0.14788695686594228	0.1337762237762238	0.785008232644606
4.0	0.5	227	0.9453504620489319	0.07393713467856575	0.06496503496503497	0.8714133273703661
4.0	0.5	228	0.9190506590629577	0.11228530019812515	0.0962937062937063	0.8067653588648326
4.0	0.5	229	0.9412779661652542	0.07429613492787147	0.06888111888111889	0.8669818312373827
4.0	0.5	230	0.9398174512621189	0.13440255861288794	0.13783216783216787	0.8054148926492309
4.0	0.5	231	0.9433513981606932	0.13052860453375315	0.11748251748251748	0.8128227936269401
4.0	0.5	232	0.9407678616443484	0.09689342839821415	0.0934965034965035	0.8438744332461343
4.0	0.5	233	0.9429585645545587	0.08649469201020278	0.05937062937062937	0.856463872544356
4.0	0.5	234	0.9273001509028825	0.09311756466497548	0.09594405594405594	0.8341825862379071
4.0	0.5	235	0.9393014717371332	0.12417478067693104	0.1220979020979021	0.8151266910602022
4.0	0.5	236	0.9450537326762032	0.09676468525325366	0.10433566433566434	0.8482890474229495
4.0	0.5	237	0.9406043059752124	0.0945140239680722	0.08405594405594406	0.8460902820071402
4.0	0.5	238	0.940809681117834	0.11455082260473792	0.09062937062937065	0.8262588585130961
4.0	0.5	239	0.9555626983074293	0.13193105689656728	0.12559440559440563	0.8236316414108621
8.0	0.05	0	0.9776715539385791	-0.01721244250864063	-0.01797202797202798	0.9948839964472197
8.0	0.05	1	0.9847069129909117	-0.06389821798487359	-0.05867132867132868	1.0486051309757853
8.0	0.05	2	0.9815849455451011	-0.0053304412016952785	-0.01055944055944057	0.9869153867467964
8.0	0.05	3	0.986435990580549	-0.0032035716691469927	0.002727272727272735	0.989639562249696
8.0	0.05	4	0.9866856921428417	0.0064929697867845745	-0.0034965034965034956	0.9801927223560571
8.0	0.05	5	0.9817127789672077	0.05479710055354205	0.04391608391608393	0.9269156784136656
8.0	0.05	6	0.9815859316568969	0.03315869663798378	0.03524475524475525	0.9484272350189131
8.0	0.05	7	0.9771537063567405	0.004493857287400893	-0.0013986013986014045	0.9726598490693396
8.0	0.05	8	0.9745776490122562	-0.032744488017005566	-0.019230769230769232	1.0073221370292618
8.0	0.05	9	0.9864805947781907	0.0034310371048868783	0.0046153846153846175	0.9830495576733038
8.0	0.05	10	0.9797810831813077	-0.03201569584423323	-0.02272727272727272	1.0117967790255409
8.0	0.05	11	0.9849090034090302	0.05566736504678129	0.06335664335664336	0.9292416383622489
8.0	0.05	12	0.9845204545280934	-0.002294480760056083	0.00832167832167832	0.9868149352881496
8.0	0.05	13	0.9762949210381396	0.011910536048983369	0.0274825174825175	0.9643843849891562
8.0	0.05	14	0.979662971988175	0.001185334156482053	-0.01	0.978477637831693
8.0	0.05	15	0.9875807274866163	0.038289429367659285	0.033286713286713294	0.949291298118957
8.0	0.05	16	0.9799889791590134	-0.005312725911615216	-0.0011888111888111925	0.9853017050706286
8.0	0.05	17	0.9858670735188011	-0.042728140783431096	-0.04153846153846155	1.028595214302232
8.0	0.05	18	0.9773751370660674	0.03815001260417542	0.04636363636363638	0.939225124461892
8.0	0.05	19	0.9867155393857913	0.01846993643745586	-0.0004195804195804166	0.9682456029483354
8.0	0.05	20	0.9837412942647877	0.03911661744209544	0.04636363636363638	0.9446246768226922
8.0	0.05	21	0.9788148533436482	-0.005737149817465151	-0.009580419580419578	0.9845520031611134
8.0	0.05	22	0.9706680837972803	0.020103840349889133	0.02174825174825175	0.9505642434473912
8.0	0.05	23	0.9773974148593159	0.004842975585399712	0.0009790209790209697	0.9725544392739162
8.0	0.05	24	0.978370109979243	-0.009520048277811305	-0.012377622377622379	0.9878901582570543
8.0	0.05	25	0.9814892927008977	0.007053741009542368	-0.0007692307692307648	0.9744355516913553
8.0	0.05	26	0.9810009659728931	0.06075206302226599	0.05615384615384618	0.9202489029506271
8.0	0.05	27	0.9865184281377973	0.051991459716291474	0.032517482517482516	0.9345269684215058
8.0	0.05	28	0.9833049814617927	0.03979299985624991	0.02678321678321679	0.9435119816055427
8.0	0.05	29	0.983893106870213	-0.022883710335909954	-0.02475524475524476	1.0067768172061229
8.0	0.05	30	0.9859747680380334	0.06860236014052788	0.07706293706293707	0.9173724078975055
8.0	0.05	31	0.985615052510453	0.07511657299762015	0.06125874125874127	0.9104984795128328
8.0	0.05	32	0.9824640919889527	-0.007821595709441465	-0.015384615384615387	0.9902856876983941
8.0	0.05	33	0.9843854822121405	0.02982013876398525	0.024265734265734272	0.9545653434481552
8.0	0.05	34	0.9829523701058127	0.016284400197500135	0.014125874125874129	0.9666679699083126
8.0	0.05	35	0.9785944781906099	0.017395435691274785	0.008391608391608392	0.9611990424993351
8.0	0.05	36	0.981556459414208	-0.017601915001329863	-0.00923076923076923	0.9991583744155379
8.0	0.05	37	0.9820296472428105	0.07438425304462018	0.061818181818181835	0.9076453941981903
8.0	0.05	38	0.9815967788866519	0.021354910663132404	0.02398601398601398	0.9602418682235194
8.0	0.05	39	0.9835268149491772	0.051627813630426136	0.04034965034965035	0.931899001318751
8.0	0.05	40	0.9831470507965631	0.008877603387224575	0.013916083916083915	0.9742694474093385
8.0	0.05	41	0.9807708130352869	0.013074647968505533	-0.0065734265734265825	0.9676961650667814
8.0	0.05	42	0.9797655415038483	0.031997959720805366	0.030629370629370642	0.947767581783043
8.0	0.05	43	0.9749953993023606	0.030508542019820842	0.030979020979020985	0.9444868572825397
8.0	0.05	44	0.9843240307805768	0.0009584520544805934	0.008531468531468536	0.9833655787260962
8.0	0.05	45	0.9805469309353688	0.013602391390549577	0.012447552447552447	0.9669445395448193
8.0	0.05	46	0.9847378852346425	-0.009698909513131607	0.0023776223776223746	0.994436794747774
8.0	0.05	47	0.9808524936475651	0.027326442587807358	0.020629370629370633	0.9535260510597577
8.0	0.05	48	0.9783696238677944	-0.02786773463037127	-0.04013986013986015	1.0062373584981656
8.0	0.05	49	0.9820296889095063	0.032561974001370834	0.046013986013986014	0.9494677149081354
8.0	0.05	50	0.9843978711096327	-0.03621871959633305	-0.03244755244755246	1.0206165907059659
8.0	0.05	51	0.9837386900963125	-0.012688731033840996	-0.006223776223776223	0.9964274211301536
8.0	0.05	52	0.98003571530258	-0.010889465895462427	0.00363636363636364	0.9909251811980425
8.0	0.05	53	0.9815945497184373	0.060701375487066306	0.051468531468531496	0.920893174231371
8.0	0.05	54	0.9799898680485195	0.019866465185045267	0.009090909090909092	0.9601234028634742
8.0	0.05	55	0.9783429432937107	0.03056447955866636	0.007762237762237761	0.9477784637350444
8.0	0.05	56	0.9797369650951148	0.033200099444513506	0.019930069930069936	0.9465368656506012
8.0	0.05	57	0.9809667228935577	-0.03728917867304074	-0.04461538461538463	1.0182559015665984
8.0	0.05	58	0.9832127730644258	-0.02365250948090936	-0.021888111888111902	1.0068652825453352
8.0	0.05	59	0.9859241846695727	0.03375005815976261	0.033146853146853145	0.95217412650981
8.0	0.05	60	0.9826508976742344	-0.010906403407224588	-0.009790209790209798	0.993557301081459
8.0	0.05	61	0.980430458632263	-0.05611369174561927	-0.030209790209790217	1.0365441503778823
8.0	0.05	62	0.9790495618399734	0.030712674106023685	0.021258741258741262	0.9483368877339498
8.0	0.05	63	0.9807503616321956	0.05315930774951927	0.05454545454545455	0.9275910538826764
8.0	0.05	64	0.9861674556718442	-0.0014177232067522267	-0.005874125874125879	0.9875851788785964
8.0	0.05	65	0.9825593073328522	-0.029373221786959575	-0.02944055944055945	1.0119325291198118
8.0	0.05	66	0.9860124138975096	-0.01883136724400503	-0.04580419580419582	1.0048437811415147
8.0	0.05	67	0.985305906462435	0.03554580940681209	0.04237762237762238	0.9497600970556229
8.0	0.05	68	0.9868606853199203	-0.03467714213690426	-0.039580419580419586	1.0215378274568245
8.0	0.05	69	0.9812614939315929	0.04552528855922816	0.03188811188811189	0.9357362053723648
8.0	0.05	70	0.9829424117655639	-0.0008657019900708265	-0.0014685314685314755	0.9838081137556347
8.0	0.05	71	0.9785180545264267	-0.02918034665301851	-0.01713286713286714	1.0076984011794452
8.0	0.05	72	0.9840211833480439	0.0030348562742057456	0.014335664335664342	0.9809863270738381
8.0	0.05	73	0.9732054188926519	0.0016123830641549056	0.001188811188811189	0.971593035828497
8.0	0.05	74	0.983933162453585	0.010359389138464679	0.016153846153846147	0.9735737733151203
8.0	0.05	75	0.9843117391053743	-0.03848511005910421	-0.04006993006993007	1.0227968491644785
8.0	0.05	76	0.9794009023617378	-0.0612325147448019	-0.053216783216783234	1.0406334171065397
8.0	0.05	77	0.9774393454439898	-0.006094573676787276	0.012167832167832168	0.983533919120777
8.0	0.05	78	0.9855978858318651	-0.0030508354519690637	0.009090909090909092	0.9886487212838342
8.0	0.05	79	0.9807405005142364	0.001286493948954131	0.0137062937062937	0.9794540065652824
8.0	0.05	80	0.9777493595481664	0.008953200661944903	0.01811188811188812	0.9687961588862215
8.0	0.05	81	0.9837019331263424	0.040650250451562814	0.03391608391608392	0.9430516826747796
8.0	0.05	82	0.98027720158139	-0.009018402096112568	-0.00818181818181819	0.9892956036775026
8.0	0.05	83	0.9833074675746303	0.023709162298029374	0.004195804195804198	0.959598305276601
8.0	0.05	84	0.978601325417587	-0.0502864932545092	-0.07468531468531471	1.0288878186720962
8.0	0.05	85	0.9830933979815263	0.07316505775351233	0.08335664335664336	0.9099283402280139
8.0	0.05	86	0.984093676453942	0.09904765906087436	0.0927972027972028	0.8850460173930677
8.0	0.05	87	0.9822191126521617	0.056880824222794606	0.06076923076923078	0.925338288429367
8.0	0.05	88	0.9834800996389582	0.004662919904805489	-0.004405594405594395	0.9788171797341527
8.0	0.05	89	0.9795462219070985	0.024884524225364045	0.011048951048951053	0.9546616976817345
8.0	0.05	90	0.9868858520040639	0.03317338414818344	0.03538461538461538	0.9537124678558804
8.0	0.05	91	0.9830162729279673	-0.0070764910253409904	0.005244755244755246	0.9900927639533084
8.0	0.05	92	0.9835193774440121	0.026046427810019313	0.03181818181818183	0.9574729496339928
8.0	0.05	93	0.9809972854147815	0.03304244655725455	0.03804195804195805	0.947954838857527
8.0	0.05	94	0.9813903065210463	0.06579045541003847	0.051608391608391625	0.9155998511110078
8.0	0.05	95	0.9799063679905332	0.017026810435285023	0.024685314685314697	0.9628795575552482
8.0	0.05	96	0.9861548098297291	0.015164711919938834	0.03132867132867133	0.9709900979097903
8.0	0.05	97	0.9808493408675978	0.01728248422394738	0.021468531468531477	0.9635668566436504
8.0	0.05	98	0.9747605658059485	0.022307904380489154	0.013496503496503491	0.9524526614254594
8.0	0.05	99	0.9824864183933462	0.028555158718860222	0.00846153846153846	0.9539312596744859
8.0	0.05	100	0.9720450222534877	0.006832331133563287	0.0023076923076923075	0.9652126911199244
8.0	0.05	101	0.9839304957850666	0.014891510341326627	0.028041958041958037	0.96903898544374
8.0	0.05	102	0.9809597437220442	-0.004583155960524972	0.013286713286713287	0.9855428996825691
8.0	0.05	103	0.9846833643634476	0.00784599155971636	-6.993006993006867e-05	0.9768373728037313
8.0	0.05	104	0.9807243130029951	0.013504113544523296	0.028461538461538472	0.9672201994584718
8.0	0.05	105	0.9796564025391683	-0.0035112177161234137	0.0005594405594405573	0.9831676202552917
8.0	0.05	106	0.9794686454643371	-0.013940988847908922	0.01286713286713287	0.993409634312246
8.0	0.05	107	0.9796386525268419	0.0165484837142248	0.009790209790209791	0.9630901688126171
8.0	0.05	108	0.9787471657966429	0.024558065665323377	0.019440559440559443	0.9541891001313195
8.0	0.05	109	0.9774938524262865	-0.015716017858345734	-0.018111888111888116	0.9932098702846323
8.0	0.05	110	0.9789225061961848	-0.023278356443303085	-0.036923076923076927	1.0022008626394878
8.0	0.05	111	0.9839916208275145	0.05434345440517667	0.03244755244755245	0.9296481664223378
8.0	0.05	112	0.9774601649028922	0.061401695417844036	0.03965034965034966	0.9160584694850482
8.0	0.05	113	0.9798174304287712	-0.008826957518720497	0.0039860139860139875	0.9886443879474918
8.0	0.05	114	0.9849738159540389	-0.016046795865830462	-0.014125874125874129	1.0010206118198692
8.0	0.05	115	0.9833597662220599	-0.0195013746537324	-0.012307692307692304	1.0028611408757924
8.0	0.05	116	0.9740396625275435	-0.00948173575120538	-0.012587412587412597	0.9835213982787488
8.0	0.05	117	0.9860976917345081	0.00747603296946734	0.01034965034965035	0.9786216587650408
8.0	0.05	118	0.9829758770665813	0.07032861828376269	0.07384615384615384	0.9126472587828186
8.0	0.05	119	0.9766900810347785	-0.049863180460541986	-0.05202797202797203	1.0265532614953206
8.0	0.05	120	0.9815168066088935	0.018543526766338032	0.004405594405594405	0.9629732798425554
8.0	0.05	121	0.9752631703216461	-0.0021986820824181127	-0.007622377622377615	0.9774618524040642
8.0	0.05	122	0.9833033842384613	0.03649851840174889	0.03839160839160839	0.9468048658367124
8.0	0.05	123	0.9837757387331519	0.06595107357713442	0.06027972027972029	0.9178246651560176
8.0	0.05	124	0.9771499285763393	0.04603142779960264	0.029720279720279727	0.9311185007767366
8.0	0.05	125	0.9864148863992266	-0.021789959576360814	-0.027482517482517493	1.0082048459755875
8.0	0.05	126	0.984261086292421	0.03958493721176195	0.031328671328671336	0.9446761490806591
8.0	0.05	127	0.9816615497649651	-0.035762226223768206	-0.033356643356643366	1.0174237759887332
8.0	0.05	128	0.9779903597155275	-0.027921415223205015	-0.01881118881118881	1.0059117749387325
8.0	0.05	129	0.9807830491548952	0.011662709487992699	0.027132867132867142	0.9691203396669025
8.0	0.05	130	0.9816468275325191	0.02030411132229953	0.031608391608391614	0.9613427162102196
8.0	0.05	131	0.9811056743789405	0.0504406878060332	0.03328671328671328	0.9306649865729073
8.0	0.05	132	0.9864062127820923	-0.015341677320609252	-0.038181818181818185	1.0017478901027015
8.0	0.05	133	0.9865549976076372	0.04480244777947763	0.02965034965034967	0.9417525498281596
8.0	0.05	134	0.9861279625888628	0.010200701528264949	0.01685314685314686	0.9759272610605979
8.0	0.05	135	0.9856577955956913	0.036629858770735255	0.03531468531468532	0.9490279368249561
8.0	0.05	136	0.9792618328207172	0.015424434322523837	0.019790209790209796	0.9638373984981934
8.0	0.05	137	0.9842221070986854	0.015904011044452115	0.025804195804195816	0.9683180960542332
8.0	0.05	138	0.9860320528000366	0.012741661626153906	0.02293706293706295	0.9732903911738827
8.0	0.05	139	0.9822404876670053	-0.014767169977201374	-0.008671328671328683	0.9970076576442067
8.0	0.05	140	0.9830022659737958	0.006841775584566378	0.0039860139860139875	0.9761604903892295
8.0	0.05	141	0.9873870467965602	0.029720027583352487	0.03391608391608393	0.9576670192132077
8.0	0.05	142	0.9827582727488006	-0.023772169286228672	-0.01321678321678322	1.0065304420350292
8.0	0.05	143	0.9801160139694542	-0.016318698832429743	-0.033566433566433566	0.996434712801884
8.0	0.05	144	0.9849674548385103	-0.046415858622124044	-0.04664335664335665	1.0313833134606343
8.0	0.05	145	0.9797993956940249	-0.007223178627207379	-0.020069930069930065	0.9870225743212322
8.0	0.05	146	0.9808508686464366	0.027878936027038906	0.023356643356643357	0.9529719326193976
8.0	0.05	147	0.9799282985613184	-0.0031824327655783093	-0.007762237762237761	0.9831107313268966
8.0	0.05	148	0.9813452926008976	-0.06511035771552619	-0.07293706293706297	1.0464556503164237
8.0	0.05	149	0.9814318968277062	-0.0178668665742129	-0.030909090909090903	0.999298763401919
8.0	0.05	150	0.9744886558948999	-0.0025723628974742346	-0.013636363636363644	0.9770610187923741
8.0	0.05	151	0.9788101311181465	-0.00541989265270323	-0.0032867132867132783	0.9842300237708498
8.0	0.05	152	0.9820649389339853	-0.005220448069755604	-0.00601398601398601	0.9872853870037409
8.0	0.05	153	0.9805989031936828	0.06994958329832174	0.07622377622377624	0.9106493198953611
8.0	0.05	154	0.9819647166421642	0.04363511363549558	0.04027972027972029	0.9383296030066687
8.0	0.05	155	0.9818170498729513	0.01664056711150494	0.021188811188811187	0.9651764827614463
8.0	0.05	156	0.9847728991478466	-0.0005258475873941579	0.006503496503496513	0.9852987467352408
8.0	0.05	157	0.9776412622508764	0.043803995697219225	0.03475524475524475	0.9338372665536572
8.0	0.05	158	0.9818033901412431	0.027515963552752466	0.017692307692307695	0.9542874265884906
8.0	0.05	159	0.9831359049554895	0.0541362806501949	0.044615384615384626	0.9289996243052946
8.0	0.05	160	0.9822055223649461	-0.01318957860387403	-0.016923076923076916	0.9953951009688201
8.0	0.05	161	0.9800561042056278	0.04508853131148008	0.05195804195804197	0.9349675728941478
8.0	0.05	162	0.9806231670994217	-0.007658137262595321	-0.00230769230769231	0.988281304362017
8.0	0.05	163	0.9753512051050036	0.012720974111787577	0.01937062937062938	0.962630230993216
8.0	0.05	164	0.9839817319317582	0.0020415291955063856	-0.002237762237762239	0.9819402027362518
8.0	0.05	165	0.9816447789199853	-0.04234726551893439	-0.0493006993006993	1.0239920444389197
8.0	0.05	166	0.9787394505135073	-0.007284171725119253	-0.003286713286713296	0.9860236222386266
8.0	0.05	167	0.9808382853043647	0.01684666447685033	0.027692307692307697	0.9639916208275143
8.0	0.05	168	0.9809314242579334	-0.01329229395298191	-0.018671328671328674	0.9942237182109154
8.0	0.05	169	0.9810095493121871	0.03078653526842727	0.03048951048951049	0.9502230140437599
8.0	0.05	170	0.9823347168991089	-0.04423962794418607	-0.047062937062937064	1.026574344843295
8.0	0.05	171	0.9850699201874445	-0.05462045459753792	-0.059020979020979025	1.0396903747849824
8.0	0.05	172	0.9777868734631064	0.0019174318871054772	0.02034965034965035	0.975869441576001
8.0	0.05	173	0.9853736287316867	-0.023171599424721825	-0.023986013986013993	1.0085452281564085
8.0	0.05	174	0.9833312523133697	-0.012672786578324014	-0.011748251748251755	0.9960040388916938
8.0	0.05	175	0.9795304996739581	-0.022078862554765665	-0.03314685314685315	1.0016093622287239
8.0	0.05	176	0.9838734888010339	0.04537087178532763	0.05111888111888113	0.9385026170157063
8.0	0.05	177	0.9774803176946649	-0.023111856327678003	-0.02902097902097903	1.000592174022343
8.0	0.05	178	0.9801357153720245	0.009432819050568786	0.02356643356643357	0.9707028963214557
8.0	0.05	179	0.9787221727237311	0.003362155112607717	0.012727272727272743	0.9753600176111233
8.0	0.05	180	0.9725654323371058	-0.00621355292607842	-0.01923076923076923	0.9787789852631842
8.0	0.05	181	0.9832037313914801	0.018489019784041515	0.026643356643356642	0.9647147116074386
8.0	0.05	182	0.979098242429335	-0.002080834778357485	-0.018041958041958045	0.9811790772076925
8.0	0.05	183	0.9861786987352074	0.00871996438886416	0.015664335664335675	0.9774587343463432
8.0	0.05	184	0.9794132079258387	-0.011755737330373146	-0.0009790209790209827	0.9911689452562119
8.0	0.05	185	0.9817410150979272	-0.049618069179214706	-0.06468531468531469	1.0313590842771418
8.0	0.05	186	0.9834998774304705	0.08172902897849235	0.08713286713286715	0.9017708484519782
8.0	0.05	187	0.9777677970609702	0.0073646231698772015	0.012587412587412585	0.970403173891093
8.0	0.05	188	0.9780469986437489	-0.015780566514282304	-0.011398601398601407	0.9938275651580312
8.0	0.05	189	0.9821628487242005	0.014604885142281348	0.004825174825174829	0.9675579635819191
8.0	0.05	190	0.9824421405848197	0.0043266418935013155	0.002727272727272735	0.9781154986913184
8.0	0.05	191	0.982333550231632	-0.05118623693488676	-0.06594405594405597	1.0335197871665187
8.0	0.05	192	0.9841615792788745	0.06183032765994975	0.06104895104895105	0.9223312516189247
8.0	0.05	193	0.9829796756803302	0.028731013007647917	0.021888111888111902	0.9542486626726823
8.0	0.05	194	0.9843220377236372	-0.016403928058283376	-0.019860139860139875	1.0007259657819205
8.0	0.05	195	0.9859103513266327	-0.01664828933908982	-0.017972027972027984	1.0025586406657225
8.0	0.05	196	0.9808475978108319	0.05883637419192652	0.05083916083916086	0.9220112236189053
8.0	0.05	197	0.9775459566291366	0.020735347732880372	0.02930069930069931	0.9568106088962562
8.0	0.05	198	0.9860751431077383	0.028408950283993255	0.011118881118881123	0.957666192823745
8.0	0.05	199	0.9831248910589522	0.007163914697162984	0.012027972027972022	0.9759609763617892
8.0	0.05	200	0.9823000154861218	-0.0013565981643042808	-0.0023076923076923014	0.9836566136504261
8.0	0.05	201	0.9789192214716816	0.08972979147902187	0.09020979020979021	0.8891894299926598
8.0	0.05	202	0.9833894120759805	0.028382234987663187	0.013706293706293704	0.9550071770883173
8.0	0.05	203	0.9764006433337801	0.026623330988424298	0.012447552447552445	0.9497773123453558
8.0	0.05	204	0.9857174206370978	-0.0012137508428825296	-0.0038461538461538503	0.9869311714799803
8.0	0.05	205	0.9799475207968894	-0.014966927060366014	-0.024265734265734272	0.9949144478572555
8.0	0.05	206	0.9738271832133216	-0.07214719593555273	-0.08286713286713286	1.0459743791488743
8.0	0.05	207	0.9813447023227099	0.06173619565013586	0.04146853146853149	0.919608506672574
8.0	0.05	208	0.9825057170178589	0.0018379526652449064	0.0009790209790209734	0.980667764352614
8.0	0.05	209	0.982892113119523	0.013596037219470291	0.01706293706293706	0.9692960759000526
8.0	0.05	210	0.9791103813266536	0.023998537498984375	0.005244755244755247	0.9551118438276692
8.0	0.05	211	0.979980180541792	0.02845736698428263	0.03104895104895106	0.9515228135575095
8.0	0.05	212	0.9820293139092457	-0.056205164031363906	-0.05258741258741259	1.0382344779406096
8.0	0.05	213	0.9792558328165506	0.03170522340640514	0.029370629370629377	0.9475506094101455
8.0	0.05	214	0.9811077021581265	0.010568632339328013	0.009790209790209786	0.9705390698187984
8.0	0.05	215	0.9853777954012468	0.018080630611549034	0.017762237762237773	0.9672971647896977
8.0	0.05	216	0.9794491454507955	-0.0373490606590699	-0.04202797202797203	1.0167982061098655
8.0	0.05	217	0.9795051663230322	0.03446369754423441	0.028391608391608387	0.9450414687787978
8.0	0.05	218	0.9804689933812455	0.02494730204673753	0.03279720279720281	0.9555216913345079
8.0	0.05	219	0.9822913627023352	0.027052046563921222	0.05573426573426574	0.955239316138414
8.0	0.05	220	0.976939490930202	0.005650274757135248	0.023496503496503503	0.9712892161730668
8.0	0.05	221	0.9768062269487687	0.043062786849157535	0.04454545454545454	0.9337434400996112
8.0	0.05	222	0.9817912442994753	0.006940942320098833	0.0093006993006993	0.9748503019793765
8.0	0.05	223	0.9716537094817427	-0.005435406552365661	-0.0030769230769230756	0.9770891160341083
8.0	0.05	224	0.9823504946878435	0.03721353973162481	0.040489510489510494	0.9451369549562187
8.0	0.05	225	0.9859465319073137	0.034874378384984986	0.024755244755244755	0.9510721535223288
8.0	0.05	226	0.9846929129811897	0.05405388475964219	0.05727272727272728	0.9306390282215474
8.0	0.05	227	0.9776343316905081	0.008244471003104863	0.008531468531468528	0.9693898606874032
8.0	0.05	228	0.9770588382353044	-0.020477653109481325	-0.015454545454545457	0.9975364913447857
8.0	0.05	229	0.9789240617528205	0.020202937640928918	0.029440559440559438	0.9587211241118916
8.0	0.05	230	0.9858878999221528	0.02496040622250432	0.017272727272727276	0.9609274936996485
8.0	0.05	231	0.9823333766204004	0.05520423972516648	0.04874125874125876	0.9271291368952339
8.0	0.05	232	0.9783788738742178	-0.01322282168251506	-0.0018881118881118933	0.9916016955567329
8.0	0.05	233	0.9879790819299179	0.018372547480935753	0.026853146853146853	0.9696065344489821
8.0	0.05	234	0.9863449557951082	0.03111912577717068	0.027692307692307704	0.9552258300179375
8.0	0.05	235	0.9854252676564359	0.014002343057182681	0.023076923076923078	0.9714229245992532
8.0	0.05	236	0.9799294999510416	0.027013122925779808	0.0462937062937063	0.9529163770252618
8.0	0.05	237	0.9859534138565373	-0.01633220578625402	-0.006573426573426572	1.0022856196427914
8.0	0.05	238	0.9850245729337314	0.03760296361316917	0.047272727272727265	0.9474216093205622
8.0	0.05	239	0.9766296296039094	0.005582746932463147	0.007692307692307696	0.9710468826714462
8.0	0.2	0	0.983407009310423	0.027944609683756724	0.040839160839160844	0.9554623996266663
8.0	0.2	1	0.9804385836379054	0.053773502620487926	0.03398601398601398	0.9266650810174174
8.0	0.2	2	0.983830467937825	0.0960211500146875	0.08671328671328674	0.8878093179231376
8.0	0.2	3	0.9771703869238797	0.006912268689075479	0.005594405594405602	0.9702581182348042
8.0	0.2	4	0.9818985499295486	0.0272450675312969	0.006923076923076918	0.9546534823982518
8.0	0.2	5	0.9824658003234723	0.039449534339954406	0.01657342657342658	0.943016265983518
8.0	0.2	6	0.9822090918118692	2.9611131674396997e-05	0.0007692307692307756	0.9821794806801948
8.0	0.2	7	0.9825043975724983	0.043603516391330824	0.038111888111888106	0.9389008811811674
8.0	0.2	8	0.9782367001643751	0.0633430856549206	0.0702797202797203	0.9148936145094545
8.0	0.2	9	0.980455069760465	0.06392702356043303	0.06111888111888113	0.916528046200032
8.0	0.2	10	0.9796067983380544	0.0022129668145602875	0.0009790209790209823	0.9773938315234941
8.0	0.2	11	0.9812833967245811	0.04146843851974897	0.018951048951048956	0.9398149582048321
8.0	0.2	12	0.9765916226330712	0.029224270294632145	0.0211888111888112	0.947367352338439
8.0	0.2	13	0.9783058807679728	0.06349694687287977	0.04090909090909091	0.914808933895093
8.0	0.2	14	0.9817797512359383	0.05262473793384578	0.048811188811188816	0.9291550133020925
8.0	0.2	15	0.9786764088030617	0.023552176077900056	0.02251748251748253	0.9551242327251617
8.0	0.2	16	0.9859862888793671	0.05504931600646945	0.021468531468531477	0.9309369728728977
8.0	0.2	17	0.9795623538627458	0.04871260327264117	0.03832167832167833	0.9308497505901047
8.0	0.2	18	0.9815293205064726	0.006123170918868693	0.004265734265734268	0.9754061495876039
8.0	0.2	19	0.9799044582669848	-0.015291830063770877	-0.013776223776223779	0.9951962883307557
8.0	0.2	20	0.9857253928648562	0.0025182864710322716	0.004755244755244751	0.9832071063938239
8.0	0.2	21	0.9810537437873221	0.06002628474047551	0.06559440559440559	0.9210274590468466
8.0	0.2	22	0.9861020945153434	0.07286926588143464	0.05825174825174827	0.9132328286339088
8.0	0.2	23	0.9814354384968323	0.06384389850270729	0.06636363636363639	0.917591539994125
8.0	0.2	24	0.9821395431524604	0.02468307269657826	0.01328671328671329	0.9574564704558822
8.0	0.2	25	0.9797587081657696	0.02351644688642145	0.009720279720279718	0.9562422612793482
8.0	0.2	26	0.9830543076766025	0.07321730084534782	0.0565034965034965	0.9098370068312547
8.0	0.2	27	0.9774408662783792	0.09110191743188711	0.10356643356643361	0.8863389488464921
8.0	0.2	28	0.9847884408253061	0.04641481695473399	0.034265734265734274	0.9383736238705721
8.0	0.2	29	0.9834199607083062	0.04535272593939302	0.028951048951048955	0.9380672347689132
8.0	0.2	30	0.9835983288877284	0.04252933508981603	0.04650349650349651	0.9410689937979123
8.0	0.2	31	0.9861056153511217	0.08509507992713883	0.06755244755244756	0.9010105354239829
8.0	0.2	32	0.9812298550207327	0.06512487161449418	0.05713286713286713	0.9161049834062385
8.0	0.2	33	0.981425862101293	0.023054599343471767	0.018531468531468538	0.9583712627578213
8.0	0.2	34	0.9823504946878435	0.0057658859485319085	0.0093006993006993	0.9765846087393116
8.0	0.2	35	0.9815187371657896	-0.00630294187704297	-0.007062937062937061	0.9878216790428326
8.0	0.2	36	0.983058453512815	0.02395755830385993	0.029860139860139863	0.959100895208955
8.0	0.2	37	0.9835790372076647	0.08026964602058752	0.05552447552447554	0.9033093911870772
8.0	0.2	38	0.9841185098045208	0.05620726125504253	0.039860139860139865	0.9279112485494783
8.0	0.2	39	0.9823964738864402	0.05671960188861242	0.046223776223776235	0.9256768719978278
8.0	0.2	40	0.9836205372364842	0.01953936773567204	0.02027972027972029	0.9640811695008122
8.0	0.2	41	0.9828115922302723	0.0714561537889957	0.07146853146853148	0.9113554384412765
8.0	0.2	42	0.9817540637180997	0.021843404057919485	0.020979020979020976	0.9599106596601802
8.0	0.2	43	0.9821440292666869	0.0453968718033832	0.05377622377622378	0.9367471574633037
8.0	0.2	44	0.9880464500322569	0.027233164745253297	0.026083916083916085	0.9608132852870036
8.0	0.2	45	0.9786571935119399	0.04753200523055919	0.046993006993007	0.9311251882813807
8.0	0.2	46	0.9863575391371798	0.07064756294969649	0.06069930069930071	0.9157099761874834
8.0	0.2	47	0.9813722926196476	0.07146861907542991	0.06727272727272729	0.9099036735442178
8.0	0.2	48	0.9800825695017843	0.06999050693785204	0.07181818181818184	0.9100920625639323
8.0	0.2	49	0.9831344188433465	0.08816110288965479	0.08041958041958043	0.8949733159536917
8.0	0.2	50	0.9835700233125162	0.07022256265455741	0.08314685314685316	0.9133474606579588
8.0	0.2	51	0.9876314289107145	0.03986904852017258	0.032657342657342665	0.947762380390542
8.0	0.2	52	0.9833393148189686	0.04055558371915536	0.05363636363636364	0.9427837310998133
8.0	0.2	53	0.9870441854473511	0.09711546327462728	0.11209790209790213	0.8899287221727238
8.0	0.2	54	0.9786794782496377	0.024059613930287455	0.02720279720279721	0.9546198643193503
8.0	0.2	55	0.9733343912044383	0.023105821601264998	0.008741258741258745	0.9502285696031734
8.0	0.2	56	0.9862576779567207	0.04564610808757506	0.018181818181818184	0.9406115698691456
8.0	0.2	57	0.9841276695331038	-0.0031731619258068924	-0.001958041958041955	0.9873008314589107
8.0	0.2	58	0.9853392745411629	0.08113786190129298	0.09993006993006993	0.9042014126398699
8.0	0.2	59	0.9852425869740188	0.012581675403941252	0.014755244755244756	0.9726609115700775
8.0	0.2	60	0.9812862647821282	0.01766845671420605	0.013776223776223773	0.9636178080679222
8.0	0.2	61	0.9751805174864705	-0.009956909692298397	0.01496503496503497	0.9851374271787688
8.0	0.2	62	0.9814381329431479	0.0031062799349166215	0.010699300699300704	0.9783318530082312
8.0	0.2	63	0.9841580098319512	0.0026097587567769144	0.007832167832167836	0.9815482510751743
8.0	0.2	64	0.981308500908681	0.05136753567189977	0.04125874125874126	0.9299409652367813
8.0	0.2	65	0.9815727719255362	0.005157941081903529	0.0012587412587412633	0.9764148308436327
8.0	0.2	66	0.9842866071434772	0.051460167680672	0.03139860139860141	0.9328264394628052
8.0	0.2	67	0.9864639489332979	0.07212102925071476	0.05944055944055946	0.9143429196825832
8.0	0.2	68	0.9819572999703471	0.0293945829129048	0.03685314685314686	0.9525627170574423
8.0	0.2	69	0.9798231595994162	0.03617927512449661	0.016223776223776222	0.9436438844749196
8.0	0.2	70	0.9851864827683909	0.06202420973903454	0.056713286713286716	0.9231622730293564
8.0	0.2	71	0.9839117388275964	-0.016053886148532048	-0.0037762237762237736	0.9999656249761285
8.0	0.2	72	0.9770457757262332	0.04498809374173176	0.041328671328671344	0.9320576819845015
8.0	0.2	73	0.983035279885611	0.10942620099041735	0.1123076923076923	0.8736090788951937
8.0	0.2	74	0.9825685851170729	0.029958201359862057	0.00979020979020979	0.9526103837572109
8.0	0.2	75	0.98523546891352	0.016799699166457755	0.023496503496503493	0.9684357697470622
8.0	0.2	76	0.9821843904058266	0.07322125918142998	0.060419580419580426	0.9089631312243966
8.0	0.2	77	0.9838000512500356	0.07877910331882175	0.07615384615384618	0.9050209479312138
8.0	0.2	78	0.9820134458426706	0.03182935543705239	0.015244755244755246	0.9501840904056182
8.0	0.2	79	0.9848925311753689	0.07137068150741772	0.08566433566433566	0.9135218496679511
8.0	0.2	80	0.9806223754322052	-0.009876520747583852	-0.006433566433566435	0.990498896179789
8.0	0.2	81	0.9845910934660371	0.0415886191587633	0.0341958041958042	0.9430024743072738
8.0	0.2	82	0.9827542310793272	0.044134773704703964	0.04020979020979021	0.9386194573746233
8.0	0.2	83	0.9742268223797378	0.03574876788108881	0.03748251748251749	0.938478054498649
8.0	0.2	84	0.9843816627650437	0.03284440475305886	0.022237762237762238	0.9515372580119849
8.0	0.2	85	0.9819846333226621	0.0226509601742779	0.012587412587412593	0.9593336731483841
8.0	0.2	86	0.9787081866029074	0.043059960458305874	0.04041958041958042	0.9356482261446015
8.0	0.2	87	0.9852448716978276	0.004340919681194223	0.008251748251748254	0.9809039520166334
8.0	0.2	88	0.9816171469563522	0.08673219911958271	0.09286713286713287	0.8948849478367694
8.0	0.2	89	0.9811375980122209	0.049345068989631244	0.04566433566433568	0.9317925290225897
8.0	0.2	90	0.98335938427735	0.07624143488988534	0.06867132867132866	0.9071179493874647
8.0	0.2	91	0.9865459767680395	0.06619096263261293	0.055314685314685315	0.9203550141354265
8.0	0.2	92	0.9781292834231134	0.01297991179160541	-0.005384615384615401	0.965149371631508
8.0	0.2	93	0.976395546108018	0.047786623462932956	0.046923076923076935	0.9286089226450851
8.0	0.2	94	0.9860089069506298	0.0832542105932018	0.05615384615384616	0.902754696357428
8.0	0.2	95	0.9853807606810838	0.06199341805098476	0.0627972027972028	0.923387342630099
8.0	0.2	96	0.9838495860066571	0.06472221161264695	0.05790209790209792	0.9191273743940102
8.0	0.2	97	0.9830155854274898	0.04332675925469393	0.04594405594405595	0.9396888261727958
8.0	0.2	98	0.9816405775281788	0.02074773663037266	0.03706293706293707	0.9608928408978061
8.0	0.2	99	0.9866298934929816	0.043188793881106864	0.040069930069930086	0.9434410996118747
8.0	0.2	100	0.9777737623428905	0.09691405341253707	0.09370629370629371	0.8808597089303534
8.0	0.2	101	0.9856381914154108	0.08473101022986822	0.0911888111888112	0.9009071811855426
8.0	0.2	102	0.9783593252495315	0.05509527437171831	0.04643356643356645	0.9232640508778132
8.0	0.2	103	0.9792225341823153	0.08413085703531739	0.07384615384615387	0.8950916771469979
8.0	0.2	104	0.9820930014534732	0.04309673131717452	0.026433566433566435	0.9389962701362987
8.0	0.2	105	0.9804872989495133	0.06776917900637432	0.06055944055944057	0.9127181199431389
8.0	0.2	106	0.9811588133047314	0.08181373042620169	0.084965034965035	0.8993450828785298
8.0	0.2	107	0.9651910036048637	0.012822356126636198	0.0054545454545454515	0.9523686474782275
8.0	0.2	108	0.9841977320817584	0.05325539114957719	0.073986013986014	0.9309423409321812
8.0	0.2	109	0.9838974957621498	-0.0022368557200386943	-0.001258741258741258	0.9861343514821885
8.0	0.2	110	0.9871069563242754	0.12241429334325928	0.11489510489510493	0.8646926629810161
8.0	0.2	111	0.9843079057693791	0.03465791990133327	0.036363636363636376	0.9496499858680458
8.0	0.2	112	0.9802221668209491	0.011864411016952094	0.04468531468531469	0.968357755803997
8.0	0.2	113	0.9838361207195283	0.06707419935708288	0.060909090909090906	0.9167619213624454
8.0	0.2	114	0.9828750992188189	0.029379631513632997	0.019020979020979017	0.9534954677051859
8.0	0.2	115	0.9834705301878682	0.10338545373989844	0.09629370629370633	0.8800850764479697
8.0	0.2	116	0.9789208673061578	0.10421153070245187	0.08244755244755243	0.874709336603706
8.0	0.2	117	0.9863032404883615	0.013061363237057805	0.015174825174825162	0.9732418772513037
8.0	0.2	118	0.984154593162912	0.06507997574998316	0.05027972027972028	0.9190746174129288
8.0	0.2	119	0.9790822910293688	0.06673137967456921	0.04559440559440559	0.9123509113547996
8.0	0.2	120	0.9828354741913016	0.067977338873152	0.05286713286713287	0.9148581353181495
8.0	0.2	121	0.975358968999284	0.04532369814145704	0.03881118881118881	0.9300352708578269
8.0	0.2	122	0.9841077875748524	0.06863944349961354	0.06846153846153846	0.9154683440752389
8.0	0.2	123	0.9809278131443148	0.06502182293182147	0.06881118881118882	0.9159059902124933
8.0	0.2	124	0.9795130413285009	0.0613747231768911	0.066993006993007	0.9181383181516098
8.0	0.2	125	0.9849003575696927	0.06880713111606326	0.04090909090909091	0.9160932264536295
8.0	0.2	126	0.9731556202469583	0.08110726465782268	0.07741258741258741	0.8920483555891356
8.0	0.2	127	0.9817307928686062	0.07699640069194492	0.05993006993006993	0.9047343921766613
8.0	0.2	128	0.9745002253473787	0.05511096188261242	0.05545454545454548	0.9193892634647662
8.0	0.2	129	0.9796299927986061	0.07701162986918741	0.07041958041958045	0.9026183629294187
8.0	0.2	130	0.9837115511885772	0.06536876067275046	0.05440559440559441	0.9183427905158268
8.0	0.2	131	0.9855698649790728	0.024976093733398427	0.014125874125874125	0.9605937712456745
8.0	0.2	132	0.9842963849280449	0.04585603184446656	0.05832167832167833	0.9384403530835784
8.0	0.2	133	0.9850537743428989	0.05850018645846282	0.0586013986013986	0.9265535878844361
8.0	0.2	134	0.9805777156789693	-0.009261659209485561	-0.00888111888111889	0.9898393748884549
8.0	0.2	135	0.9855005593753884	0.026321851612396956	0.042517482517482524	0.9591787077629914
8.0	0.2	136	0.9807247227255019	0.04021952098577846	0.02839160839160839	0.9405052017397235
8.0	0.2	137	0.9835409955145802	0.07436703081043805	0.06153846153846154	0.9091739647041421
8.0	0.2	138	0.9787633394189857	-0.004528753144967462	0.012027972027972025	0.9832920925639532
8.0	0.2	139	0.983210752229689	0.10505623267793936	0.1011888111888112	0.8781545195517496
8.0	0.2	140	0.9833426759324139	0.07119940361069695	0.0576923076923077	0.9121432723217169
8.0	0.2	141	0.9809993895829093	0.04236975164566086	0.026783216783216792	0.9386296379372485
8.0	0.2	142	0.9864315808552646	0.05449076006302783	0.0486013986013986	0.9319408207922368
8.0	0.2	143	0.9828988839575583	0.07848284616864318	0.07846153846153847	0.9044160377889151
8.0	0.2	144	0.9777580053875037	0.044710683826863766	0.03475524475524476	0.93304732156064
8.0	0.2	145	0.9804343822460987	0.021711883133252178	0.0183916083916084	0.9587224991128465
8.0	0.2	146	0.9841803640141416	0.054339336346761344	0.04300699300699301	0.9298410276673802
8.0	0.2	147	0.9849690242840445	0.1090086798671388	0.09594405594405592	0.8759603444169057
8.0	0.2	148	0.9817119664666434	0.08381364153725106	0.06349650349650351	0.8978983249293924
8.0	0.2	149	0.9885301795348469	0.07621153209134174	0.06797202797202799	0.9123186474435052
8.0	0.2	150	0.9870082826446408	0.07113288273116856	0.07930069930069931	0.9158753999134722
8.0	0.2	151	0.9812511050354895	0.01954201357084276	0.014895104895104896	0.9617090914646468
8.0	0.2	152	0.9804317433553773	0.07154507051741008	0.07825174825174827	0.9088866728379672
8.0	0.2	153	0.9726190990410408	0.035994538885096454	0.03510489510489511	0.9366245601559444
8.0	0.2	154	0.9827261130042452	0.05050856979761792	0.03797202797202797	0.9322175432066273
8.0	0.2	155	0.9812310841882529	0.07941188153602885	0.06895104895104896	0.901819202652224
8.0	0.2	156	0.9753417189873048	0.04512440633639329	0.056783216783216794	0.9302173126509116
8.0	0.2	157	0.9856061775042899	0.06629355992608328	0.05454545454545455	0.9193126175782066
8.0	0.2	158	0.9855157746637323	0.10336420372514148	0.10643356643356644	0.8821515709385909
8.0	0.2	159	0.9811170007756949	0.058244589058742406	0.06321678321678323	0.9228724117169524
8.0	0.2	160	0.9810981813181815	0.09289166173032065	0.0825874125874126	0.8882065195878608
8.0	0.2	161	0.9816808067227824	0.017649310867576994	0.01629370629370629	0.9640314958552053
8.0	0.2	162	0.9801905556878858	0.019291534230232103	0.026083916083916085	0.9608990214576537
8.0	0.2	163	0.978013311120355	0.056250636285164086	0.04209790209790211	0.9217626748351908
8.0	0.2	164	0.9765543239960583	-0.005949858298512707	-0.005454545454545454	0.982504182294571
8.0	0.2	165	0.9806415004454864	0.06924609669867826	0.07846153846153847	0.9113954037468082
8.0	0.2	166	0.9831706063684766	0.004717364387058602	-0.007692307692307694	0.978453241981418
8.0	0.2	167	0.9787529366339837	0.05022890293673815	0.04188811188811188	0.9285240336972456
8.0	0.2	168	0.9842643640724751	0.09511144104961183	0.10132867132867135	0.8891529230228632
8.0	0.2	169	0.9840382805821394	0.08172902203404309	0.08321678321678322	0.9023092585480963
8.0	0.2	170	0.9797560762194975	0.03965079142416071	0.0272027972027972	0.9401052847953367
8.0	0.2	171	0.9775895677705332	0.07056276427969742	0.07972027972027973	0.9070268034908358
8.0	0.2	172	0.9805758684554642	0.03714592857356151	0.04461538461538462	0.9434299398819027
8.0	0.2	173	0.9720991403466254	0.020524153141773013	0.023986013986013993	0.9515749872048523
8.0	0.2	174	0.9829625228906409	0.06505400350972465	0.06580419580419582	0.9179085193809162
8.0	0.2	175	0.981443077391026	0.037848686006031945	0.04587412587412588	0.943594391384994
8.0	0.2	176	0.9851432605161531	0.02610032368078033	0.03237762237762239	0.9590429368353728
8.0	0.2	177	0.986090795896386	0.05979504152433438	0.05650349650349651	0.9262957543720517
8.0	0.2	178	0.9802648474061441	0.05885324920364528	0.07923076923076924	0.9214115982024987
8.0	0.2	179	0.9866878518665638	-0.0007971047202116112	0.010629370629370631	0.9874849565867755
8.0	0.2	180	0.9840119541749682	0.05363531502452432	0.046573426573426564	0.9303766391504439
8.0	0.2	181	0.9777224984184018	0.061503980211097375	0.07006993006993008	0.9162185182073044
8.0	0.2	182	0.983151495244094	0.09817119317443969	0.08216783216783216	0.8849803020696543
8.0	0.2	183	0.9838875374219009	0.018940617319873138	0.015174825174825175	0.9649469201020278
8.0	0.2	184	0.9834598218470985	0.08258893235342525	0.08349650349650352	0.9008708894936732
8.0	0.2	185	0.98351219688347	0.09298248818228347	0.09426573426573429	0.8905297087011865
8.0	0.2	186	0.9772589286520338	0.0013881815195704997	0.012027972027972032	0.9758707471324632
8.0	0.2	187	0.9841207736949816	0.05723233835579053	0.045384615384615384	0.9268884353391911
8.0	0.2	188	0.978203012640981	0.11151166077198664	0.1060839160839161	0.8666913518689944
8.0	0.2	189	0.9830691410202368	0.02822840849195034	0.016293706293706304	0.9548407325282865
8.0	0.2	190	0.9750485729503979	0.022739057457678787	0.023356643356643364	0.9523095154927191
8.0	0.2	191	0.9878549985104156	0.0940768917200637	0.07937062937062937	0.8937781067903519
8.0	0.2	192	0.9812530633701828	0.08759513721884529	0.08657342657342657	0.8936579261513375
8.0	0.2	193	0.979005457642679	-0.004396551664271988	0.007762237762237758	0.983402009306951
8.0	0.2	194	0.9848759686638672	0.05698065762545668	0.054475524475524485	0.9278953110384105
8.0	0.2	195	0.9799368888450618	0.0009193617495567705	0.012587412587412588	0.979017527095505
8.0	0.2	196	0.9888657492123258	0.10500737153289691	0.09650349650349652	0.8838583776794289
8.0	0.2	197	0.981293778676235	0.0800397916942998	0.07552447552447554	0.9012539869819353
8.0	0.2	198	0.9832215855705455	0.04490366312754383	0.027412587412587418	0.9383179224430017
8.0	0.2	199	0.980047993088884	0.07383516238552944	0.0527972027972028	0.9062128307033546
8.0	0.2	200	0.9850314826607518	0.028405991948605522	0.030139860139860142	0.9566254907121463
8.0	0.2	201	0.9817140567458726	0.08262460598930971	0.0676923076923077	0.899089450756563
8.0	0.2	202	0.9803869933243008	0.033825072100744515	0.036993006993007	0.9465619212235563
8.0	0.2	203	0.9812151327882866	0.07567902477710053	0.0904895104895105	0.9055361080111861
8.0	0.2	204	0.977849470728799	0.035857399900972156	0.03636363636363637	0.9419920708278269
8.0	0.2	205	0.9851781216514732	0.07007520838556137	0.0646853146853147	0.9151029132659119
8.0	0.2	206	0.9829648631700438	0.04651764341503015	0.022377622377622385	0.9364472197550137
8.0	0.2	207	0.9802633612940009	0.031311112021605574	0.02447552447552448	0.9489522492723954
8.0	0.2	208	0.981826667935186	0.032540848986700684	0.016223776223776232	0.9492858189484853
8.0	0.2	209	0.988444554475385	0.11726526198976528	0.10776223776223777	0.8711792924856198
8.0	0.2	210	0.9822698557429553	0.05511560077472276	0.053776223776223785	0.9271542549682326
8.0	0.2	211	0.9791412077369498	0.037991693049786834	0.02692307692307692	0.9411495146871629
8.0	0.2	212	0.9844654197676526	0.0415513760773445	0.03671328671328671	0.9429140436903081
8.0	0.2	213	0.985939879124916	0.031109202159168167	0.03615384615384615	0.9548306769657479
8.0	0.2	214	0.98408147505658	0.04674640746278296	0.059090909090909104	0.937335067593797
8.0	0.2	215	0.9812872717272719	0.06668987270130049	0.07314685314685315	0.9145973990259715
8.0	0.2	216	0.9831189535548289	0.03532747592185828	0.030559440559440564	0.9477914776329707
8.0	0.2	217	0.9822043348641214	0.02959682610890702	0.03125874125874126	0.9526075087552144
8.0	0.2	218	0.9785088809089451	0.0565224281405751	0.045034965034965034	0.92198645276837
8.0	0.2	219	0.9817034178495957	0.04959134693843537	0.015174825174825175	0.9321120709111603
8.0	0.2	220	0.9772615328205089	0.05295332843981142	0.047552447552447565	0.9243082043806975
8.0	0.2	221	0.9853188925825642	0.035633698356734966	0.025944055944055938	0.9496851942258293
8.0	0.2	222	0.9827647935866622	0.06250199479305193	0.04804195804195806	0.9202627987936103
8.0	0.2	223	0.9813794245690448	0.046734838010304175	0.025384615384615384	0.9346445865587406
8.0	0.2	224	0.9777191373049564	0.05198175137621624	0.028111888111888108	0.9257373859287402
8.0	0.2	225	0.9839375652344202	0.05251585591378883	0.049440559440559445	0.9314217093206314
8.0	0.2	226	0.9787526588560131	0.042547737880373526	0.023426573426573435	0.9362049209756396
8.0	0.2	227	0.9824837239470305	0.04085532698286596	0.0372027972027972	0.9416283969641646
8.0	0.2	228	0.9789134784121378	0.04904902711737995	0.0525874125874126	0.9298644512947579
8.0	0.2	229	0.9841154611912923	0.04094586176795956	0.04552447552447553	0.9431695994233328
8.0	0.2	230	0.9823459599624722	0.046770886646449066	0.025104895104895105	0.9355750733160232
8.0	0.2	231	0.9835273913384662	0.049081659084485474	0.051678321678321676	0.9344457322539808
8.0	0.2	232	0.9831241132806341	0.04369507895491594	0.039790209790209786	0.9394290343257181
8.0	0.2	233	0.9771446716282441	0.06275855747122047	0.04272727272727273	0.9143861141570236
8.0	0.2	234	0.9866631365716226	0.08426952379828041	0.07720279720279721	0.9023936127733422
8.0	0.2	235	0.979269110603549	0.10163847336005094	0.10580419580419584	0.8776306372434981
8.0	0.2	236	0.9839186624435157	0.05937135373010676	0.044615384615384626	0.924547308713409
8.0	0.2	237	0.9802910071465327	0.06863231155021636	0.06118881118881119	0.9116586955963164
8.0	0.2	238	0.9832496064233378	0.12107318824526961	0.11923076923076925	0.8621764181780682
8.0	0.2	239	0.979445131559119	0.0614193482078807	0.06552447552447555	0.9180257833512384
8.0	0.5	0	0.9807459588513603	0.08838128359811362	0.0713986013986014	0.8923646752532467
8.0	0.5	1	0.9859650805313059	0.12603064307683548	0.12209790209790211	0.8599344374544704
8.0	0.5	2	0.9824167377894013	0.1315026538212874	0.11111888111888112	0.850914083968114
8.0	0.5	3	0.9776199080693806	0.14244827947797184	0.1302797202797203	0.8351716285914088
8.0	0.5	4	0.980002576390678	0.07226955018718763	0.06664335664335666	0.9077330262034904
8.0	0.5	5	0.9747102116043136	0.07969786090129229	0.07132867132867134	0.8950123507030213
8.0	0.5	6	0.984772572758731	0.1615406052365314	0.16041958041958043	0.8232319675221995
8.0	0.5	7	0.9802386321101612	0.1094673051856286	0.08524475524475525	0.8707713269245325
8.0	0.5	8	0.9840970375673872	0.11341280792556105	0.12433566433566436	0.8706842296418261
8.0	0.5	9	0.979421589876104	0.10125551476077414	0.08349650349650352	0.8781660751153298
8.0	0.5	10	0.9768380325264114	0.10479961444417671	0.11699300699300703	0.8720384180822347
8.0	0.5	11	0.9876627414324594	0.14153268856436704	0.11685314685314686	0.8461300528680923
8.0	0.5	12	0.9809821534598288	0.07847670033104188	0.07573426573426574	0.9025054531287868
8.0	0.5	13	0.9849894756871358	0.15678537971206924	0.14076923076923076	0.8282040959750665
8.0	0.5	14	0.9819601333056481	0.1142863293655065	0.103986013986014	0.8676738039401416
8.0	0.5	15	0.9845555378857902	0.13066470879493666	0.11321678321678322	0.8538908290908536
8.0	0.5	16	0.9811493202425836	0.062470404493336455	0.05237762237762236	0.9186789157492472
8.0	0.5	17	0.9843214057787539	0.1248862811710286	0.1095804195804196	0.8594351246077253
8.0	0.5	18	0.9832761411639869	0.13855839483221863	0.1362937062937063	0.8447177463317682
8.0	0.5	19	0.982134952871495	0.15450976702067154	0.1386013986013986	0.8276251858508235
8.0	0.5	20	0.9833121689667839	0.1333941204125836	0.1316083916083916	0.8499180485542003
8.0	0.5	21	0.9863885113809107	0.06139919541610792	0.05874125874125875	0.9249893159648027
8.0	0.5	22	0.9773194495273955	0.0733067870186021	0.07027972027972028	0.9040126625087934
8.0	0.5	23	0.9744288989089575	0.1449831909605493	0.12881118881118883	0.8294457079484081
8.0	0.5	24	0.9819089596589997	0.17309758548443435	0.15244755244755248	0.8088113741745654
8.0	0.5	25	0.9840422319737722	0.13073210467507268	0.12461538461538463	0.8533101272986995
8.0	0.5	26	0.9827800783194989	0.10440209333478703	0.11335664335664336	0.8783779849847119
8.0	0.5	27	0.9786725546337185	0.11513092022980571	0.1058741258741259	0.8635416344039127
8.0	0.5	28	0.9745496073261161	0.07531321896751317	0.06622377622377623	0.8992363883586029
8.0	0.5	29	0.9842493987843047	0.11427620435847526	0.09363636363636363	0.8699731944258294
8.0	0.5	30	0.9802998752082467	0.12291549508020493	0.12174825174825178	0.8573843801280417
8.0	0.5	31	0.9787477699637291	0.07781544292739091	0.08818181818181818	0.9009323270363382
8.0	0.5	32	0.9829423284321726	0.11011119452166286	0.10958041958041957	0.8728311339105097
8.0	0.5	33	0.9804078127832033	0.14373591926105503	0.14720279720279725	0.8366718935221483
8.0	0.5	34	0.9815922094390344	0.06137299400902362	0.049440559440559445	0.9202192154300107
8.0	0.5	35	0.983134252176564	0.13725517170498036	0.14188811188811193	0.8458790804715837
8.0	0.5	36	0.9789471728799811	0.05124737586623324	0.06111888111888114	0.9276997970137478
8.0	0.5	37	0.9760258514068413	0.11823301960626362	0.10454545454545455	0.8577928318005776
8.0	0.5	38	0.9867673241439753	0.11246278643249058	0.10965034965034967	0.8743045377114846
8.0	0.5	39	0.9812236952942327	0.06568358728026893	0.06328671328671329	0.9155401080139638
8.0	0.5	40	0.9777275123107724	0.08038245165448032	0.09174825174825173	0.897345060656292
8.0	0.5	41	0.9831107868824909	0.16540642736557454	0.16573426573426572	0.8177043595169163
8.0	0.5	42	0.9792962634001829	0.1548344130794535	0.13797202797202798	0.8244618503207295
8.0	0.5	43	0.9804206739032458	0.1531550716354664	0.14370629370629373	0.8272656022677795
8.0	0.5	44	0.9815909594381663	0.14915642996974302	0.12930069930069932	0.8324345294684233
8.0	0.5	45	0.9829865784629017	0.17705612990009023	0.15601398601398603	0.8059304485628115
8.0	0.5	46	0.9857821498487153	0.0888390686382421	0.07923076923076924	0.8969430812104732
8.0	0.5	47	0.9851333230092522	0.10063931294396733	0.08692307692307695	0.8844940100652848
8.0	0.5	48	0.9831698008123617	0.1482992835411691	0.13139860139860138	0.8348705172711925
8.0	0.5	49	0.9777020539597597	0.05790069993104162	0.05797202797202797	0.9198013540287181
8.0	0.5	50	0.978765297753679	0.16076397275275886	0.15692307692307694	0.8180013250009202
8.0	0.5	51	0.9767692685897699	0.11126647310171743	0.10293706293706294	0.8655027954880524
8.0	0.5	52	0.9854230593215689	0.11410154451496146	0.09426573426573429	0.8713215148066075
8.0	0.5	53	0.9839867944352739	0.13130629951826356	0.12321678321678324	0.8526804949170104
8.0	0.5	54	0.9817752928995089	0.10203046668782409	0.11972027972027974	0.8797448262116848
8.0	0.5	55	0.9769888520755917	0.028869360325944674	0.025104895104895105	0.948119491749647
8.0	0.5	56	0.9789630965021503	0.10538944818711679	0.1048951048951049	0.8735736483150335
8.0	0.5	57	0.9762140945931213	0.174526010087507	0.1679020979020979	0.8016880845056142
8.0	0.5	58	0.9795272496717011	0.1507915769385951	0.140979020979021	0.828735672733106
8.0	0.5	59	0.9799350555104551	0.08224796683886584	0.0806993006993007	0.8976870886715893
8.0	0.5	60	0.9760913306189796	0.06954182607071255	0.07601398601398604	0.906549504548267
8.0	0.5	61	0.9805501323264807	0.1024620225430712	0.07426573426573428	0.8780881097834095
8.0	0.5	62	0.9834293009925701	0.143311752299828	0.12272727272727274	0.8401175486927421
8.0	0.5	63	0.9805019100707708	0.10429578770540814	0.09300699300699304	0.8762061223653627
8.0	0.5	64	0.9836938983985406	0.14959633305300907	0.14685314685314688	0.8340975653455316
8.0	0.5	65	0.9832987661796987	0.14361471084354918	0.12125874125874127	0.8396840553361495
8.0	0.5	66	0.977762199834861	0.06227059185457767	0.04790209790209791	0.9154916079802833
8.0	0.5	67	0.9726826476962831	0.08818064456989207	0.08664335664335666	0.884502003126391
8.0	0.5	68	0.9817697859512402	0.148465596156664	0.1451748251748252	0.8333041897945762
8.0	0.5	69	0.9852771981091654	0.15804760975528453	0.14755244755244756	0.8272295883538808
8.0	0.5	70	0.9825620156680664	0.03906820074180607	0.017622377622377623	0.9434938149262604
8.0	0.5	71	0.9865313795356803	0.11367096088261172	0.09748251748251752	0.8728604186530685
8.0	0.5	72	0.9845726837310302	0.14412039869472132	0.11517482517482519	0.840452285036309
8.0	0.5	73	0.9771452480175332	0.07022065987545825	0.062377622377622385	0.906924588142075
8.0	0.5	74	0.9792591314299525	0.051793424856545034	0.04657342657342658	0.9274657065734074
8.0	0.5	75	0.9796268747408852	0.07129657034484052	0.08083916083916083	0.9083303043960447
8.0	0.5	76	0.9836390164159837	0.0823097654928927	0.07804195804195806	0.901329250923091
8.0	0.5	77	0.9749209617506679	0.1366543935099955	0.11762237762237762	0.8382665682406724
8.0	0.5	78	0.979349617603901	0.11078654221287655	0.11650349650349652	0.8685630753910245
8.0	0.5	79	0.9799025207656394	0.10078125748698435	0.10083916083916084	0.8791212632786551
8.0	0.5	80	0.9777914151329271	0.12200597361525944	0.09902097902097905	0.8557854415176677
8.0	0.5	81	0.985354232884884	0.1457840387389158	0.12055944055944057	0.8395701941459682
8.0	0.5	82	0.9779382138459818	0.12177190400826668	0.1093006993006993	0.8561663098377151
8.0	0.5	83	0.9838093359787056	0.09369682201168195	0.08832167832167834	0.8901125139670236
8.0	0.5	84	0.9750090243118223	0.15468549630937242	0.14524475524475527	0.8203235280024499
8.0	0.5	85	0.9820986264573794	0.2181601445556559	0.20475524475524476	0.7639384819017235
8.0	0.5	86	0.978879228388353	0.09785418600985141	0.09622377622377623	0.8810250423785015
8.0	0.5	87	0.9840551972605537	0.08798822776960262	0.08055944055944059	0.8960669694909511
8.0	0.5	88	0.9794566385115544	0.13413102370209978	0.1388111888111888	0.8453256148094546
8.0	0.5	89	0.9869925673559494	0.12550178854290872	0.12531468531468534	0.8614907788130407
8.0	0.5	90	0.9761940876347831	0.10913190217493206	0.08713286713286715	0.867062185459851
8.0	0.5	91	0.9786700824097795	0.12515697580345542	0.11937062937062942	0.8535131066063241
8.0	0.5	92	0.9860264902961738	0.13257199484166307	0.11811188811188814	0.8534544954545108
8.0	0.5	93	0.9842574404565559	0.11652972675675469	0.10867132867132868	0.8677277136998013
8.0	0.5	94	0.9836506205907087	0.17978386096101456	0.18440559440559443	0.8038667596296942
8.0	0.5	95	0.9830929674256719	0.09488811450563508	0.09062937062937061	0.8882048529200368
8.0	0.5	96	0.975040045166698	0.13975318038415305	0.12846153846153852	0.8352868647825449
8.0	0.5	97	0.9813133828565158	0.12321782862349209	0.10559440559440557	0.8580955542330237
8.0	0.5	98	0.9780052416703068	0.08462605876809637	0.08412587412587415	0.8933791829022104
8.0	0.5	99	0.9796361386362074	0.06966627754602608	0.06174825174825177	0.9099698610901813
8.0	0.5	100	0.986439372527342	0.10362471779494292	0.11111888111888113	0.8828146547323992
8.0	0.5	101	0.9864454211426537	0.1022095154232746	0.09503496503496506	0.884235905719379
8.0	0.5	102	0.9782145543156627	0.12405883615196954	0.1060839160839161	0.8541557181636932
8.0	0.5	103	0.9787308463408654	0.12831351966216642	0.09412587412587416	0.850417326678699
8.0	0.5	104	0.9784912003411115	0.055979205541114956	0.033706293706293716	0.9225119947999966
8.0	0.5	105	0.9797996248608506	0.1498382776654706	0.1381118881118881	0.82996134719538
8.0	0.5	106	0.9809033617384457	0.10126374393315551	0.09405594405594409	0.8796396178052902
8.0	0.5	107	0.9870914077023665	0.1437754192884856	0.14433566433566433	0.8433159884138809
8.0	0.5	108	0.9816153691773397	0.09562598307359936	0.08244755244755245	0.8859893861037403
8.0	0.5	109	0.9817181678598388	0.0793487981588876	0.052377622377622404	0.9023693697009512
8.0	0.5	110	0.9859265596712219	0.13475256580039294	0.15412587412587417	0.8511739938708289
8.0	0.5	111	0.9816082650057397	0.1553645245586976	0.13671328671328672	0.8262437404470422
8.0	0.5	112	0.9853886773532483	0.12545013572926092	0.12146853146853147	0.8599385416239874
8.0	0.5	113	0.9827450088507006	0.06983679155332746	0.050559440559440574	0.9129082172973731
8.0	0.5	114	0.9833820509597576	0.1425559392749578	0.15160839160839162	0.8408261116847998
8.0	0.5	115	0.9827362588446242	0.0846023712516467	0.08174825174825177	0.8981338875929775
8.0	0.5	116	0.983751551216355	0.13011356952331216	0.11601398601398602	0.8536379816930428
8.0	0.5	117	0.9835538635790718	0.10407473894079093	0.11755244755244755	0.8794791246382809
8.0	0.5	118	0.983822613765704	0.1148278158526499	0.11916083916083917	0.8689947979130541
8.0	0.5	119	0.9811929661062264	0.13170204979309014	0.1144055944055944	0.8494909163131363
8.0	0.5	120	0.9795621177514705	0.10901278403665558	0.08475524475524476	0.8705493337148149
8.0	0.5	121	0.9870174979288181	0.09778104707017159	0.07013986013986015	0.8892364508586466
8.0	0.5	122	0.9851961494417705	0.08503407988477771	0.08062937062937064	0.9001620695569927
8.0	0.5	123	0.9816660775458872	0.1318752651911564	0.12860139860139863	0.8497908123547309
8.0	0.5	124	0.9846717879665193	0.11883491585758046	0.09384615384615386	0.8658368721089389
8.0	0.5	125	0.9846149059825736	0.15133525092725758	0.14881118881118882	0.8332796550553161
8.0	0.5	126	0.9834737385234295	0.0823429321825918	0.0920979020979021	0.9011308063408376
8.0	0.5	127	0.9784718392165549	0.04175054982677071	0.03860139860139861	0.9367212893897842
8.0	0.5	128	0.9844844267252963	0.06733756065108379	0.05993006993006993	0.9171468660742126
8.0	0.5	129	0.9795824997100692	0.09548146908435352	0.07937062937062939	0.8841010306257157
8.0	0.5	130	0.9803849933229121	0.07492784369989146	0.08216783216783216	0.9054571496230206
8.0	0.5	131	0.9811908480492	0.11732658147679267	0.11685314685314685	0.8638642665724073
8.0	0.5	132	0.9803059724347031	0.1190384159989	0.113986013986014	0.8612675564358031
8.0	0.5	133	0.9819389874576302	0.08328721061611848	0.0604895104895105	0.8986517768415118
8.0	0.5	134	0.9845667531713564	0.10003400002361112	0.08874125874125877	0.8845327531477454
8.0	0.5	135	0.9796156941775654	0.13239699472013522	0.11622377622377625	0.8472186994574302
8.0	0.5	136	0.9764723239391139	0.07971935397177358	0.07111888111888112	0.8967529699673403
8.0	0.5	137	0.9839764819281124	0.12762423446127394	0.12454545454545456	0.8563522474668385
8.0	0.5	138	0.9834146134823704	0.08082760474139218	0.07034965034965036	0.9025870087409782
8.0	0.5	139	0.9823247030032659	0.11256021011125701	0.10580419580419581	0.8697644928920089
8.0	0.5	140	0.976818692235203	0.13652867814491537	0.12671328671328672	0.8402900140902876
8.0	0.5	141	0.9851032813217231	0.09507022574321233	0.09566433566433567	0.8900330555785108
8.0	0.5	142	0.9805328337033568	0.12712647022671544	0.11377622377622379	0.8534063634766413
8.0	0.5	143	0.9836593705967852	0.07776740817181123	0.06328671328671329	0.9058919624249739
8.0	0.5	144	0.983370773174148	0.13832224883489502	0.13482517482517484	0.8450485243392529
8.0	0.5	145	0.9807829588770549	0.09494425343350933	0.10846153846153848	0.8858387054435456
8.0	0.5	146	0.9810440007250005	0.10994211107091045	0.11118881118881119	0.8711018896540901
8.0	0.5	147	0.9796518539248985	0.11961795112357718	0.11314685314685315	0.8600339028013213
8.0	0.5	148	0.9771573174703593	0.03594114995913191	0.02174825174825176	0.9412161675112274
8.0	0.5	149	0.9837311275910607	0.08585035128496617	0.07419580419580422	0.8978807763060945
8.0	0.5	150	0.9804575697622012	0.12467270463382266	0.11230769230769232	0.8557848651283786
8.0	0.5	151	0.983633953912468	0.14961055528510783	0.13097902097902103	0.8340233986273602
8.0	0.5	152	0.9823202793890828	0.14601943473571855	0.14986013986013988	0.8363008446533643
8.0	0.5	153	0.9821536751067189	0.16676487275338386	0.1533566433566434	0.8153888023533351
8.0	0.5	154	0.9827587102491043	0.12178220957097886	0.11601398601398602	0.8609765006781255
8.0	0.5	155	0.9809336534261482	0.07140461208653617	0.0825874125874126	0.9095290413396121
8.0	0.5	156	0.9778315609941396	0.13684693531037176	0.12699300699300703	0.8409846256837679
8.0	0.5	157	0.9831233424467656	0.1362477682276168	0.14461538461538462	0.8468755742191487
8.0	0.5	158	0.98430543354544	0.10723045641003916	0.08517482517482518	0.8770749771354008
8.0	0.5	159	0.9824131891758259	0.13967511088549367	0.14209790209790213	0.8427380782903322
8.0	0.5	160	0.9811668827547796	0.06446517671192828	0.08377622377622379	0.9167017060428513
8.0	0.5	161	0.9852177050122951	0.08932338841901974	0.08664335664335666	0.8958943165932753
8.0	0.5	162	0.9793872773522759	0.10379823180432765	0.10195804195804198	0.8755890455479483
8.0	0.5	163	0.9850378437762803	0.05503021877098526	0.042517482517482524	0.9300076250052951
8.0	0.5	164	0.9843014474315608	0.15388188464019767	0.14524475524475527	0.8304195627913631
8.0	0.5	165	0.9814854385315546	0.08661867820741542	0.08734265734265736	0.8948667603241391
8.0	0.5	166	0.9840914264523793	0.10641326139809819	0.09860139860139862	0.8776781650542812
8.0	0.5	167	0.9784877350609271	0.05217329317589804	0.05125874125874127	0.9263144418850291
8.0	0.5	168	0.983853204064725	0.07984872906161741	0.07076923076923076	0.9040044750031075
8.0	0.5	169	0.9767288588394852	0.10114391746105379	0.0874125874125874	0.8755849413784315
8.0	0.5	170	0.9812452439203082	0.10111813272092551	0.09146853146853148	0.8801271111993827
8.0	0.5	171	0.9847452394064162	0.09568280255750178	0.08629370629370631	0.8890624368489144
8.0	0.5	172	0.9792791869994355	0.07974392343328016	0.08776223776223777	0.8995352635661553
8.0	0.5	173	0.9830530021201402	0.13940145097322987	0.13713286713286715	0.8436515511469104
8.0	0.5	174	0.9843852044341698	0.14713900495764232	0.13825174825174827	0.8372461994765275
8.0	0.5	175	0.98154270246021	0.12007959033304885	0.10132867132867134	0.8614631121271612
8.0	0.5	176	0.9851966633310163	0.08576348316908554	0.08272727272727277	0.8994331801619307
8.0	0.5	177	0.9841785931795786	0.12374902343682183	0.11223776223776223	0.8604295697427568
8.0	0.5	178	0.9741452251008508	0.11602007362505112	0.09965034965034965	0.8581251514757997
8.0	0.5	179	0.9793617842790169	0.06969981923598557	0.07363636363636365	0.9096619650430313
8.0	0.5	180	0.9794018606957365	0.10234867524213559	0.11160839160839162	0.877053185453601
8.0	0.5	181	0.9816839456138511	0.11321464806572783	0.11524475524475525	0.8684692975481233
8.0	0.5	182	0.9832367522477445	0.10523696891456175	0.113986013986014	0.8779997833331827
8.0	0.5	183	0.9759817749873437	0.09071644494197566	0.07706293706293707	0.8852653300453681
8.0	0.5	184	0.9779465680184499	0.14826472101716737	0.1372727272727273	0.8296818470012826
8.0	0.5	185	0.9854353718301193	0.10603623335849538	0.10083916083916085	0.879399138471624
8.0	0.5	186	0.9761061917404109	0.10913623551127466	0.09349650349650351	0.8669699562291362
8.0	0.5	187	0.9739691347007879	0.1362306154379274	0.11118881118881119	0.8377385192628606
8.0	0.5	188	0.9818104734794955	0.09738648429616964	0.08678321678321681	0.8844239891833259
8.0	0.5	189	0.9850150451493368	0.09576739289402285	0.09993006993006993	0.889247652255314
8.0	0.5	190	0.9810341743292877	0.13562451085035473	0.14489510489510488	0.845409663478933
8.0	0.5	191	0.9766043448641284	0.09921245084197976	0.0946853146853147	0.8773918940221487
8.0	0.5	192	0.984864517267026	0.09221775154010523	0.07685314685314686	0.8926467657269207
8.0	0.5	193	0.9844707044935448	0.14733922731890786	0.1381118881118881	0.837131477174637
8.0	0.5	194	0.9833909537437179	0.10911808272089077	0.10727272727272728	0.8742728710228271
8.0	0.5	195	0.9848713992162494	0.16082379223874463	0.16153846153846158	0.8240476069775048
8.0	0.5	196	0.9833497662151154	0.07699997013886815	0.06433566433566434	0.9063497960762472
8.0	0.5	197	0.9786937213150843	0.12403625280295333	0.10139860139860142	0.8546574685121309
8.0	0.5	198	0.9820164527892034	0.11224248072394494	0.10524475524475527	0.8697739720652584
8.0	0.5	199	0.9794258329346063	0.09083061863237406	0.10377622377622378	0.8885952143022322
8.0	0.5	200	0.9795944094405621	0.13057794484579505	0.13391608391608395	0.8490164645947671
8.0	0.5	201	0.9831388077352832	0.1136751692188675	0.10426573426573427	0.8694636385164156
8.0	0.5	202	0.9794686385198879	0.13204413336398152	0.12524475524475526	0.8474245051559064
8.0	0.5	203	0.9854023648627535	0.09933285370337062	0.06839160839160839	0.8860695111593828
8.0	0.5	204	0.9821970223590434	0.09907054102120905	0.106993006993007	0.8831264813378343
8.0	0.5	205	0.9855783163738308	0.11474814218620986	0.10622377622377621	0.8708301741876209
8.0	0.5	206	0.9739863499905208	0.05771285952281911	0.051888111888111904	0.9162734904677017
8.0	0.5	207	0.9828802381112763	0.12380709986604156	0.12426573426573427	0.8590731382452348
8.0	0.5	208	0.9845757601220557	0.12082443112807718	0.09930069930069932	0.8637513289939786
8.0	0.5	209	0.9835207941116626	0.11891676313664107	0.1102097902097902	0.8646040309750216
8.0	0.5	210	0.9774401648890034	0.08308331464119072	0.07846153846153847	0.8943568502478128
8.0	0.5	211	0.9822405223892516	0.14782189432075996	0.134965034965035	0.8344186280684917
8.0	0.5	212	0.9803718127582032	0.05329987034713219	0.054755244755244764	0.9270719424110709
8.0	0.5	213	0.9777837345720379	0.09730447035032663	0.08720279720279722	0.8804792642217113
8.0	0.5	214	0.9820127930644396	0.12675001163195254	0.12370629370629371	0.855262781432487
8.0	0.5	215	0.9823669530326062	0.08270560604555975	0.0651048951048951	0.8996613469870465
8.0	0.5	216	0.9832383841933223	0.1164379280818945	0.09083916083916085	0.8668004561114279
8.0	0.5	217	0.9786586726796338	0.12493087147977186	0.12083916083916087	0.8537278011998619
8.0	0.5	218	0.9819547235796691	0.09422865571434423	0.08867132867132865	0.8877260678653248
8.0	0.5	219	0.9870671021299321	0.18009470145465378	0.16601398601398604	0.8069724006752783
8.0	0.5	220	0.9813462439904471	0.14302404376669706	0.12125874125874128	0.83832220022375
8.0	0.5	221	0.9800646250448785	0.11642216418205846	0.11314685314685317	0.86364246086282
8.0	0.5	222	0.9835221968904145	0.12497153123023003	0.10622377622377624	0.8585506656601845
8.0	0.5	223	0.9761711778966514	0.1034044884753392	0.09832167832167833	0.8727666894213122
8.0	0.5	224	0.9821625917795777	0.12486782282487696	0.11678321678321682	0.8572947689547007
8.0	0.5	225	0.9786195754302607	0.12982336098844513	0.11405594405594409	0.8487962144418155
8.0	0.5	226	0.9804297364095391	0.057026803490835755	0.04762237762237762	0.9234029329187033
8.0	0.5	227	0.9845329545367738	0.14085045197948057	0.1151748251748252	0.8436825025572933
8.0	0.5	228	0.9772867967269421	0.12524307308546742	0.09860139860139862	0.8520437236414746
8.0	0.5	229	0.9849199061943793	0.10605260142541766	0.09230769230769231	0.8788673047689617
8.0	0.5	230	0.974310662715738	0.09453630176132068	0.09342657342657343	0.8797743609544173
8.0	0.5	231	0.9814407232227246	0.06550632326828006	0.05055944055944057	0.9159343999544445
8.0	0.5	232	0.9714855704760906	0.07036554886496449	0.06454545454545454	0.9011200216111261
8.0	0.5	233	0.9772281786306797	0.09829022797932499	0.06937062937062938	0.8789379506513547
8.0	0.5	234	0.9871469910742995	0.11953740940097876	0.13272727272727272	0.8676095816733207
8.0	0.5	235	0.9808073338939819	0.12874317968276366	0.12636363636363637	0.8520641542112182
8.0	0.5	236	0.9836298775207484	0.12471540605236532	0.09531468531468533	0.8589144714683831
8.0	0.5	237	0.9823697655345593	0.10882685335198149	0.10153846153846154	0.8735429121825778
8.0	0.5	238	0.985026621546265	0.09761231778633181	0.10055944055944056	0.8874143037599331
8.0	0.5	239	0.9863958238859887	0.08790664437961415	0.06265734265734264	0.8984891795063745
