model_id	model_label	protein_sha256	target_name	uniprot_primary_id	n_pairs	n_scaffolds	n_document_components	target_rho_spearman	target_tau_kendall	target_top10_enrichment	target_best_ligand_regret_pkd
global_top5_morgan_similarity_v1_8	Morgan similarity	022c5e46aa4d58f82ea0b1dcb834398f4f1195826519611b0447b8b5e3536ef3	Ectonucleotide pyrophosphatase/phosphodiesterase family member 1	P22413	25	14	2	-0.013338544380644548	-0.006897577005006472	0.0	1.1023729087095564
global_top5_morgan_similarity_v1_8	Morgan similarity	024435b6a912aaecfa2992585f7d822f4f49a8a1338b3bc6a7b36bd8991acd0a	D-3-phosphoglycerate dehydrogenase	O43175	7	7	1	-0.8571428571428573	-0.7142857142857143	0.0	1.548010230104338
global_top5_morgan_similarity_v1_8	Morgan similarity	0451c5f5ef052711dec57df65d688e28c0027e49dc4be546d73beb880c6181ed	Proprotein convertase subtilisin/kexin type 9	Q8NBP7	27	19	2	-0.15701852753796106	-0.08882667346578034	0.0	3.860338006570993
global_top5_morgan_similarity_v1_8	Morgan similarity	0656e40de4997b31658a487fdaf93307f65e072fc5beceda66d0ee0c6606ab93	Bromodomain-containing protein 4 [353-454]	O60885	44	30	4	0.02094632512906557	0.00993680172269411	0.0	0.8616973018337184
global_top5_morgan_similarity_v1_8	Morgan similarity	067f7c4a3936c5152653761ee0a1815aaa6783395287be36fc61163619542623	Epidermal growth factor receptor [L858R]	P00533	9	7	1	0.008403658068160179	-0.05716619504750294	0.0	1.7481880270062007
global_top5_morgan_similarity_v1_8	Morgan similarity	0964b8ab750f4f675886036ee344acb048e251156e11a6c965cc39525773b4e8	UDP-3-O-acyl-N-acetylglucosamine deacetylase	P0A725	5	4	1	0.5642880936468347	0.31622776601683794	0.0	0.045757490560674796
global_top5_morgan_similarity_v1_8	Morgan similarity	0a1a909cf5ee3fcb36c17135913ce49913db6fb6392fe43faf9c92df9994a1b2	Protein cereblon	Q96SW2	25	13	3	-0.02018921160350326	-0.01543033499620919	0.0	2.536242706838319
global_top5_morgan_similarity_v1_8	Morgan similarity	0caed4ff234c64efd5f01371efafe0b9c14cc59dbeaf60e2fa25f299f8104146	Folate receptor beta	P14207	15	14	1	-0.257372756926948	-0.210528725646512	3.75	1.3053513694466243
global_top5_morgan_similarity_v1_8	Morgan similarity	0eb48fb6c6aed997133e177cdb3bc677507f53b531633c28e8f7ad8d6959cfc3	Pyrrole-2-carboxylic acid decarboxylase	Q9I6N5	14	3	1	0.23788603962411495	0.166676955685207	0.0	1.5026753591920503
global_top5_morgan_similarity_v1_8	Morgan similarity	0f99982b545e61cc6fa4ca70be1e2f0f503d3e26f44fdb3067dd3c6905bb2788	Aurora kinase B	Q96GD4	6	5	3	-0.08827348295047496	-0.07161148740394328	0.0	1.4357285695614372
global_top5_morgan_similarity_v1_8	Morgan similarity	13f7554d9b19f2ba75cc851600252cf99ccd746317c5b94db51a8c830a534c45	Ubiquitin carboxyl-terminal hydrolase 5	P45974	7	7	1	-0.19090909090909092	-0.15	0.0	0.389971079000762
global_top5_morgan_similarity_v1_8	Morgan similarity	14c12f3038e6dde2d28b78c0961e52dae3040876f6c8e2ce7208899bca679c80	Serine/threonine-protein kinase mTOR	P42345	5	5	2	-0.3	-0.19999999999999998	0.0	2.119975317076749
global_top5_morgan_similarity_v1_8	Morgan similarity	1745754698cfda0da91a4ab57a3167699fd9968011b4a7887a53c1da2876fbe1	Signal transducer and activator of transcription 6	P42226	28	13	2	0.329134770057247	0.22576540398538544	0.0	2.8213348431597494
global_top5_morgan_similarity_v1_8	Morgan similarity	1a1d669b0622fbe831f52ddb1be8e99ed35c39eea791b55b52db12a80811e274	Serine/threonine-protein kinase B-raf	P15056	8	3	2	0.7636503885656767	0.6416236526819377	8.0	0.0
global_top5_morgan_similarity_v1_8	Morgan similarity	1d5a9ab11f64cb886d8ffa08a153c412b2d190fcf70e5690cd4b4c7efcdee53a	GTPase KRas	P01116	29	13	4	0.3387136520453426	0.23762376237623764	3.2222222222222223	5.113509274827518
global_top5_morgan_similarity_v1_8	Morgan similarity	1dd8076dcc1c7f8bf85982f9ef389f20d06611bdc4c6d38a12300f6d42550846	Tyrosine-protein kinase JAK2 [866-1054]	O60674	9	7	1	-0.18257418583505536	-0.15713484026367724	0.0	1.0
global_top5_morgan_similarity_v1_8	Morgan similarity	1e34f9f89f223ec78879ce06436449fdb4077140597c4fbb765250e74b5295f3	Heat shock protein HSP 90-beta	P08238	19	11	4	-0.40421855044131716	-0.25959718598175585	0.0	1.06352099968999
global_top5_morgan_similarity_v1_8	Morgan similarity	2050e121c40716b1679af0b304ba648e1f3f6d4bf32ac563318974ec64d5167a	Tyrosine-protein kinase BTK	Q06187	7	7	1	0.0	0.0	0.0	0.7367585652254185
global_top5_morgan_similarity_v1_8	Morgan similarity	21017319c2c8714bf0b97157e13f2184664d2d13b899b37276195af86ca0720a	Tyrosine-protein kinase JAK2	O60674	12	8	3	-0.3642737635359401	-0.29008478786241815	0.0	0.805285725045767
global_top5_morgan_similarity_v1_8	Morgan similarity	227d4dedc333f19cd45555a7d21906eea61e2723b142143e11cbf038bcb59d6b	GTPase KRas [G12D]	P01116	19	8	3	-0.5215479331574318	-0.3511904761904762	0.0	1.8239087409443169
global_top5_morgan_similarity_v1_8	Morgan similarity	262c7bcde1c365985448d0e69a77135df1680783066e7f72dfb907bead316982	Nuclear receptor ROR-gamma	P51449	8	4	1	-0.14285714285714288	-0.21428571428571427	0.0	2.221848749616356
global_top5_morgan_similarity_v1_8	Morgan similarity	2709b182438598d2b9f146586fb2c8549857ef08c97505fddab5a0a8782aaee7	Cyclin-dependent kinase 9	P50750	9	9	1	-0.3651483716701107	-0.3142696805273545	0.0	0.7367585652254185
global_top5_morgan_similarity_v1_8	Morgan similarity	29416c9490a3c35fa69a9086f09fb7c75915d5d7467cb594e5b517e8fa9f344f	Ephrin type-A receptor 2	P29317	16	14	2	-0.27466863033873345	-0.2521008403361345	0.0	2.982271233039569
global_top5_morgan_similarity_v1_8	Morgan similarity	2adaa47ab70c0a798132d08bd90a7cf226b2cecf0909cd1b248b9349d25794c1	Tyrosine-protein kinase JAK2 [536-812,W659A,W777A,F794H]	O60674	14	8	1	-0.2879120879120879	-0.2087912087912088	0.0	0.12368173288879802
global_top5_morgan_similarity_v1_8	Morgan similarity	2bcd2372a42b0df85765503157e2692f62ac4928d456c0292b6bede3fb610d28	Non-receptor tyrosine-protein kinase TYK2 [556-871]	P29597	16	13	1	-0.3786328457205041	-0.3208833147655316	0.8	0.0
global_top5_morgan_similarity_v1_8	Morgan similarity	2ca842f3e7a01314833c340d495dc171c89dca6271a7cf89edb90e6194b06fa3	Glycogen synthase kinase-3 beta	P49841	8	7	2	-0.5952380952380953	-0.3571428571428571	0.0	2.855507727016022
global_top5_morgan_similarity_v1_8	Morgan similarity	335308f096756a3df0215872048688705e4c202b3fb4ac426b1d7a2c0ae16340	E3 ubiquitin-protein ligase pellino homolog 1	Q96FA3	12	9	1	-0.3607711311942483	-0.22901430620717222	0.0	0.31035220032175337
global_top5_morgan_similarity_v1_8	Morgan similarity	3ec018eac89b55a4b8805aad2984a8a39dc4efa5a410abc4d3835c233cb1395a	Myc proto-oncogene protein	P01106	12	7	1	-0.17162898474289487	-0.07633810206905742	0.0	0.8450980400142569
global_top5_morgan_similarity_v1_8	Morgan similarity	3f6b27ef15f1a0769f6d67bc2e74c379d3b7bd9e36093cb9bb74486a4a241890	Non-receptor tyrosine-protein kinase TYK2	P29597	28	18	3	-0.3992415320038455	-0.2839914836587493	0.0	0.4771212547196644
global_top5_morgan_similarity_v1_8	Morgan similarity	3fa18eb54ec40d14ffe757d4ea5610d82f444e748a118bb4bb5410eecc967a9c	Receptor-interacting serine/threonine-protein kinase 3	Q9Y572	11	9	2	0.5	0.42640143271122083	3.0250000000000004	0.0
global_top5_morgan_similarity_v1_8	Morgan similarity	400ef529d5c6a3841e239c796b59a0ac70f5d15999943515367a963d27a80d30	Protein cereblon [318-426]	Q96SW2	25	21	1			1.0	0.0
global_top5_morgan_similarity_v1_8	Morgan similarity	44d46497ea712d353a5fb8334570bc6b6cbbbe787241db9a29611e546765c4d0	Heat shock protein 90 homolog		26	19	2	0.24782627880119917	0.23148148148148148	0.15204678362573099	1.0791812460476233
global_top5_morgan_similarity_v1_8	Morgan similarity	4afd43a2f1fdcfaab09ba8c43a997c6bd6ed010fd20bbc6e15d791a28129e8e2	Complement factor B [470-764]	P00751	7	6	1	0.42857142857142866	0.23809523809523814	0.0	0.349334675238536
global_top5_morgan_similarity_v1_8	Morgan similarity	4b3334bba830c2f7d886e2ec16e1d2a9270108ea40b962522c22590594be467c	Acetyl-coenzyme A synthetase, cytoplasmic	Q9NR19	10	10	1	-0.8060606060606059	-0.6444444444444444	0.0	0.49082253239705054
global_top5_morgan_similarity_v1_8	Morgan similarity	4b73868ce025017dbd7dc7c6e3d898657ae4faf8dd559c654aec1cb4c86901db	Mitogen-activated protein kinase kinase kinase 13	O43283	12	12	1	0.2210539923340887	0.24618298195866545	0.0	2.7293526333297393
global_top5_morgan_similarity_v1_8	Morgan similarity	4b992438444e5580e88eec14328d65dc56021c00706daab77dfc20892b6dcdb6	PA-I galactophilic lectin	Q05097	25	17	1	0.1342565902888576	0.1168615985764811	0.0	2.1492191126553797
global_top5_morgan_similarity_v1_8	Morgan similarity	4c0cef143858b123b57fe94ba580d433ebbad7bbfb5265d8ae729c1e43be5e46	Galectin-1	P09382	22	11	5	0.5426312817617166	0.3593073593073593	2.4444444444444446	2.414973347970818
global_top5_morgan_similarity_v1_8	Morgan similarity	4c7b302c97ebbbf6f2c1647b7e2c33a0df922e898bb99d4b949a7204ba26ab70	E3 ubiquitin-protein ligase TRIM21	P19474	25	16	1	-0.21444566100056317	-0.18023687129068625	0.0	1.0
global_top5_morgan_similarity_v1_8	Morgan similarity	4dde01fda8f2a6440d900157adfd87d76e4a001b1c3c56198a637348fe90867b	Stimulator of interferon genes protein [149-345,R232H]	Q86WV6	13	4	1	-0.02200827391522918	-0.03871048305693819	0.0	3.958342420364576
global_top5_morgan_similarity_v1_8	Morgan similarity	4ffc1b515d70e97e7a9e0436e6857e4c07bb4e3a0922ad8f22f541398aa5e5a6	GTPase KRas [G12C]	P01116	14	6	2	0.2033160342171087	0.011236664374387367	0.0	0.9542425094393252
global_top5_morgan_similarity_v1_8	Morgan similarity	50bd91bb24b0aa5b7cf6ff8e83dc526c6a56ca6bbcc8ab48acfbfac4cb8961cf	Protein delta homolog 1	P80370	13	8	1	-0.15260327241863142	-0.027461751819054483	0.0	2.405765346183994
global_top5_morgan_similarity_v1_8	Morgan similarity	54431f8a0aa2a42c7810354ab78e06561f7d2d8744a94e1c2a31525fab8aa2f3	Myeloid differentiation primary response protein MyD88	Q99836	6	5	3	0.14285714285714288	0.06666666666666665	0.0	0.5166297960033361
global_top5_morgan_similarity_v1_8	Morgan similarity	549dc2f31d2981e3cd99a62ea027bf7d8a5cd3b7232c910e4a3fbec108f88c17	Kelch-like ECH-associated protein 1	Q14145	11	3	1	0.21101805498255247	0.07479575920067658	0.0	0.4771212547196617
global_top5_morgan_similarity_v1_8	Morgan similarity	568d600386ab5ce56921f3ffd2bb61cd3858ebd51062c6861216dc086abbcd5e	LanC-like protein 2	Q9NS86	25	25	1	-0.26966724868908076	-0.1769618492729571	0.0	1.5965894496641555
global_top5_morgan_similarity_v1_8	Morgan similarity	57cd6f50c8934d3a5ad4c6bf69031d54b6210fb02fb34078cccfc6614520e018	Protein polybromo-1 [200-270]	Q86U86	14	10	1	0.5560439560439561	0.42857142857142855	3.5	0.3314126246577018
global_top5_morgan_similarity_v1_8	Morgan similarity	5862305c8302b2d7dd9de31f34102a1220d9099d9f6f7b961610ed4337934880	Carbonic anhydrase 1	P00915	14	11	1	0.1337773871958963	0.10023520220651763	3.5	4.400116927926312
global_top5_morgan_similarity_v1_8	Morgan similarity	5f53bbc1e37943c0480e2cea1af72db621d5d854f1ed38469d2fccdaaca2479e	Serine/threonine-protein kinase PknB	P9WI81	14	5	1	-0.2961371163788688	-0.23601465584129153	0.0	1.5586715683480135
global_top5_morgan_similarity_v1_8	Morgan similarity	6290ac0913cc53eba61e3fffaacd220601b70ddd3b2ad032f0d3b83310ae3c4b	S-sulfocysteine synthase	Q79FV4	7	3	1	-0.7142857142857144	-0.5238095238095238	0.0	0.8354139033496439
global_top5_morgan_similarity_v1_8	Morgan similarity	632908f5de50fb6f1a7024c9374f1584595fb92b7f80c35435714f5aa56e3a44	GTPase KRas [G12V]	P01116	61	36	4	-0.048390295502345394	-0.039945281932823797	1.2448979591836735	1.5051499783199045
global_top5_morgan_similarity_v1_8	Morgan similarity	65cf04333924500423ef23e4ea83a72b8028ea91a81d9572ebd7d403340e1195	Phospholipid hydroperoxide glutathione peroxidase	P36969	28	19	2	0.21455938697318008	0.14814814814814814	0.0	2.3654879848908994
global_top5_morgan_similarity_v1_8	Morgan similarity	65cfc2c0cf82af83e1e122bea9f09a3fb6ba8fa60f7bd6f942cd3be3d0be8daf	Type 1 fimbrin D-mannose specific adhesin	P08191	20	7	1	0.16992481203007515	0.0736842105263158	0.0	2.8759565032654706
global_top5_morgan_similarity_v1_8	Morgan similarity	683c3ad865014d7a8dcfb86834de0ddb0c072ffda44aa063d6a8d3e0dee9868e	Methylcytosine dioxygenase TET2	Q6N021	25	11	1	-0.06723410761620151	-0.058343848959639316	0.0	1.204119982655925
global_top5_morgan_similarity_v1_8	Morgan similarity	68d60cea30219da8cef67dbcc1b81dcdebc8456663f7f54b6fb8cc6666a7b416	Dimer of Receptor-type tyrosine-protein kinase FLT3|Receptor-type tyrosine-protein kinase FLT3	P36888	10	10	3	-0.24848484848484845	-0.19999999999999998	0.0	1.9622114391106003
global_top5_morgan_similarity_v1_8	Morgan similarity	6a664650df1dd5b3134dc88db726e96e3be3c27fdbf274c80e3b9923ed7cd32e	ATPase family AAA domain-containing protein 2B	Q9ULI0	20	3	2	-0.17159878780447396	-0.13961796943056518	5.0	0.0
global_top5_morgan_similarity_v1_8	Morgan similarity	6de0ad904d58312d0265ee7a480d38e55c5d8deab26c2a3bf2bd8483daf0fa77	Receptor-type tyrosine-protein kinase FLT3 [F691L]	P36888	6	6	1	-0.8857142857142858	-0.7333333333333333	0.0	0.7695510786217259
global_top5_morgan_similarity_v1_8	Morgan similarity	6ebcd9d1f5201ce756f83bdc960921125f57a30d267f8b2993f4652f9c93a620	Peptidyl-prolyl cis-trans isomerase FKBP4	Q02790	11	6	3	0.5931800174019193	0.5011856786864703	2.75	0.645094623553164
global_top5_morgan_similarity_v1_8	Morgan similarity	7192d652f813d4d86f957b1edb7729c8adb429515fb591d7f4c6937a9d54dec2	Aurora kinase A	O14965	9	8	3	0.0420182903408009	0.0	0.0	1.1638568026386693
global_top5_morgan_similarity_v1_8	Morgan similarity	71c75d29add3938542716c997db4ce5b657f2759a4642773975ae9b7d12ea876	Sortilin	Q99523	25	9	1	-0.19280354407340855	-0.14405380343075577	0.0	1.2016234786490356
global_top5_morgan_similarity_v1_8	Morgan similarity	75c34e924155e3529903bd10daf1da3d8929c12d17075ff191d84ec07703843f	Glutamate carboxypeptidase 2	Q04609	35	29	2	-0.214315730494467	-0.15656565656565655	0.0	3.33645973384853
global_top5_morgan_similarity_v1_8	Morgan similarity	77ed25650e717b3f610e42ef8e5c1c88d50e7485725032f8535448a0ca8b61b1	E3 ubiquitin-protein ligase Mdm2	Q00987	6	4	3	0.08571428571428573	0.06666666666666665	0.0	1.2552725051033056
global_top5_morgan_similarity_v1_8	Morgan similarity	7b8d960f96e40af6d8b8eef938d9dccaeebc526e0bdbafcbff4b6711fae64da6	Hypoxia-inducible factor 1-alpha [228-298]	Q16665	24	11	1	0.20482714117605147	0.1415610316849224	2.6666666666666665	0.8239087409443187
global_top5_morgan_similarity_v1_8	Morgan similarity	7c1523d7d6bd86df82bb78f6bc72691ee4cfa9ad4bb95aabc4dc3e64d1bf831b	Phosphatidylinositol 5-phosphate 4-kinase type-2 gamma	Q8TBX8	44	30	2	0.6717023438732617	0.5066865915797097	3.52	1.9030899869919438
global_top5_morgan_similarity_v1_8	Morgan similarity	7c2c9a4005a08f9f8ed2ce2e3b7d9432dd39547abafef80ffab6adbb89753b2c	Peptidyl-prolyl cis-trans isomerase FKBP1A	P62942	12	5	2	0.33815315643166793	0.31993601919360226	1.2000000000000002	0.0
global_top5_morgan_similarity_v1_8	Morgan similarity	7eb7771a02b7d5021121f3f907256dc93327c839169733378362d291cb76e0ce	Bromodomain-containing protein 4 [58-164]	O60885	84	47	6	-0.09960376783859341	-0.07479398008851976	4.148148148148148	0.5118833609788744
global_top5_morgan_similarity_v1_8	Morgan similarity	7fc86ef9a59a068c6d4fc0bc0a79788fefa84907e386c561c7567bde52160b17	Tyrosine-protein kinase JAK2 [Y1007F,Y1008F]	O60674	50	28	2	0.03142859923660411	0.024489435365171428	1.4814814814814816	0.0
global_top5_morgan_similarity_v1_8	Morgan similarity	7ff04ddccf949e11263e780f4fb3492ae973c50c851a4df836fb5d6e323a318a	Bcl-2-like protein 1	Q07817	25	18	1	-0.16226562705066913	-0.12147043222925095	0.0	1.0
global_top5_morgan_similarity_v1_8	Morgan similarity	80be356aef4f71329822694d1d7129d6dd6bdaaee64fe2d62b1d68fc82d1ccdb	DNA damage-binding protein 1	Q16531	25	12	1			1.0	0.0
global_top5_morgan_similarity_v1_8	Morgan similarity	815d17ae9639c4fa2db3f5b2238aff14950018c5d327f632fdda64dc07948f59	Selenoprotein H	Q8IZQ5	7	5	1	0.8468812149338255	0.6831300510639733	7.0	0.0
global_top5_morgan_similarity_v1_8	Morgan similarity	8400030088daa962283125365238a8cd19878b292ef12408c6457e69231e769f	Retinol-binding protein 4	P02753	5	3	1			1.0	0.0
global_top5_morgan_similarity_v1_8	Morgan similarity	8b580bb0bb1537e3becb4733f6f91562b790fe669fbfa64f004744df8641cf14	Nucleoprotein	P15682	5	5	2	-0.6668859288553503	-0.5270462766947299	0.0	3.3719909114649145
global_top5_morgan_similarity_v1_8	Morgan similarity	8bc8432fcc649b965ed9bfaef63c595d023537a985c3b242768bac1f1bf32fb1	Non-receptor tyrosine-protein kinase TYK2 [556-888]	P29597	107	44	6	-0.008301707982864715	-0.0042782969024076235	1.4738292011019283	0.2596373105057559
global_top5_morgan_similarity_v1_8	Morgan similarity	8c9af87b44d8f7616b04934bbac932411a6e0eb650682054d92aafd77c2ab1a4	NACHT, LRR and PYD domains-containing protein 3	Q8R4B8	7	5	1	-0.39285714285714296	-0.23809523809523814	0.0	1.3010299956639813
global_top5_morgan_similarity_v1_8	Morgan similarity	8d1fc91f90056f7fc4e638d2dbf7cd73c12e30e4e9cb97c76cac1d5b308643ed	Stimulator of interferon genes protein	Q86WV6	14	6	2	0.43736263736263736	0.27472527472527475	3.5	1.146933030314468
global_top5_morgan_similarity_v1_8	Morgan similarity	8d5931178af016b7914566577f5b490174948917324c7a6db74dca9e3dcaf94c	Mas-related G-protein coupled receptor member X2	Q96LB1	26	12	2	0.3415384615384615	0.2430769230769231	0.0	1.7407872199148038
global_top5_morgan_similarity_v1_8	Morgan similarity	8e730faac3c6b87a7879f190ab3c77de56fd10330176561ba7ae08dbfa1144f0	Galactosylgalactosylxylosylprotein 3-beta-glucuronosyltransferase 3	O94766	5	5	1	-0.6	-0.39999999999999997	0.0	0.29245880350116593
global_top5_morgan_similarity_v1_8	Morgan similarity	965a796bdc7b10fc12f86d5221123e411b8363e16b2279ca1261cb92230b8867	Polymerase basic protein 2	P03428	7	3	2	0.09009374626955591	0.0	0.0	1.8282301147269617
global_top5_morgan_similarity_v1_8	Morgan similarity	9796e4a195066b95cb46d4fbb869f06afddbe3672b9e1f789fa4e3e5c9560e0c	Galectin-3	P17931	22	16	6	0.37785937682996257	0.2863347300621277	0.0	5.849419413796897
global_top5_morgan_similarity_v1_8	Morgan similarity	9a06387610edd099466d614941c42a433f444feb6a8f25375bb0b6ad8ec9c6f4	Alpha-synuclein	P37840	21	21	2	0.24084099726772495	0.1179535649239177	0.0	2.226343356431409
global_top5_morgan_similarity_v1_8	Morgan similarity	9a7fa3c16640c215ee56fb067330853d5928b50181834259d9e00abb24e9b751	Histone deacetylase 6	Q9UBN7	18	6	1	-0.32710915290665893	-0.20812870274861323	0.0	0.18708664335714476
global_top5_morgan_similarity_v1_8	Morgan similarity	9c4089da85ef3c06dde2c14def7afc4a2e1452947ca9abf34025f90a101db770	Fibroblast growth factor receptor 3	P22607	9	7	2	-0.41953810681634945	-0.3086066999241838	0.0	0.8239087409443187
global_top5_morgan_similarity_v1_8	Morgan similarity	9c9c4db1c101c92124e1636ae0bcadc314c113c4949c05c9e3dfd370764d8bce	Histone-lysine N-methyltransferase 2A	Q03164	5	5	1	-0.39999999999999997	-0.39999999999999997	0.0	0.9190780923760737
global_top5_morgan_similarity_v1_8	Morgan similarity	a0d8504fc2ce28870415fc343e3f9d05f8ab9b574fa9e28f0f89d5b6cbc2a563	PC4 and SFRS1-interacting protein	O75475	11	9	1	0.009090909090909092	0.1272727272727273	0.0	0.3555675273127745
global_top5_morgan_similarity_v1_8	Morgan similarity	af987650896002d008d596b93aa829ede1afa3e3b9ed769b9a8f70afd7be25d0	Peptidyl-prolyl cis-trans isomerase FKBP5	Q13451	9	5	2	0.3483454288707203	0.2760262237369417	2.25	0.6616456813122067
global_top5_morgan_similarity_v1_8	Morgan similarity	b04020d6a298b87e7e20c83b346f59825468dc2001355b699e4b91d67d9bea6c	Heat shock protein HSP 90-alpha	P07900	12	6	2	-0.7253700996601186	-0.5427824560657746	0.0	2.341737493488015
global_top5_morgan_similarity_v1_8	Morgan similarity	b13035f135fd81cf7050efeebd189db3b535ce19e7efee51566f4e9e2931d717	Ricin	P02879	18	9	1	0.08156944814435482	0.03934447376823169	0.0	0.49432328482728494
global_top5_morgan_similarity_v1_8	Morgan similarity	b16f52f0d04b72927ee4e0cbe247b9d446ac4466ec87c4bf055470e04b94b895	Elongin-C	Q15369	41	14	5	0.04852550461784658	0.030543728749341744	1.64	0.20320249574453975
global_top5_morgan_similarity_v1_8	Morgan similarity	b1b17c7fca3cbab15bc66b90bd4c07f73617cb5a03db105b0a38084fe7bca48b	Programmed cell death 1 ligand 1	Q9NZQ7	35	12	3	-0.43131034254534084	-0.3083667232604805	0.0	5.1961961768334
global_top5_morgan_similarity_v1_8	Morgan similarity	bacc1183551b7365dbe3b112a2a403f145940e3c5d05518dd80572c7c42f7c89	Shiga-like toxin 2 subunit A	P09385	7	4	1	0.21428571428571433	0.33333333333333337	0.0	0.5165910214412901
global_top5_morgan_similarity_v1_8	Morgan similarity	bb8d4ddedb5cd0daf2e688e644633a2c5376e718cb62935cb3380dcf38173bf8	Replicase polyprotein 1a	P0DTC1	25	18	2	0.9307162111188594	0.8207808824616898	2.7777777777777777	0.6828831844425638
global_top5_morgan_similarity_v1_8	Morgan similarity	bc397cc8eb78693a226a23c89a09eb3c0054deef0ef8c9cae74b11a491fad1df	Endothelial PAS domain-containing protein 1	Q99814	10	5	1	0.23708316203522517	0.13483997249264842	0.0	0.18184358794477307
global_top5_morgan_similarity_v1_8	Morgan similarity	bcb49e7e1db8d95c084172bca13d3b727991096f26dafdcb0033251b4542027a	Fibroblast growth factor receptor 3 [V555M]	P22607	45	26	3	-0.3980553794881959	-0.3050438646823761	0.0	1.9862117155143668
global_top5_morgan_similarity_v1_8	Morgan similarity	beaa825e538b5313d28a569c239d221a99cd820cd630fb9da229ad507b1af1d5	Stimulator of interferon genes protein [149-345]	Q86WV6	12	4	1	-0.08406317620060154	-0.04580286124143445	0.0	2.9986407047372747
global_top5_morgan_similarity_v1_8	Morgan similarity	bf4a1384a527c5eaf74b093f1d2cbcc91c5061b76cc4ef041263f1d101bae296	Galectin-8	O00214	14	8	3	0.09010989010989012	0.07692307692307693	3.5	0.2962311127822126
global_top5_morgan_similarity_v1_8	Morgan similarity	c03733fc6f7569b39bc39c3dc02c986311ac0268b2298e8693221c722cff6861	Son of sevenless homolog 1	Q07889	26	16	2	0.5882353285182761	0.41049578235387113	0.0	0.5848045657638803
global_top5_morgan_similarity_v1_8	Morgan similarity	c2826a2895a762da0611b28241dd11a097c76ea96df17bf036756f03b3b31fe4	Replicase polyprotein 1a [1564-1878]	P0C6U8	25	20	2	0.8976923076923078	0.7466666666666665	5.555555555555555	0.0
global_top5_morgan_similarity_v1_8	Morgan similarity	c497f29417b886ff019812f69b1ed95fa872225c9180283496bec6d9ca65f664	Cannabinoid receptor 2	P34972	14	12	1	-0.008810594060152407	0.0333353911370414	0.0	2.0057523288890913
global_top5_morgan_similarity_v1_8	Morgan similarity	c81b4e9e806e0ace9f779e65477e6c988dea6cad5eecfbcb35f2364c5fc884dd	Fibroblast growth factor receptor 2	P21802	12	10	3	-0.08963395097058988	-0.08151933134075308	0.0	0.6575773191777934
global_top5_morgan_similarity_v1_8	Morgan similarity	ca8783b8053e1373c8358af24d59933449f4a63bbae1a5f44f9b3c81490c6c7f	Dual specificity tyrosine-phosphorylation-regulated kinase 1A	Q13627	5	5	1	0.0	0.19999999999999998	0.0	1.5788301506094866
global_top5_morgan_similarity_v1_8	Morgan similarity	cefe1c176699342ae77190e27db430f96ea13906d014bad93f17570052d770a2	Stimulator of interferon genes protein [1-379,R71H,G230A,H232R,R293Q]	Q86WV6	24	9	2	0.03610265674285248	0.029091101429405613	0.0	1.5910646070264995
global_top5_morgan_similarity_v1_8	Morgan similarity	d03e72dda9823b817d1f46412f3cdb7330d7847621dbbb03201048178cc4e630	Biotin--[biotin carboxyl-carrier protein] ligase		12	10	1	-0.1120842349341354	-0.07633810206905742	3.0	0.43365556093857194
global_top5_morgan_similarity_v1_8	Morgan similarity	d07722a95e38b3a5df0e01311cb4f97ec309d88e7d9f1eaba11f45263557c1e9	Targeting protein for Xklp2	Q9ULW0	11	7	1	0.7000000000000001	0.45454545454545453	0.0	0.6423545861871345
global_top5_morgan_similarity_v1_8	Morgan similarity	d0ba9f9f7c16120c11d2b27069e9f2975301cda3192eb31cabc0612873e44fb7	E3 ubiquitin-protein ligase CBL-C	Q9ULV8	18	10	1	0.1703665689090955	0.13114824589410562	0.0	2.207912971673064
global_top5_morgan_similarity_v1_8	Morgan similarity	d9fc79386f5526c967b0d5b31bf5d0a5c90e715870f3b6c45418a179469d91cf	Receptor-interacting serine/threonine-protein kinase 2	O43353	22	13	1	0.20888763927607162	0.15384652541169228	0.8148148148148148	0.17609125905568135
global_top5_morgan_similarity_v1_8	Morgan similarity	da3b17f4cd227b0ca94d4dcdc252f3ec7e7969b638b367ebf09dd8d7577263ea	1-phosphatidylinositol 3-phosphate 5-kinase	Q9Y2I7	8	5	1	-0.2886751345948129	-0.22917462425705282	0.0	0.3979400086720375
global_top5_morgan_similarity_v1_8	Morgan similarity	dbb4583267ad40a7dfd854ee3c44ce4be38e137d0570e3eb76cf1854a74e7246	Epidermal growth factor receptor	P00533	5	4	2	0.5797509043642028	0.44721359549995787	0.0	1.3979400086720375
global_top5_morgan_similarity_v1_8	Morgan similarity	dee921327ae6711666ca4416838c17e82bdd59a32d85fa728e7ad91e65e86cda	Tyrosine-protein kinase JAK2 [808-1132]	O60674	5	4	2	0.7	0.6	5.0	0.0
global_top5_morgan_similarity_v1_8	Morgan similarity	defa1995fbabefcd7f4bf6dab888d02769c2ab647bb8d52c3e2e827bd3630cfe	Fibroblast growth factor receptor 4	P22455	5	5	1	-0.8660254037844386	-0.7745966692414834	0.0	0.7781512503836439
global_top5_morgan_similarity_v1_8	Morgan similarity	e3ee1debd824d0bf66e328728a7470ef914d7f59ae2eb518f89359d8a502d4c3	Protein enabled homolog	Q8N8S7	10	3	1	-0.4424242424242424	-0.3333333333333333	0.0	0.9274493328513884
global_top5_morgan_similarity_v1_8	Morgan similarity	e435edc925a4c41f7283d79a822161a4a90fcaab3a03458e2b1837c49445b88a	Tyrosine-protein kinase JAK2 [536-812]	O60674	25	18	4	-0.22774608749280495	-0.14815570653432422	0.0	3.106573329687435
global_top5_morgan_similarity_v1_8	Morgan similarity	e6a24c903c1ef211037c64a6835a8a484f48b17be1cae50d6998913f21acf7d4	Carbonic anhydrase 2	P00918	5	5	1	-0.13157894736842107	-0.2222222222222222	2.5	0.0
global_top5_morgan_similarity_v1_8	Morgan similarity	e884d430f3b5b239091233d48f91b78d095ad4471ce7b0da5b26142de2221b9b	Mixed lineage kinase domain-like protein	Q8NB16	37	31	2	0.20058395696971756	0.14493106479401502	0.7115384615384616	0.3680206578558005
global_top5_morgan_similarity_v1_8	Morgan similarity	eaa4d9125eb954d2e4c3512e1954714e862c62da4bc83ac938ec8da98b36de55	Non-receptor tyrosine-protein kinase TYK2 [575-869]	P29597	19	11	3	0.5509666080843586	0.39644970414201186	4.75	0.7958800173440714
global_top5_morgan_similarity_v1_8	Morgan similarity	edbd5d8a5deb16bfd31ff3029c7897b816b752cb26cd0dcf23d089dcdd841586	Replicase polyprotein 1ab	P0DTD1	20	14	4	0.5052631578947367	0.39999999999999997	5.0	0.17609125905568135
global_top5_morgan_similarity_v1_8	Morgan similarity	eec310a36523cb25d98cfd2dc2aceb2e7613ce5d0f9ef8174423cfdaca60426b	Transcriptional enhancer factor TEF-1 [209-426]	P28347	10	10	1	0.8650469542529646	0.7909115788387002	5.0	0.0
global_top5_morgan_similarity_v1_8	Morgan similarity	ef0ddbb0badae4eac53608fa57cf54c55cb837d4929048fa6a2339bb30ae8f03	Fibroblast growth factor receptor 1	P11362	20	16	3	-0.047169092724418105	-0.0386004629877584	0.0	0.952076447682817
global_top5_morgan_similarity_v1_8	Morgan similarity	f0b07556edef0452100ab166e3bf1b651c238ba0b7aca80d636b8bd45d47db6c	Tyrosine-protein kinase JAK1 [583-855]	P23458	17	14	3	-0.061275257671321956	-0.06094565076260074	4.25	0.0
global_top5_morgan_similarity_v1_8	Morgan similarity	f27fcd0d573a97b87476bb6787bfb3132e8594fa25210161422b16fdc56815cc	BAG family molecular chaperone regulator 3	O95817	6	6	1	0.46381682852195877	0.41403933560541256	0.0	0.005752328889091718
global_top5_morgan_similarity_v1_8	Morgan similarity	f3b618f7f525879ec1eb5098b27675243997eeea419eb453488cfefab098226f	Dual specificity protein kinase CLK1	P49759	5	5	1	-0.49999999999999994	-0.39999999999999997	0.0	1.454258371760158
global_top5_morgan_similarity_v1_8	Morgan similarity	f3dc4d33671931ee13dc20fdb332ac32302dc4385d5dfd464acf8f9f8a0add76	E3 ubiquitin-protein ligase CBL-B	Q13191	8	6	2	0.6190476190476191	0.42857142857142855	0.0	1.147817481888639
global_top5_morgan_similarity_v1_8	Morgan similarity	f44af7da75e9935ccc92591ff5a6f660510b7693aaed32b899f023b27988eb08	GTPase NRas [G12D]	P01111	50	24	2	-0.25959116378950176	-0.16085514704420334	0.0	2.529409612439294
global_top5_morgan_similarity_v1_8	Morgan similarity	f6dfd782829fb63a984eb13e892cf349463cb59146038caa7f915c05ffcbb9ba	Heat shock protein 90	P40292	24	21	2	0.22941573387056172	0.1914854215512676	1.3333333333333333	1.420695360676734
global_top5_morgan_similarity_v1_8	Morgan similarity	fb619a5b2a22bab98d1ec43db4cd85b129d53b99bbc0c2ca00a44fdd421828ab	Protein Mdm4	O15151	5	3	2	0.09999999999999999	0.0	0.0	3.9222861917794583
global_top5_morgan_similarity_v1_8	Morgan similarity	fc502b7363283bca3ea0e276ed1d65d0ae8d5064519a226a06f9c77059235b6f	Prolyl endopeptidase FAP	Q12884	14	3	1	0.22662279940048724	0.17679827843514556	3.5	0.445712790468038
global_top5_morgan_similarity_v1_8	Morgan similarity	fce6a9d7757a2029e8e81bee3fbc6d10aaf3667093bb265f1ae015c685279564	Proto-oncogene tyrosine-protein kinase Src [84-145]	P12931	25	18	1	0.11174753906691856	0.09304842103984708	0.7575757575757575	0.0
global_top5_morgan_similarity_v1_8	Morgan similarity	fe0f2938edfd18c2c9f2df082bac78d860a1460d38e102b538af545f1149c540	Non-receptor tyrosine-protein kinase TYK2 [888-1187]	P29597	24	15	3	-0.24258876689080133	-0.14874016392231237	0.0	1.2218487496163561
global_top5_morgan_similarity_v1_8	Morgan similarity	fe22d91e18cd544a85d7c768cd864172200252df906b774d890dc103224f7c8d	Cyclin-dependent kinase 2	P24941	25	4	1	-0.08640328026581899	-0.06452068572563133	0.0	2.8925519955520365
hgb_fusion_additive_pre2018_v1_8	Additive HGB	022c5e46aa4d58f82ea0b1dcb834398f4f1195826519611b0447b8b5e3536ef3	Ectonucleotide pyrophosphatase/phosphodiesterase family member 1	P22413	25	14	2	0.1525696973772063	0.12332311233895014	0.0	0.9999999999999982
hgb_fusion_additive_pre2018_v1_8	Additive HGB	024435b6a912aaecfa2992585f7d822f4f49a8a1338b3bc6a7b36bd8991acd0a	D-3-phosphoglycerate dehydrogenase	O43175	7	7	1	0.14285714285714288	0.14285714285714288	0.0	1.548010230104338
hgb_fusion_additive_pre2018_v1_8	Additive HGB	0451c5f5ef052711dec57df65d688e28c0027e49dc4be546d73beb880c6181ed	Proprotein convertase subtilisin/kexin type 9	Q8NBP7	27	19	2	0.31250963749286803	0.22063399538274472	0.0	0.5593080109070119
hgb_fusion_additive_pre2018_v1_8	Additive HGB	0656e40de4997b31658a487fdaf93307f65e072fc5beceda66d0ee0c6606ab93	Bromodomain-containing protein 4 [353-454]	O60885	44	30	4	0.24747743552610077	0.17876776975232223	0.9777777777777779	1.0
hgb_fusion_additive_pre2018_v1_8	Additive HGB	067f7c4a3936c5152653761ee0a1815aaa6783395287be36fc61163619542623	Epidermal growth factor receptor [L858R]	P00533	9	7	1	0.06722926454528143	0.0	0.0	1.1522883443830567
hgb_fusion_additive_pre2018_v1_8	Additive HGB	0964b8ab750f4f675886036ee344acb048e251156e11a6c965cc39525773b4e8	UDP-3-O-acyl-N-acetylglucosamine deacetylase	P0A725	5	4	1	0.6668859288553503	0.5270462766947299	5.0	0.0
hgb_fusion_additive_pre2018_v1_8	Additive HGB	0a1a909cf5ee3fcb36c17135913ce49913db6fb6392fe43faf9c92df9994a1b2	Protein cereblon	Q96SW2	25	13	3	0.631922323189652	0.4937707198786941	0.0	1.536242706838319
hgb_fusion_additive_pre2018_v1_8	Additive HGB	0caed4ff234c64efd5f01371efafe0b9c14cc59dbeaf60e2fa25f299f8104146	Folate receptor beta	P14207	15	14	1	0.04285714285714285	0.028571428571428574	0.0	0.7923916894982508
hgb_fusion_additive_pre2018_v1_8	Additive HGB	0eb48fb6c6aed997133e177cdb3bc677507f53b531633c28e8f7ad8d6959cfc3	Pyrrole-2-carboxylic acid decarboxylase	Q9I6N5	14	3	1	-0.14096950496243849	-0.10000617341112421	0.0	1.259637310505756
hgb_fusion_additive_pre2018_v1_8	Additive HGB	0f99982b545e61cc6fa4ca70be1e2f0f503d3e26f44fdb3067dd3c6905bb2788	Aurora kinase B	Q96GD4	6	5	3	0.44136741475237473	0.3580574370197165	6.0	0.0
hgb_fusion_additive_pre2018_v1_8	Additive HGB	13f7554d9b19f2ba75cc851600252cf99ccd746317c5b94db51a8c830a534c45	Ubiquitin carboxyl-terminal hydrolase 5	P45974	7	7	1	0.07207499701564472	0.09759000729485331	0.0	0.28082660957569416
hgb_fusion_additive_pre2018_v1_8	Additive HGB	14c12f3038e6dde2d28b78c0961e52dae3040876f6c8e2ce7208899bca679c80	Serine/threonine-protein kinase mTOR	P42345	5	5	2	0.09999999999999999	0.0	0.0	1.5326385825694935
hgb_fusion_additive_pre2018_v1_8	Additive HGB	1745754698cfda0da91a4ab57a3167699fd9968011b4a7887a53c1da2876fbe1	Signal transducer and activator of transcription 6	P42226	28	13	2	-0.17952928297755882	-0.13756613756613756	0.0	0.5649886799523793
hgb_fusion_additive_pre2018_v1_8	Additive HGB	1a1d669b0622fbe831f52ddb1be8e99ed35c39eea791b55b52db12a80811e274	Serine/threonine-protein kinase B-raf	P15056	8	3	2	0.23030726004361676	0.26419797463373906	0.0	2.113943352306837
hgb_fusion_additive_pre2018_v1_8	Additive HGB	1d5a9ab11f64cb886d8ffa08a153c412b2d190fcf70e5690cd4b4c7efcdee53a	GTPase KRas	P01116	29	13	4	0.7721784130113357	0.5891089108910891	3.2222222222222223	0.41453927049149897
hgb_fusion_additive_pre2018_v1_8	Additive HGB	1dd8076dcc1c7f8bf85982f9ef389f20d06611bdc4c6d38a12300f6d42550846	Tyrosine-protein kinase JAK2 [866-1054]	O60674	9	7	1	0.09128709291752768	0.07856742013183862	0.0	1.0
hgb_fusion_additive_pre2018_v1_8	Additive HGB	1e34f9f89f223ec78879ce06436449fdb4077140597c4fbb765250e74b5295f3	Heat shock protein HSP 90-beta	P08238	19	11	4	-0.028070175438596492	-0.05263157894736842	0.0	3.4393326938302615
hgb_fusion_additive_pre2018_v1_8	Additive HGB	2050e121c40716b1679af0b304ba648e1f3f6d4bf32ac563318974ec64d5167a	Tyrosine-protein kinase BTK	Q06187	7	7	1	-0.790569415042095	-0.6900655593423541	0.0	0.7367585652254185
hgb_fusion_additive_pre2018_v1_8	Additive HGB	21017319c2c8714bf0b97157e13f2184664d2d13b899b37276195af86ca0720a	Tyrosine-protein kinase JAK2	O60674	12	8	3	-0.014010529366766925	-0.07633810206905742	0.0	0.7720771026714495
hgb_fusion_additive_pre2018_v1_8	Additive HGB	227d4dedc333f19cd45555a7d21906eea61e2723b142143e11cbf038bcb59d6b	GTPase KRas [G12D]	P01116	19	8	3	-0.12038668971352053	-0.06508989689553324	0.0	2.845098040014256
hgb_fusion_additive_pre2018_v1_8	Additive HGB	262c7bcde1c365985448d0e69a77135df1680783066e7f72dfb907bead316982	Nuclear receptor ROR-gamma	P51449	8	4	1	0.14285714285714288	0.14285714285714285	0.0	2.335792101923193
hgb_fusion_additive_pre2018_v1_8	Additive HGB	2709b182438598d2b9f146586fb2c8549857ef08c97505fddab5a0a8782aaee7	Cyclin-dependent kinase 9	P50750	9	9	1	0.18257418583505536	0.15713484026367724	1.5	0.0
hgb_fusion_additive_pre2018_v1_8	Additive HGB	29416c9490a3c35fa69a9086f09fb7c75915d5d7467cb594e5b517e8fa9f344f	Ephrin type-A receptor 2	P29317	16	14	2	0.16273932253313694	0.1008403361344538	4.0	0.0
hgb_fusion_additive_pre2018_v1_8	Additive HGB	2adaa47ab70c0a798132d08bd90a7cf226b2cecf0909cd1b248b9349d25794c1	Tyrosine-protein kinase JAK2 [536-812,W659A,W777A,F794H]	O60674	14	8	1	-0.054945054945054944	-0.01098901098901099	3.5	1.3060219412214806
hgb_fusion_additive_pre2018_v1_8	Additive HGB	2bcd2372a42b0df85765503157e2692f62ac4928d456c0292b6bede3fb610d28	Non-receptor tyrosine-protein kinase TYK2 [556-871]	P29597	16	13	1	0.1960392117639214	0.1649915822768611	0.8	0.3979400086720375
hgb_fusion_additive_pre2018_v1_8	Additive HGB	2ca842f3e7a01314833c340d495dc171c89dca6271a7cf89edb90e6194b06fa3	Glycogen synthase kinase-3 beta	P49841	8	7	2	0.4047619047619048	0.2857142857142857	0.0	2.69069747837003
hgb_fusion_additive_pre2018_v1_8	Additive HGB	335308f096756a3df0215872048688705e4c202b3fb4ac426b1d7a2c0ae16340	E3 ubiquitin-protein ligase pellino homolog 1	Q96FA3	12	9	1	0.3187395430939476	0.1679438245519263	0.0	0.21620027044246326
hgb_fusion_additive_pre2018_v1_8	Additive HGB	3ec018eac89b55a4b8805aad2984a8a39dc4efa5a410abc4d3835c233cb1395a	Myc proto-oncogene protein	P01106	12	7	1	0.2907184843604137	0.19847906537954926	0.0	0.9960338127823984
hgb_fusion_additive_pre2018_v1_8	Additive HGB	3f6b27ef15f1a0769f6d67bc2e74c379d3b7bd9e36093cb9bb74486a4a241890	Non-receptor tyrosine-protein kinase TYK2	P29597	28	18	3	-0.41195095101573265	-0.28955994412264635	0.0	5.096910013008056
hgb_fusion_additive_pre2018_v1_8	Additive HGB	3fa18eb54ec40d14ffe757d4ea5610d82f444e748a118bb4bb5410eecc967a9c	Receptor-interacting serine/threonine-protein kinase 3	Q9Y572	11	9	2	0.4000000000000001	0.3411211461689767	3.0250000000000004	1.0142404391146105
hgb_fusion_additive_pre2018_v1_8	Additive HGB	400ef529d5c6a3841e239c796b59a0ac70f5d15999943515367a963d27a80d30	Protein cereblon [318-426]	Q96SW2	25	21	1			1.0	0.0
hgb_fusion_additive_pre2018_v1_8	Additive HGB	44d46497ea712d353a5fb8334570bc6b6cbbbe787241db9a29611e546765c4d0	Heat shock protein 90 homolog		26	19	2	-0.2879384468230279	-0.18604852406198255	0.0	3.812913356642854
hgb_fusion_additive_pre2018_v1_8	Additive HGB	4afd43a2f1fdcfaab09ba8c43a997c6bd6ed010fd20bbc6e15d791a28129e8e2	Complement factor B [470-764]	P00751	7	6	1	0.6785714285714287	0.5238095238095238	0.0	0.6560418037942082
hgb_fusion_additive_pre2018_v1_8	Additive HGB	4b3334bba830c2f7d886e2ec16e1d2a9270108ea40b962522c22590594be467c	Acetyl-coenzyme A synthetase, cytoplasmic	Q9NR19	10	10	1	0.2606060606060606	0.15555555555555553	10.0	0.0
hgb_fusion_additive_pre2018_v1_8	Additive HGB	4b73868ce025017dbd7dc7c6e3d898657ae4faf8dd559c654aec1cb4c86901db	Mitogen-activated protein kinase kinase kinase 13	O43283	12	12	1	-0.3636363636363637	-0.1818181818181818	0.0	1.909338936268945
hgb_fusion_additive_pre2018_v1_8	Additive HGB	4b992438444e5580e88eec14328d65dc56021c00706daab77dfc20892b6dcdb6	PA-I galactophilic lectin	Q05097	25	17	1	0.17118676985255482	0.1435728211082482	5.555555555555555	0.25527250510330646
hgb_fusion_additive_pre2018_v1_8	Additive HGB	4c0cef143858b123b57fe94ba580d433ebbad7bbfb5265d8ae729c1e43be5e46	Galectin-1	P09382	22	11	5	0.34161490683229817	0.1948051948051948	0.0	2.414973347970818
hgb_fusion_additive_pre2018_v1_8	Additive HGB	4c7b302c97ebbbf6f2c1647b7e2c33a0df922e898bb99d4b949a7204ba26ab70	E3 ubiquitin-protein ligase TRIM21	P19474	25	16	1	0.43632187731854627	0.32167211472115476	3.3333333333333335	0.0
hgb_fusion_additive_pre2018_v1_8	Additive HGB	4dde01fda8f2a6440d900157adfd87d76e4a001b1c3c56198a637348fe90867b	Stimulator of interferon genes protein [149-345,R232H]	Q86WV6	13	4	1	-0.07692307692307691	-0.05128205128205127	0.0	0.5182933128469482
hgb_fusion_additive_pre2018_v1_8	Additive HGB	4ffc1b515d70e97e7a9e0436e6857e4c07bb4e3a0922ad8f22f541398aa5e5a6	GTPase KRas [G12C]	P01116	14	6	2	0.3712727581355898	0.2809166093596842	0.0	0.30102999566398125
hgb_fusion_additive_pre2018_v1_8	Additive HGB	50bd91bb24b0aa5b7cf6ff8e83dc526c6a56ca6bbcc8ab48acfbfac4cb8961cf	Protein delta homolog 1	P80370	13	8	1	0.6263736263736264	0.4871794871794871	3.25	1.893105766085342
hgb_fusion_additive_pre2018_v1_8	Additive HGB	54431f8a0aa2a42c7810354ab78e06561f7d2d8744a94e1c2a31525fab8aa2f3	Myeloid differentiation primary response protein MyD88	Q99836	6	5	3	0.2571428571428572	0.2	0.0	0.28523572848074963
hgb_fusion_additive_pre2018_v1_8	Additive HGB	549dc2f31d2981e3cd99a62ea027bf7d8a5cd3b7232c910e4a3fbec108f88c17	Kelch-like ECH-associated protein 1	Q14145	11	3	1	-0.22727272727272727	-0.2	2.75	2.592797634907921
hgb_fusion_additive_pre2018_v1_8	Additive HGB	568d600386ab5ce56921f3ffd2bb61cd3858ebd51062c6861216dc086abbcd5e	LanC-like protein 2	Q9NS86	25	25	1	0.18657434467076198	0.1168615985764811	0.0	1.7696114769921598
hgb_fusion_additive_pre2018_v1_8	Additive HGB	57cd6f50c8934d3a5ad4c6bf69031d54b6210fb02fb34078cccfc6614520e018	Protein polybromo-1 [200-270]	Q86U86	14	10	1	0.5032967032967033	0.3186813186813187	0.0	1.12963385781668
hgb_fusion_additive_pre2018_v1_8	Additive HGB	5862305c8302b2d7dd9de31f34102a1220d9099d9f6f7b961610ed4337934880	Carbonic anhydrase 1	P00915	14	11	1	-0.6641929925690991	-0.5011760110325881	0.0	4.400116927926312
hgb_fusion_additive_pre2018_v1_8	Additive HGB	5f53bbc1e37943c0480e2cea1af72db621d5d854f1ed38469d2fccdaaca2479e	Serine/threonine-protein kinase PknB	P9WI81	14	5	1	0.2043956043956044	0.07692307692307693	0.0	1.4461420897215334
hgb_fusion_additive_pre2018_v1_8	Additive HGB	6290ac0913cc53eba61e3fffaacd220601b70ddd3b2ad032f0d3b83310ae3c4b	S-sulfocysteine synthase	Q79FV4	7	3	1	0.10714285714285716	-0.04761904761904762	0.0	0.8354139033496439
hgb_fusion_additive_pre2018_v1_8	Additive HGB	632908f5de50fb6f1a7024c9374f1584595fb92b7f80c35435714f5aa56e3a44	GTPase KRas [G12V]	P01116	61	36	4	0.010259800357874323	0.008207934643730916	0.0	1.4452663959638716
hgb_fusion_additive_pre2018_v1_8	Additive HGB	65cf04333924500423ef23e4ea83a72b8028ea91a81d9572ebd7d403340e1195	Phospholipid hydroperoxide glutathione peroxidase	P36969	28	19	2	0.19704433497536944	0.15873015873015872	3.111111111111111	3.3664229572259714
hgb_fusion_additive_pre2018_v1_8	Additive HGB	65cfc2c0cf82af83e1e122bea9f09a3fb6ba8fa60f7bd6f942cd3be3d0be8daf	Type 1 fimbrin D-mannose specific adhesin	P08191	20	7	1	-0.1969924812030075	-0.11578947368421053	0.0	2.6536718416678733
hgb_fusion_additive_pre2018_v1_8	Additive HGB	683c3ad865014d7a8dcfb86834de0ddb0c072ffda44aa063d6a8d3e0dee9868e	Methylcytosine dioxygenase TET2	Q6N021	25	11	1	-0.0452091413281355	-0.05147986672909351	0.0	1.1760912590556813
hgb_fusion_additive_pre2018_v1_8	Additive HGB	68d60cea30219da8cef67dbcc1b81dcdebc8456663f7f54b6fb8cc6666a7b416	Dimer of Receptor-type tyrosine-protein kinase FLT3|Receptor-type tyrosine-protein kinase FLT3	P36888	10	10	3	0.309090909090909	0.28888888888888886	0.0	0.1249387366082999
hgb_fusion_additive_pre2018_v1_8	Additive HGB	6a664650df1dd5b3134dc88db726e96e3be3c27fdbf274c80e3b9923ed7cd32e	ATPase family AAA domain-containing protein 2B	Q9ULI0	20	3	2	0.19449706644217224	0.16927779169233606	0.0	1.899273187317604
hgb_fusion_additive_pre2018_v1_8	Additive HGB	6de0ad904d58312d0265ee7a480d38e55c5d8deab26c2a3bf2bd8483daf0fa77	Receptor-type tyrosine-protein kinase FLT3 [F691L]	P36888	6	6	1	0.4285714285714286	0.3333333333333333	0.0	0.5254259342942191
hgb_fusion_additive_pre2018_v1_8	Additive HGB	6ebcd9d1f5201ce756f83bdc960921125f57a30d267f8b2993f4652f9c93a620	Peptidyl-prolyl cis-trans isomerase FKBP4	Q02790	11	6	3	0.09611009145520288	0.2056164565004162	0.0	1.1613680022349744
hgb_fusion_additive_pre2018_v1_8	Additive HGB	7192d652f813d4d86f957b1edb7729c8adb429515fb591d7f4c6937a9d54dec2	Aurora kinase A	O14965	9	8	3	0.3613572969308877	0.22866478019001177	9.0	0.0
hgb_fusion_additive_pre2018_v1_8	Additive HGB	71c75d29add3938542716c997db4ce5b657f2759a4642773975ae9b7d12ea876	Sortilin	Q99523	25	9	1	0.08851260506364063	0.050251326778170624	2.7777777777777777	0.9383820438744541
hgb_fusion_additive_pre2018_v1_8	Additive HGB	75c34e924155e3529903bd10daf1da3d8929c12d17075ff191d84ec07703843f	Glutamate carboxypeptidase 2	Q04609	35	29	2	-0.11485398165290144	-0.07064762801416988	0.0	3.2576785748691837
hgb_fusion_additive_pre2018_v1_8	Additive HGB	77ed25650e717b3f610e42ef8e5c1c88d50e7485725032f8535448a0ca8b61b1	E3 ubiquitin-protein ligase Mdm2	Q00987	6	4	3	0.8285714285714287	0.7333333333333333	6.0	0.0
hgb_fusion_additive_pre2018_v1_8	Additive HGB	7b8d960f96e40af6d8b8eef938d9dccaeebc526e0bdbafcbff4b6711fae64da6	Hypoxia-inducible factor 1-alpha [228-298]	Q16665	24	11	1	-0.04653185585103506	-0.039927470475234525	0.0	0.30102999566398125
hgb_fusion_additive_pre2018_v1_8	Additive HGB	7c1523d7d6bd86df82bb78f6bc72691ee4cfa9ad4bb95aabc4dc3e64d1bf831b	Phosphatidylinositol 5-phosphate 4-kinase type-2 gamma	Q8TBX8	44	30	2	-0.19293311949881714	-0.12188852869620025	0.0	3.1391791757229104
hgb_fusion_additive_pre2018_v1_8	Additive HGB	7c2c9a4005a08f9f8ed2ce2e3b7d9432dd39547abafef80ffab6adbb89753b2c	Peptidyl-prolyl cis-trans isomerase FKBP1A	P62942	12	5	2	0.46892317598651934	0.33875374294707905	0.0	0.9030899869919455
hgb_fusion_additive_pre2018_v1_8	Additive HGB	7eb7771a02b7d5021121f3f907256dc93327c839169733378362d291cb76e0ce	Bromodomain-containing protein 4 [58-164]	O60885	84	47	6	0.01885670528390549	0.012614040871949004	0.0	2.8372727025023003
hgb_fusion_additive_pre2018_v1_8	Additive HGB	7fc86ef9a59a068c6d4fc0bc0a79788fefa84907e386c561c7567bde52160b17	Tyrosine-protein kinase JAK2 [Y1007F,Y1008F]	O60674	50	28	2	0.059853782846502036	0.04365508043356646	1.1111111111111112	0.0
hgb_fusion_additive_pre2018_v1_8	Additive HGB	7ff04ddccf949e11263e780f4fb3492ae973c50c851a4df836fb5d6e323a318a	Bcl-2-like protein 1	Q07817	25	18	1	0.35650500201853763	0.28295822920905506	1.8518518518518516	1.0
hgb_fusion_additive_pre2018_v1_8	Additive HGB	80be356aef4f71329822694d1d7129d6dd6bdaaee64fe2d62b1d68fc82d1ccdb	DNA damage-binding protein 1	Q16531	25	12	1			1.0	0.0
hgb_fusion_additive_pre2018_v1_8	Additive HGB	815d17ae9639c4fa2db3f5b2238aff14950018c5d327f632fdda64dc07948f59	Selenoprotein H	Q8IZQ5	7	5	1	0.1785714285714286	0.14285714285714288	0.0	0.9044013955834895
hgb_fusion_additive_pre2018_v1_8	Additive HGB	8400030088daa962283125365238a8cd19878b292ef12408c6457e69231e769f	Retinol-binding protein 4	P02753	5	3	1			1.0	0.0
hgb_fusion_additive_pre2018_v1_8	Additive HGB	8b580bb0bb1537e3becb4733f6f91562b790fe669fbfa64f004744df8641cf14	Nucleoprotein	P15682	5	5	2	0.05129891760425771	-0.10540925533894596	5.0	0.0
hgb_fusion_additive_pre2018_v1_8	Additive HGB	8bc8432fcc649b965ed9bfaef63c595d023537a985c3b242768bac1f1bf32fb1	Non-receptor tyrosine-protein kinase TYK2 [556-888]	P29597	107	44	6	0.01976045699939511	0.011341777153784927	1.1790633608815426	0.2596373105057559
hgb_fusion_additive_pre2018_v1_8	Additive HGB	8c9af87b44d8f7616b04934bbac932411a6e0eb650682054d92aafd77c2ab1a4	NACHT, LRR and PYD domains-containing protein 3	Q8R4B8	7	5	1	0.1785714285714286	0.23809523809523814	0.0	2.0969100130080562
hgb_fusion_additive_pre2018_v1_8	Additive HGB	8d1fc91f90056f7fc4e638d2dbf7cd73c12e30e4e9cb97c76cac1d5b308643ed	Stimulator of interferon genes protein	Q86WV6	14	6	2	0.42857142857142855	0.2967032967032967	0.0	3.368781779930824
hgb_fusion_additive_pre2018_v1_8	Additive HGB	8d5931178af016b7914566577f5b490174948917324c7a6db74dca9e3dcaf94c	Mas-related G-protein coupled receptor member X2	Q96LB1	26	12	2	0.039999999999999994	0.015384615384615385	0.0	1.465156195847153
hgb_fusion_additive_pre2018_v1_8	Additive HGB	8e730faac3c6b87a7879f190ab3c77de56fd10330176561ba7ae08dbfa1144f0	Galactosylgalactosylxylosylprotein 3-beta-glucuronosyltransferase 3	O94766	5	5	1	0.19999999999999998	0.19999999999999998	0.0	0.29245880350116593
hgb_fusion_additive_pre2018_v1_8	Additive HGB	965a796bdc7b10fc12f86d5221123e411b8363e16b2279ca1261cb92230b8867	Polymerase basic protein 2	P03428	7	3	2	0.23424374030084535	0.19518001458970663	0.0	1.6842467475153118
hgb_fusion_additive_pre2018_v1_8	Additive HGB	9796e4a195066b95cb46d4fbb869f06afddbe3672b9e1f789fa4e3e5c9560e0c	Galectin-3	P17931	22	16	6	0.4569330879752463	0.303688350065893	2.4444444444444446	0.5228787452803356
hgb_fusion_additive_pre2018_v1_8	Additive HGB	9a06387610edd099466d614941c42a433f444feb6a8f25375bb0b6ad8ec9c6f4	Alpha-synuclein	P37840	21	21	2	0.49298106872363784	0.36194583115294365	4.666666666666667	0.0
hgb_fusion_additive_pre2018_v1_8	Additive HGB	9a7fa3c16640c215ee56fb067330853d5928b50181834259d9e00abb24e9b751	Histone deacetylase 6	Q9UBN7	18	6	1	-0.15161249626784826	-0.12756275329753713	0.0	0.3484546455921196
hgb_fusion_additive_pre2018_v1_8	Additive HGB	9c4089da85ef3c06dde2c14def7afc4a2e1452947ca9abf34025f90a101db770	Fibroblast growth factor receptor 3	P22607	9	7	2	-0.7341916869286115	-0.6172133998483676	0.0	2.1249387366083
hgb_fusion_additive_pre2018_v1_8	Additive HGB	9c9c4db1c101c92124e1636ae0bcadc314c113c4949c05c9e3dfd370764d8bce	Histone-lysine N-methyltransferase 2A	Q03164	5	5	1	-0.09999999999999999	0.0	0.0	0.7781512503836439
hgb_fusion_additive_pre2018_v1_8	Additive HGB	a0d8504fc2ce28870415fc343e3f9d05f8ab9b574fa9e28f0f89d5b6cbc2a563	PC4 and SFRS1-interacting protein	O75475	11	9	1	-0.009090909090909092	0.018181818181818184	2.75	0.6185636672590871
hgb_fusion_additive_pre2018_v1_8	Additive HGB	af987650896002d008d596b93aa829ede1afa3e3b9ed769b9a8f70afd7be25d0	Peptidyl-prolyl cis-trans isomerase FKBP5	Q13451	9	5	2	-0.008438893686297131	0.0	0.0	1.2552725051033065
hgb_fusion_additive_pre2018_v1_8	Additive HGB	b04020d6a298b87e7e20c83b346f59825468dc2001355b699e4b91d67d9bea6c	Heat shock protein HSP 90-alpha	P07900	12	6	2	-0.6503496503496504	-0.4545454545454545	0.0	1.6923934916379046
hgb_fusion_additive_pre2018_v1_8	Additive HGB	b13035f135fd81cf7050efeebd189db3b535ce19e7efee51566f4e9e2931d717	Ricin	P02879	18	9	1	-0.25296854171350547	-0.209837193430569	0.0	0.5149098156090623
hgb_fusion_additive_pre2018_v1_8	Additive HGB	b16f52f0d04b72927ee4e0cbe247b9d446ac4466ec87c4bf055470e04b94b895	Elongin-C	Q15369	41	14	5	0.35344339718959344	0.23335408764497093	3.28	0.0
hgb_fusion_additive_pre2018_v1_8	Additive HGB	b1b17c7fca3cbab15bc66b90bd4c07f73617cb5a03db105b0a38084fe7bca48b	Programmed cell death 1 ligand 1	Q9NZQ7	35	12	3	-0.3737834972499833	-0.28757795540022335	0.0	3.4902773125420534
hgb_fusion_additive_pre2018_v1_8	Additive HGB	bacc1183551b7365dbe3b112a2a403f145940e3c5d05518dd80572c7c42f7c89	Shiga-like toxin 2 subunit A	P09385	7	4	1	0.21428571428571433	0.14285714285714288	0.0	0.07514960251280156
hgb_fusion_additive_pre2018_v1_8	Additive HGB	bb8d4ddedb5cd0daf2e688e644633a2c5376e718cb62935cb3380dcf38173bf8	Replicase polyprotein 1a	P0DTC1	25	18	2	0.36412635885791605	0.23785894961134685	0.0	2.1627272974976997
hgb_fusion_additive_pre2018_v1_8	Additive HGB	bc397cc8eb78693a226a23c89a09eb3c0054deef0ef8c9cae74b11a491fad1df	Endothelial PAS domain-containing protein 1	Q99814	10	5	1	-0.07294866524160776	-0.08989331499509894	10.0	0.0
hgb_fusion_additive_pre2018_v1_8	Additive HGB	bcb49e7e1db8d95c084172bca13d3b727991096f26dafdcb0033251b4542027a	Fibroblast growth factor receptor 3 [V555M]	P22607	45	26	3	-0.3856432035285858	-0.2796257118307516	0.0	1.4948500216800937
hgb_fusion_additive_pre2018_v1_8	Additive HGB	beaa825e538b5313d28a569c239d221a99cd820cd630fb9da229ad507b1af1d5	Stimulator of interferon genes protein [149-345]	Q86WV6	12	4	1	-0.09090909090909093	-0.0303030303030303	0.0	2.9986407047372747
hgb_fusion_additive_pre2018_v1_8	Additive HGB	bf4a1384a527c5eaf74b093f1d2cbcc91c5061b76cc4ef041263f1d101bae296	Galectin-8	O00214	14	8	3	-0.04175824175824176	0.01098901098901099	0.0	1.5033566055778627
hgb_fusion_additive_pre2018_v1_8	Additive HGB	c03733fc6f7569b39bc39c3dc02c986311ac0268b2298e8693221c722cff6861	Son of sevenless homolog 1	Q07889	26	16	2	0.144322853857391	0.08333373025228963	0.0	0.6368220975871743
hgb_fusion_additive_pre2018_v1_8	Additive HGB	c2826a2895a762da0611b28241dd11a097c76ea96df17bf036756f03b3b31fe4	Replicase polyprotein 1a [1564-1878]	P0C6U8	25	20	2	0.3030769230769231	0.2133333333333333	0.0	2.4196780058337923
hgb_fusion_additive_pre2018_v1_8	Additive HGB	c497f29417b886ff019812f69b1ed95fa872225c9180283496bec6d9ca65f664	Cannabinoid receptor 2	P34972	14	12	1	-0.2156216926334733	-0.13259870882635919	3.5	1.221848749616357
hgb_fusion_additive_pre2018_v1_8	Additive HGB	c81b4e9e806e0ace9f779e65477e6c988dea6cad5eecfbcb35f2364c5fc884dd	Fibroblast growth factor receptor 2	P21802	12	10	3	0.2868286431058876	0.24455799402225922	0.0	0.6575773191777934
hgb_fusion_additive_pre2018_v1_8	Additive HGB	ca8783b8053e1373c8358af24d59933449f4a63bbae1a5f44f9b3c81490c6c7f	Dual specificity tyrosine-phosphorylation-regulated kinase 1A	Q13627	5	5	1	0.19999999999999998	0.19999999999999998	0.0	0.7337321105952306
hgb_fusion_additive_pre2018_v1_8	Additive HGB	cefe1c176699342ae77190e27db430f96ea13906d014bad93f17570052d770a2	Stimulator of interferon genes protein [1-379,R71H,G230A,H232R,R293Q]	Q86WV6	24	9	2	0.22966509349670008	0.1745466085764337	2.6666666666666665	3.123851640967086
hgb_fusion_additive_pre2018_v1_8	Additive HGB	d03e72dda9823b817d1f46412f3cdb7330d7847621dbbb03201048178cc4e630	Biotin--[biotin carboxyl-carrier protein] ligase		12	10	1	0.5604211746706771	0.38169051034528706	0.0	0.9330532103693869
hgb_fusion_additive_pre2018_v1_8	Additive HGB	d07722a95e38b3a5df0e01311cb4f97ec309d88e7d9f1eaba11f45263557c1e9	Targeting protein for Xklp2	Q9ULW0	11	7	1	0.9181818181818183	0.7818181818181819	2.75	0.5440680443502748
hgb_fusion_additive_pre2018_v1_8	Additive HGB	d0ba9f9f7c16120c11d2b27069e9f2975301cda3192eb31cabc0612873e44fb7	E3 ubiquitin-protein ligase CBL-C	Q9ULV8	18	10	1	0.15074860036804813	0.07868894753646338	0.0	0.8321707738553492
hgb_fusion_additive_pre2018_v1_8	Additive HGB	d9fc79386f5526c967b0d5b31bf5d0a5c90e715870f3b6c45418a179469d91cf	Receptor-interacting serine/threonine-protein kinase 2	O43353	22	13	1	-0.18397962808868099	-0.13626406536464172	0.0	0.5698753079565613
hgb_fusion_additive_pre2018_v1_8	Additive HGB	da3b17f4cd227b0ca94d4dcdc252f3ec7e7969b638b367ebf09dd8d7577263ea	1-phosphatidylinositol 3-phosphate 5-kinase	Q9Y2I7	8	5	1	0.2886751345948129	0.22917462425705282	0.0	0.19897000433601875
hgb_fusion_additive_pre2018_v1_8	Additive HGB	dbb4583267ad40a7dfd854ee3c44ce4be38e137d0570e3eb76cf1854a74e7246	Epidermal growth factor receptor	P00533	5	4	2	0.10540925533894598	0.0	5.0	0.0
hgb_fusion_additive_pre2018_v1_8	Additive HGB	dee921327ae6711666ca4416838c17e82bdd59a32d85fa728e7ad91e65e86cda	Tyrosine-protein kinase JAK2 [808-1132]	O60674	5	4	2	-0.19999999999999998	-0.19999999999999998	0.0	1.2153178824573985
hgb_fusion_additive_pre2018_v1_8	Additive HGB	defa1995fbabefcd7f4bf6dab888d02769c2ab647bb8d52c3e2e827bd3630cfe	Fibroblast growth factor receptor 4	P22455	5	5	1	-0.5773502691896257	-0.5163977794943223	0.0	0.7781512503836439
hgb_fusion_additive_pre2018_v1_8	Additive HGB	e3ee1debd824d0bf66e328728a7470ef914d7f59ae2eb518f89359d8a502d4c3	Protein enabled homolog	Q8N8S7	10	3	1	-0.13939393939393938	-0.1111111111111111	0.0	0.16481024864599192
hgb_fusion_additive_pre2018_v1_8	Additive HGB	e435edc925a4c41f7283d79a822161a4a90fcaab3a03458e2b1837c49445b88a	Tyrosine-protein kinase JAK2 [536-812]	O60674	25	18	4	0.17418144085744136	0.10101525445522107	0.0	2.560554193919611
hgb_fusion_additive_pre2018_v1_8	Additive HGB	e6a24c903c1ef211037c64a6835a8a484f48b17be1cae50d6998913f21acf7d4	Carbonic anhydrase 2	P00918	5	5	1	0.6668859288553503	0.5270462766947299	0.0	2.300117893079782
hgb_fusion_additive_pre2018_v1_8	Additive HGB	e884d430f3b5b239091233d48f91b78d095ad4471ce7b0da5b26142de2221b9b	Mixed lineage kinase domain-like protein	Q8NB16	37	31	2	0.3631585712491134	0.2415517746566917	0.0	0.3680206578558005
hgb_fusion_additive_pre2018_v1_8	Additive HGB	eaa4d9125eb954d2e4c3512e1954714e862c62da4bc83ac938ec8da98b36de55	Non-receptor tyrosine-protein kinase TYK2 [575-869]	P29597	19	11	3	0.08077263868104126	0.04117718300240852	0.0	0.7958800173440714
hgb_fusion_additive_pre2018_v1_8	Additive HGB	edbd5d8a5deb16bfd31ff3029c7897b816b752cb26cd0dcf23d089dcdd841586	Replicase polyprotein 1ab	P0DTD1	20	14	4	0.11578947368421053	0.06315789473684211	0.0	0.4972965982895463
hgb_fusion_additive_pre2018_v1_8	Additive HGB	eec310a36523cb25d98cfd2dc2aceb2e7613ce5d0f9ef8174423cfdaca60426b	Transcriptional enhancer factor TEF-1 [209-426]	P28347	10	10	1	-0.6565379871744698	-0.40451991747794525	0.0	0.7736036226329226
hgb_fusion_additive_pre2018_v1_8	Additive HGB	ef0ddbb0badae4eac53608fa57cf54c55cb837d4929048fa6a2339bb30ae8f03	Fibroblast growth factor receptor 1	P11362	20	16	3	-0.14069356419255757	-0.09899678265684463	0.0	0.1739251972991731
hgb_fusion_additive_pre2018_v1_8	Additive HGB	f0b07556edef0452100ab166e3bf1b651c238ba0b7aca80d636b8bd45d47db6c	Tyrosine-protein kinase JAK1 [583-855]	P23458	17	14	3	-0.11342441313627682	-0.07835869383762951	0.0	5.439332693830265
hgb_fusion_additive_pre2018_v1_8	Additive HGB	f27fcd0d573a97b87476bb6787bfb3132e8594fa25210161422b16fdc56815cc	BAG family molecular chaperone regulator 3	O95817	6	6	1	0.7714285714285715	0.6	6.0	0.0
hgb_fusion_additive_pre2018_v1_8	Additive HGB	f3b618f7f525879ec1eb5098b27675243997eeea419eb453488cfefab098226f	Dual specificity protein kinase CLK1	P49759	5	5	1	0.09999999999999999	0.0	0.0	0.8154755734074559
hgb_fusion_additive_pre2018_v1_8	Additive HGB	f3dc4d33671931ee13dc20fdb332ac32302dc4385d5dfd464acf8f9f8a0add76	E3 ubiquitin-protein ligase CBL-B	Q13191	8	6	2	0.4285714285714286	0.3571428571428571	0.0	2.022878745280339
hgb_fusion_additive_pre2018_v1_8	Additive HGB	f44af7da75e9935ccc92591ff5a6f660510b7693aaed32b899f023b27988eb08	GTPase NRas [G12D]	P01111	50	24	2	0.4128310404801093	0.26296449721851356	0.0	1.6118198286171177
hgb_fusion_additive_pre2018_v1_8	Additive HGB	f6dfd782829fb63a984eb13e892cf349463cb59146038caa7f915c05ffcbb9ba	Heat shock protein 90	P40292	24	21	2	-0.03305785123966942	-0.050909090909090904	2.6666666666666665	2.3299936915992987
hgb_fusion_additive_pre2018_v1_8	Additive HGB	fb619a5b2a22bab98d1ec43db4cd85b129d53b99bbc0c2ca00a44fdd421828ab	Protein Mdm4	O15151	5	3	2	0.49999999999999994	0.19999999999999998	0.0	0.40176087981897446
hgb_fusion_additive_pre2018_v1_8	Additive HGB	fc502b7363283bca3ea0e276ed1d65d0ae8d5064519a226a06f9c77059235b6f	Prolyl endopeptidase FAP	Q12884	14	3	1	-0.12101217443715337	-0.11049892402196598	3.5	0.0
hgb_fusion_additive_pre2018_v1_8	Additive HGB	fce6a9d7757a2029e8e81bee3fbc6d10aaf3667093bb265f1ae015c685279564	Proto-oncogene tyrosine-protein kinase Src [84-145]	P12931	25	18	1	-0.06704852344015114	-0.05582905262390825	0.7575757575757575	1.0
hgb_fusion_additive_pre2018_v1_8	Additive HGB	fe0f2938edfd18c2c9f2df082bac78d860a1460d38e102b538af545f1149c540	Non-receptor tyrosine-protein kinase TYK2 [888-1187]	P29597	24	15	3	0.04006456948650258	0.026696952498876582	0.0	5.045757490560675
hgb_fusion_additive_pre2018_v1_8	Additive HGB	fe22d91e18cd544a85d7c768cd864172200252df906b774d890dc103224f7c8d	Cyclin-dependent kinase 2	P24941	25	4	1	-0.0692574118214152	-0.053512004967252086	0.0	3.6137983945992076
ligand_mpnn_frozen_esm2_v1_8	Ligand MPNN + ESM-2	022c5e46aa4d58f82ea0b1dcb834398f4f1195826519611b0447b8b5e3536ef3	Ectonucleotide pyrophosphatase/phosphodiesterase family member 1	P22413	25	14	2	-0.04789529740449008	-0.02740513607532226	2.7777777777777777	1.1023729087095564
ligand_mpnn_frozen_esm2_v1_8	Ligand MPNN + ESM-2	024435b6a912aaecfa2992585f7d822f4f49a8a1338b3bc6a7b36bd8991acd0a	D-3-phosphoglycerate dehydrogenase	O43175	7	7	1	-0.8571428571428573	-0.7142857142857143	0.0	1.548010230104338
ligand_mpnn_frozen_esm2_v1_8	Ligand MPNN + ESM-2	0451c5f5ef052711dec57df65d688e28c0027e49dc4be546d73beb880c6181ed	Proprotein convertase subtilisin/kexin type 9	Q8NBP7	27	19	2	0.4096533957751085	0.28940303290463915	3.0	0.0
ligand_mpnn_frozen_esm2_v1_8	Ligand MPNN + ESM-2	0656e40de4997b31658a487fdaf93307f65e072fc5beceda66d0ee0c6606ab93	Bromodomain-containing protein 4 [353-454]	O60885	44	30	4	0.26061280364325146	0.19200982677101278	1.9555555555555557	0.0
ligand_mpnn_frozen_esm2_v1_8	Ligand MPNN + ESM-2	067f7c4a3936c5152653761ee0a1815aaa6783395287be36fc61163619542623	Epidermal growth factor receptor [L858R]	P00533	9	7	1	0.3865682711353683	0.22866478019001177	0.0	1.1522883443830567
ligand_mpnn_frozen_esm2_v1_8	Ligand MPNN + ESM-2	0964b8ab750f4f675886036ee344acb048e251156e11a6c965cc39525773b4e8	UDP-3-O-acyl-N-acetylglucosamine deacetylase	P0A725	5	4	1	-0.05129891760425771	-0.10540925533894596	0.0	0.3129292189636885
ligand_mpnn_frozen_esm2_v1_8	Ligand MPNN + ESM-2	0a1a909cf5ee3fcb36c17135913ce49913db6fb6392fe43faf9c92df9994a1b2	Protein cereblon	Q96SW2	25	13	3	0.5887174103581552	0.4551948823881711	0.0	1.536242706838319
ligand_mpnn_frozen_esm2_v1_8	Ligand MPNN + ESM-2	0caed4ff234c64efd5f01371efafe0b9c14cc59dbeaf60e2fa25f299f8104146	Folate receptor beta	P14207	15	14	1	0.4678571428571427	0.33333333333333337	7.5	0.07918124604762333
ligand_mpnn_frozen_esm2_v1_8	Ligand MPNN + ESM-2	0eb48fb6c6aed997133e177cdb3bc677507f53b531633c28e8f7ad8d6959cfc3	Pyrrole-2-carboxylic acid decarboxylase	Q9I6N5	14	3	1	0.4889879703384585	0.3444657084160945	0.0	1.5026753591920503
ligand_mpnn_frozen_esm2_v1_8	Ligand MPNN + ESM-2	0f99982b545e61cc6fa4ca70be1e2f0f503d3e26f44fdb3067dd3c6905bb2788	Aurora kinase B	Q96GD4	6	5	3	0.44136741475237473	0.3580574370197165	6.0	0.0
ligand_mpnn_frozen_esm2_v1_8	Ligand MPNN + ESM-2	13f7554d9b19f2ba75cc851600252cf99ccd746317c5b94db51a8c830a534c45	Ubiquitin carboxyl-terminal hydrolase 5	P45974	7	7	1	-0.12613124477737825	-0.19518001458970663	0.0	0.3010299956639817
ligand_mpnn_frozen_esm2_v1_8	Ligand MPNN + ESM-2	14c12f3038e6dde2d28b78c0961e52dae3040876f6c8e2ce7208899bca679c80	Serine/threonine-protein kinase mTOR	P42345	5	5	2	0.7999999999999999	0.6	0.0	0.795880017344075
ligand_mpnn_frozen_esm2_v1_8	Ligand MPNN + ESM-2	1745754698cfda0da91a4ab57a3167699fd9968011b4a7887a53c1da2876fbe1	Signal transducer and activator of transcription 6	P42226	28	13	2	-0.11548987411056376	-0.052910052910052914	0.0	2.680417930054322
ligand_mpnn_frozen_esm2_v1_8	Ligand MPNN + ESM-2	1a1d669b0622fbe831f52ddb1be8e99ed35c39eea791b55b52db12a80811e274	Serine/threonine-protein kinase B-raf	P15056	8	3	2	0.13333578213051497	0.1887128390240993	0.0	0.7781512503836439
ligand_mpnn_frozen_esm2_v1_8	Ligand MPNN + ESM-2	1d5a9ab11f64cb886d8ffa08a153c412b2d190fcf70e5690cd4b4c7efcdee53a	GTPase KRas	P01116	29	13	4	0.7948496796451456	0.5940594059405941	0.0	0.6575773191777934
ligand_mpnn_frozen_esm2_v1_8	Ligand MPNN + ESM-2	1dd8076dcc1c7f8bf85982f9ef389f20d06611bdc4c6d38a12300f6d42550846	Tyrosine-protein kinase JAK2 [866-1054]	O60674	9	7	1	0.09128709291752768	0.07856742013183862	0.0	1.0
ligand_mpnn_frozen_esm2_v1_8	Ligand MPNN + ESM-2	1e34f9f89f223ec78879ce06436449fdb4077140597c4fbb765250e74b5295f3	Heat shock protein HSP 90-beta	P08238	19	11	4	0.22982456140350876	0.18128654970760236	0.0	4.434967888427812
ligand_mpnn_frozen_esm2_v1_8	Ligand MPNN + ESM-2	2050e121c40716b1679af0b304ba648e1f3f6d4bf32ac563318974ec64d5167a	Tyrosine-protein kinase BTK	Q06187	7	7	1	-0.15811388300841894	-0.13801311186847084	0.0	0.7367585652254185
ligand_mpnn_frozen_esm2_v1_8	Ligand MPNN + ESM-2	21017319c2c8714bf0b97157e13f2184664d2d13b899b37276195af86ca0720a	Tyrosine-protein kinase JAK2	O60674	12	8	3	0.04553422044199251	0.04580286124143444	0.0	0.5118833609788744
ligand_mpnn_frozen_esm2_v1_8	Ligand MPNN + ESM-2	227d4dedc333f19cd45555a7d21906eea61e2723b142143e11cbf038bcb59d6b	GTPase KRas [G12D]	P01116	19	8	3	-0.03075572364943955	-0.053255370187254465	2.375	0.5228787452803356
ligand_mpnn_frozen_esm2_v1_8	Ligand MPNN + ESM-2	262c7bcde1c365985448d0e69a77135df1680783066e7f72dfb907bead316982	Nuclear receptor ROR-gamma	P51449	8	4	1	0.023809523809523815	0.07142857142857142	0.0	0.4259687322722794
ligand_mpnn_frozen_esm2_v1_8	Ligand MPNN + ESM-2	2709b182438598d2b9f146586fb2c8549857ef08c97505fddab5a0a8782aaee7	Cyclin-dependent kinase 9	P50750	9	9	1	-0.7302967433402214	-0.628539361054709	0.0	0.7367585652254185
ligand_mpnn_frozen_esm2_v1_8	Ligand MPNN + ESM-2	29416c9490a3c35fa69a9086f09fb7c75915d5d7467cb594e5b517e8fa9f344f	Ephrin type-A receptor 2	P29317	16	14	2	-0.43225331369661263	-0.3025210084033614	0.0	2.4522976709946303
ligand_mpnn_frozen_esm2_v1_8	Ligand MPNN + ESM-2	2adaa47ab70c0a798132d08bd90a7cf226b2cecf0909cd1b248b9349d25794c1	Tyrosine-protein kinase JAK2 [536-812,W659A,W777A,F794H]	O60674	14	8	1	0.015384615384615385	-0.01098901098901099	0.0	1.683640372354807
ligand_mpnn_frozen_esm2_v1_8	Ligand MPNN + ESM-2	2bcd2372a42b0df85765503157e2692f62ac4928d456c0292b6bede3fb610d28	Non-receptor tyrosine-protein kinase TYK2 [556-871]	P29597	16	13	1	0.30806161848616215	0.2592724864350674	0.8	0.0
ligand_mpnn_frozen_esm2_v1_8	Ligand MPNN + ESM-2	2ca842f3e7a01314833c340d495dc171c89dca6271a7cf89edb90e6194b06fa3	Glycogen synthase kinase-3 beta	P49841	8	7	2	0.0	0.0	0.0	2.7078913998418006
ligand_mpnn_frozen_esm2_v1_8	Ligand MPNN + ESM-2	335308f096756a3df0215872048688705e4c202b3fb4ac426b1d7a2c0ae16340	E3 ubiquitin-protein ligase pellino homolog 1	Q96FA3	12	9	1	0.1681263524012031	0.10687334289668038	3.0	0.0
ligand_mpnn_frozen_esm2_v1_8	Ligand MPNN + ESM-2	3ec018eac89b55a4b8805aad2984a8a39dc4efa5a410abc4d3835c233cb1395a	Myc proto-oncogene protein	P01106	12	7	1	0.0665500144921429	-0.015267620413811482	0.0	0.6989700043360187
ligand_mpnn_frozen_esm2_v1_8	Ligand MPNN + ESM-2	3f6b27ef15f1a0769f6d67bc2e74c379d3b7bd9e36093cb9bb74486a4a241890	Non-receptor tyrosine-protein kinase TYK2	P29597	28	18	3	-0.37133606852122375	-0.2784230231948523	0.0	0.9030899869919438
ligand_mpnn_frozen_esm2_v1_8	Ligand MPNN + ESM-2	3fa18eb54ec40d14ffe757d4ea5610d82f444e748a118bb4bb5410eecc967a9c	Receptor-interacting serine/threonine-protein kinase 3	Q9Y572	11	9	2	0.5	0.42640143271122083	3.0250000000000004	0.0
ligand_mpnn_frozen_esm2_v1_8	Ligand MPNN + ESM-2	400ef529d5c6a3841e239c796b59a0ac70f5d15999943515367a963d27a80d30	Protein cereblon [318-426]	Q96SW2	25	21	1			1.0	0.0
ligand_mpnn_frozen_esm2_v1_8	Ligand MPNN + ESM-2	44d46497ea712d353a5fb8334570bc6b6cbbbe787241db9a29611e546765c4d0	Heat shock protein 90 homolog		26	19	2	-0.42378106522913844	-0.24186308128057726	0.0	2.256076010386905
ligand_mpnn_frozen_esm2_v1_8	Ligand MPNN + ESM-2	4afd43a2f1fdcfaab09ba8c43a997c6bd6ed010fd20bbc6e15d791a28129e8e2	Complement factor B [470-764]	P00751	7	6	1	0.8571428571428573	0.7142857142857143	0.0	0.49382694822251416
ligand_mpnn_frozen_esm2_v1_8	Ligand MPNN + ESM-2	4b3334bba830c2f7d886e2ec16e1d2a9270108ea40b962522c22590594be467c	Acetyl-coenzyme A synthetase, cytoplasmic	Q9NR19	10	10	1	0.1515151515151515	0.06666666666666667	10.0	0.0
ligand_mpnn_frozen_esm2_v1_8	Ligand MPNN + ESM-2	4b73868ce025017dbd7dc7c6e3d898657ae4faf8dd559c654aec1cb4c86901db	Mitogen-activated protein kinase kinase kinase 13	O43283	12	12	1	-0.3216783216783217	-0.2121212121212121	0.0	1.909338936268945
ligand_mpnn_frozen_esm2_v1_8	Ligand MPNN + ESM-2	4b992438444e5580e88eec14328d65dc56021c00706daab77dfc20892b6dcdb6	PA-I galactophilic lectin	Q05097	25	17	1	0.48586267488489154	0.37061821262826866	2.7777777777777777	0.0
ligand_mpnn_frozen_esm2_v1_8	Ligand MPNN + ESM-2	4c0cef143858b123b57fe94ba580d433ebbad7bbfb5265d8ae729c1e43be5e46	Galectin-1	P09382	22	11	5	0.19706380575945792	0.1515151515151515	2.4444444444444446	0.1249387366082999
ligand_mpnn_frozen_esm2_v1_8	Ligand MPNN + ESM-2	4c7b302c97ebbbf6f2c1647b7e2c33a0df922e898bb99d4b949a7204ba26ab70	E3 ubiquitin-protein ligase TRIM21	P19474	25	16	1	-0.005907646307988054	-0.012532679794330703	1.6666666666666667	1.0
ligand_mpnn_frozen_esm2_v1_8	Ligand MPNN + ESM-2	4dde01fda8f2a6440d900157adfd87d76e4a001b1c3c56198a637348fe90867b	Stimulator of interferon genes protein [149-345,R232H]	Q86WV6	13	4	1	-0.26373626373626374	-0.17948717948717946	0.0	0.38721614328026455
ligand_mpnn_frozen_esm2_v1_8	Ligand MPNN + ESM-2	4ffc1b515d70e97e7a9e0436e6857e4c07bb4e3a0922ad8f22f541398aa5e5a6	GTPase KRas [G12C]	P01116	14	6	2	-0.16795672391848113	-0.21349662311335998	0.0	0.9542425094393252
ligand_mpnn_frozen_esm2_v1_8	Ligand MPNN + ESM-2	50bd91bb24b0aa5b7cf6ff8e83dc526c6a56ca6bbcc8ab48acfbfac4cb8961cf	Protein delta homolog 1	P80370	13	8	1	0.3681318681318681	0.282051282051282	6.5	0.0
ligand_mpnn_frozen_esm2_v1_8	Ligand MPNN + ESM-2	54431f8a0aa2a42c7810354ab78e06561f7d2d8744a94e1c2a31525fab8aa2f3	Myeloid differentiation primary response protein MyD88	Q99836	6	5	3	-0.028571428571428574	-0.06666666666666665	0.0	0.28523572848074963
ligand_mpnn_frozen_esm2_v1_8	Ligand MPNN + ESM-2	549dc2f31d2981e3cd99a62ea027bf7d8a5cd3b7232c910e4a3fbec108f88c17	Kelch-like ECH-associated protein 1	Q14145	11	3	1	0.11818181818181818	0.1272727272727273	0.0	0.3979400086720366
ligand_mpnn_frozen_esm2_v1_8	Ligand MPNN + ESM-2	568d600386ab5ce56921f3ffd2bb61cd3858ebd51062c6861216dc086abbcd5e	LanC-like protein 2	Q9NS86	25	25	1	-0.20773226004579687	-0.16360623800707352	0.0	1.4675535649148106
ligand_mpnn_frozen_esm2_v1_8	Ligand MPNN + ESM-2	57cd6f50c8934d3a5ad4c6bf69031d54b6210fb02fb34078cccfc6614520e018	Protein polybromo-1 [200-270]	Q86U86	14	10	1	0.5164835164835165	0.38461538461538464	3.5	0.0
ligand_mpnn_frozen_esm2_v1_8	Ligand MPNN + ESM-2	5862305c8302b2d7dd9de31f34102a1220d9099d9f6f7b961610ed4337934880	Carbonic anhydrase 1	P00915	14	11	1	-0.43888370887074746	-0.30070560661955287	0.0	4.400116927926312
ligand_mpnn_frozen_esm2_v1_8	Ligand MPNN + ESM-2	5f53bbc1e37943c0480e2cea1af72db621d5d854f1ed38469d2fccdaaca2479e	Serine/threonine-protein kinase PknB	P9WI81	14	5	1	-0.24395604395604395	-0.2087912087912088	0.0	1.414427676544327
ligand_mpnn_frozen_esm2_v1_8	Ligand MPNN + ESM-2	6290ac0913cc53eba61e3fffaacd220601b70ddd3b2ad032f0d3b83310ae3c4b	S-sulfocysteine synthase	Q79FV4	7	3	1	-0.4642857142857144	-0.33333333333333337	0.0	0.7315292768664072
ligand_mpnn_frozen_esm2_v1_8	Ligand MPNN + ESM-2	632908f5de50fb6f1a7024c9374f1584595fb92b7f80c35435714f5aa56e3a44	GTPase KRas [G12V]	P01116	61	36	4	-0.02564950089468581	-0.009302325929561706	0.0	3.1986570869544213
ligand_mpnn_frozen_esm2_v1_8	Ligand MPNN + ESM-2	65cf04333924500423ef23e4ea83a72b8028ea91a81d9572ebd7d403340e1195	Phospholipid hydroperoxide glutathione peroxidase	P36969	28	19	2	-0.03503010399562124	-0.010582010582010581	0.0	2.7160033436347994
ligand_mpnn_frozen_esm2_v1_8	Ligand MPNN + ESM-2	65cfc2c0cf82af83e1e122bea9f09a3fb6ba8fa60f7bd6f942cd3be3d0be8daf	Type 1 fimbrin D-mannose specific adhesin	P08191	20	7	1	0.10827067669172932	0.1368421052631579	0.0	1.9201978896837986
ligand_mpnn_frozen_esm2_v1_8	Ligand MPNN + ESM-2	683c3ad865014d7a8dcfb86834de0ddb0c072ffda44aa063d6a8d3e0dee9868e	Methylcytosine dioxygenase TET2	Q6N021	25	11	1	0.0452091413281355	0.024023937806910305	0.9259259259259258	0.30102999566398125
ligand_mpnn_frozen_esm2_v1_8	Ligand MPNN + ESM-2	68d60cea30219da8cef67dbcc1b81dcdebc8456663f7f54b6fb8cc6666a7b416	Dimer of Receptor-type tyrosine-protein kinase FLT3|Receptor-type tyrosine-protein kinase FLT3	P36888	10	10	3	0.4424242424242424	0.5555555555555555	0.0	0.1249387366082999
ligand_mpnn_frozen_esm2_v1_8	Ligand MPNN + ESM-2	6a664650df1dd5b3134dc88db726e96e3be3c27fdbf274c80e3b9923ed7cd32e	ATPase family AAA domain-containing protein 2B	Q9ULI0	20	3	2	-0.1160077386727979	-0.08511119927611435	0.0	1.3598354823398884
ligand_mpnn_frozen_esm2_v1_8	Ligand MPNN + ESM-2	6de0ad904d58312d0265ee7a480d38e55c5d8deab26c2a3bf2bd8483daf0fa77	Receptor-type tyrosine-protein kinase FLT3 [F691L]	P36888	6	6	1	0.7714285714285715	0.6	0.0	0.5254259342942191
ligand_mpnn_frozen_esm2_v1_8	Ligand MPNN + ESM-2	6ebcd9d1f5201ce756f83bdc960921125f57a30d267f8b2993f4652f9c93a620	Peptidyl-prolyl cis-trans isomerase FKBP4	Q02790	11	6	3	0.12357011758526085	0.05607721540920443	0.0	1.6548180404907615
ligand_mpnn_frozen_esm2_v1_8	Ligand MPNN + ESM-2	7192d652f813d4d86f957b1edb7729c8adb429515fb591d7f4c6937a9d54dec2	Aurora kinase A	O14965	9	8	3	0.016807316136320357	0.0	9.0	0.0
ligand_mpnn_frozen_esm2_v1_8	Ligand MPNN + ESM-2	71c75d29add3938542716c997db4ce5b657f2759a4642773975ae9b7d12ea876	Sortilin	Q99523	25	9	1	0.1500865911948689	0.11055291891197538	0.0	0.7377786349413666
ligand_mpnn_frozen_esm2_v1_8	Ligand MPNN + ESM-2	75c34e924155e3529903bd10daf1da3d8929c12d17075ff191d84ec07703843f	Glutamate carboxypeptidase 2	Q04609	35	29	2	0.11920437035999439	0.07912457912457913	0.0	3.5563025007672877
ligand_mpnn_frozen_esm2_v1_8	Ligand MPNN + ESM-2	77ed25650e717b3f610e42ef8e5c1c88d50e7485725032f8535448a0ca8b61b1	E3 ubiquitin-protein ligase Mdm2	Q00987	6	4	3	0.4285714285714286	0.3333333333333333	0.0	3.0256471576060306
ligand_mpnn_frozen_esm2_v1_8	Ligand MPNN + ESM-2	7b8d960f96e40af6d8b8eef938d9dccaeebc526e0bdbafcbff4b6711fae64da6	Hypoxia-inducible factor 1-alpha [228-298]	Q16665	24	11	1	0.15959991679747537	0.15608011185773493	2.6666666666666665	1.0
ligand_mpnn_frozen_esm2_v1_8	Ligand MPNN + ESM-2	7c1523d7d6bd86df82bb78f6bc72691ee4cfa9ad4bb95aabc4dc3e64d1bf831b	Phosphatidylinositol 5-phosphate 4-kinase type-2 gamma	Q8TBX8	44	30	2	-0.20290432957231178	-0.1496447056881183	0.0	3.1391791757229104
ligand_mpnn_frozen_esm2_v1_8	Ligand MPNN + ESM-2	7c2c9a4005a08f9f8ed2ce2e3b7d9432dd39547abafef80ffab6adbb89753b2c	Peptidyl-prolyl cis-trans isomerase FKBP1A	P62942	12	5	2	-0.09946855248198895	-0.11291791431569304	0.0	1.9030899869919455
ligand_mpnn_frozen_esm2_v1_8	Ligand MPNN + ESM-2	7eb7771a02b7d5021121f3f907256dc93327c839169733378362d291cb76e0ce	Bromodomain-containing protein 4 [58-164]	O60885	84	47	6	0.010067180885641014	0.004505661451115648	0.0	0.8372727025023003
ligand_mpnn_frozen_esm2_v1_8	Ligand MPNN + ESM-2	7fc86ef9a59a068c6d4fc0bc0a79788fefa84907e386c561c7567bde52160b17	Tyrosine-protein kinase JAK2 [Y1007F,Y1008F]	O60674	50	28	2	-0.2085228563684587	-0.17355556367491057	1.1111111111111112	2.0
ligand_mpnn_frozen_esm2_v1_8	Ligand MPNN + ESM-2	7ff04ddccf949e11263e780f4fb3492ae973c50c851a4df836fb5d6e323a318a	Bcl-2-like protein 1	Q07817	25	18	1	-0.12034097418367687	-0.10509877084907761	0.0	2.0
ligand_mpnn_frozen_esm2_v1_8	Ligand MPNN + ESM-2	80be356aef4f71329822694d1d7129d6dd6bdaaee64fe2d62b1d68fc82d1ccdb	DNA damage-binding protein 1	Q16531	25	12	1			1.0	0.0
ligand_mpnn_frozen_esm2_v1_8	Ligand MPNN + ESM-2	815d17ae9639c4fa2db3f5b2238aff14950018c5d327f632fdda64dc07948f59	Selenoprotein H	Q8IZQ5	7	5	1	-0.21428571428571433	-0.14285714285714288	0.0	2.335522604873339
ligand_mpnn_frozen_esm2_v1_8	Ligand MPNN + ESM-2	8400030088daa962283125365238a8cd19878b292ef12408c6457e69231e769f	Retinol-binding protein 4	P02753	5	3	1			1.0	0.0
ligand_mpnn_frozen_esm2_v1_8	Ligand MPNN + ESM-2	8b580bb0bb1537e3becb4733f6f91562b790fe669fbfa64f004744df8641cf14	Nucleoprotein	P15682	5	5	2	-0.35909242322980395	-0.31622776601683794	0.0	3.3719909114649145
ligand_mpnn_frozen_esm2_v1_8	Ligand MPNN + ESM-2	8bc8432fcc649b965ed9bfaef63c595d023537a985c3b242768bac1f1bf32fb1	Non-receptor tyrosine-protein kinase TYK2 [556-888]	P29597	107	44	6	0.47060742445189274	0.33151456828194303	1.4738292011019283	1.6989700043360205
ligand_mpnn_frozen_esm2_v1_8	Ligand MPNN + ESM-2	8c9af87b44d8f7616b04934bbac932411a6e0eb650682054d92aafd77c2ab1a4	NACHT, LRR and PYD domains-containing protein 3	Q8R4B8	7	5	1	-0.7142857142857144	-0.5238095238095238	0.0	1.6110148339808887
ligand_mpnn_frozen_esm2_v1_8	Ligand MPNN + ESM-2	8d1fc91f90056f7fc4e638d2dbf7cd73c12e30e4e9cb97c76cac1d5b308643ed	Stimulator of interferon genes protein	Q86WV6	14	6	2	0.4945054945054946	0.2967032967032967	3.5	0.6686037234058375
ligand_mpnn_frozen_esm2_v1_8	Ligand MPNN + ESM-2	8d5931178af016b7914566577f5b490174948917324c7a6db74dca9e3dcaf94c	Mas-related G-protein coupled receptor member X2	Q96LB1	26	12	2	-0.022905982905982905	-0.033846153846153845	0.0	1.5205804173654238
ligand_mpnn_frozen_esm2_v1_8	Ligand MPNN + ESM-2	8e730faac3c6b87a7879f190ab3c77de56fd10330176561ba7ae08dbfa1144f0	Galactosylgalactosylxylosylprotein 3-beta-glucuronosyltransferase 3	O94766	5	5	1	-0.09999999999999999	0.0	0.0	0.03153361145376499
ligand_mpnn_frozen_esm2_v1_8	Ligand MPNN + ESM-2	965a796bdc7b10fc12f86d5221123e411b8363e16b2279ca1261cb92230b8867	Polymerase basic protein 2	P03428	7	3	2	-0.30631873731649006	-0.29277002188455997	0.0	1.8282301147269617
ligand_mpnn_frozen_esm2_v1_8	Ligand MPNN + ESM-2	9796e4a195066b95cb46d4fbb869f06afddbe3672b9e1f789fa4e3e5c9560e0c	Galectin-3	P17931	22	16	6	0.040666480017574454	-0.008676810001882657	0.0	6.00403461610837
ligand_mpnn_frozen_esm2_v1_8	Ligand MPNN + ESM-2	9a06387610edd099466d614941c42a433f444feb6a8f25375bb0b6ad8ec9c6f4	Alpha-synuclein	P37840	21	21	2	-0.13202896386804056	-0.09759000729485331	0.0	2.591427743794293
ligand_mpnn_frozen_esm2_v1_8	Ligand MPNN + ESM-2	9a7fa3c16640c215ee56fb067330853d5928b50181834259d9e00abb24e9b751	Histone deacetylase 6	Q9UBN7	18	6	1	-0.3966847505090277	-0.32897762692522736	0.0	0.45425837176015804
ligand_mpnn_frozen_esm2_v1_8	Ligand MPNN + ESM-2	9c4089da85ef3c06dde2c14def7afc4a2e1452947ca9abf34025f90a101db770	Fibroblast growth factor receptor 3	P22607	9	7	2	-0.3146535801122621	-0.24688535993934704	0.0	1.329058719264225
ligand_mpnn_frozen_esm2_v1_8	Ligand MPNN + ESM-2	9c9c4db1c101c92124e1636ae0bcadc314c113c4949c05c9e3dfd370764d8bce	Histone-lysine N-methyltransferase 2A	Q03164	5	5	1	-0.7	-0.6	0.0	0.9190780923760737
ligand_mpnn_frozen_esm2_v1_8	Ligand MPNN + ESM-2	a0d8504fc2ce28870415fc343e3f9d05f8ab9b574fa9e28f0f89d5b6cbc2a563	PC4 and SFRS1-interacting protein	O75475	11	9	1	-0.5818181818181819	-0.34545454545454546	0.0	0.5686973997706826
ligand_mpnn_frozen_esm2_v1_8	Ligand MPNN + ESM-2	af987650896002d008d596b93aa829ede1afa3e3b9ed769b9a8f70afd7be25d0	Peptidyl-prolyl cis-trans isomerase FKBP5	Q13451	9	5	2	-0.1434611926670512	-0.05797710356524483	0.0	1.0483046795745548
ligand_mpnn_frozen_esm2_v1_8	Ligand MPNN + ESM-2	b04020d6a298b87e7e20c83b346f59825468dc2001355b699e4b91d67d9bea6c	Heat shock protein HSP 90-alpha	P07900	12	6	2	0.4685314685314686	0.303030303030303	0.0	0.3428788725468248
ligand_mpnn_frozen_esm2_v1_8	Ligand MPNN + ESM-2	b13035f135fd81cf7050efeebd189db3b535ce19e7efee51566f4e9e2931d717	Ricin	P02879	18	9	1	-0.08982964542479581	-0.05245929835764225	4.5	0.49432328482728494
ligand_mpnn_frozen_esm2_v1_8	Ligand MPNN + ESM-2	b16f52f0d04b72927ee4e0cbe247b9d446ac4466ec87c4bf055470e04b94b895	Elongin-C	Q15369	41	14	5	-0.11020603831521708	-0.0769701964483412	0.0	0.8955276988652159
ligand_mpnn_frozen_esm2_v1_8	Ligand MPNN + ESM-2	b1b17c7fca3cbab15bc66b90bd4c07f73617cb5a03db105b0a38084fe7bca48b	Programmed cell death 1 ligand 1	Q9NZQ7	35	12	3	0.5563748321948072	0.3534090536243709	0.0	2.0958256317158366
ligand_mpnn_frozen_esm2_v1_8	Ligand MPNN + ESM-2	bacc1183551b7365dbe3b112a2a403f145940e3c5d05518dd80572c7c42f7c89	Shiga-like toxin 2 subunit A	P09385	7	4	1	-0.28571428571428575	-0.23809523809523814	0.0	0.5165910214412901
ligand_mpnn_frozen_esm2_v1_8	Ligand MPNN + ESM-2	bb8d4ddedb5cd0daf2e688e644633a2c5376e718cb62935cb3380dcf38173bf8	Replicase polyprotein 1a	P0DTC1	25	18	2	0.7405698884171569	0.5125692857821982	2.7777777777777777	0.6828831844425638
ligand_mpnn_frozen_esm2_v1_8	Ligand MPNN + ESM-2	bc397cc8eb78693a226a23c89a09eb3c0054deef0ef8c9cae74b11a491fad1df	Endothelial PAS domain-containing protein 1	Q99814	10	5	1	0.0790277206784084	0.04494665749754947	0.0	0.4082399653118505
ligand_mpnn_frozen_esm2_v1_8	Ligand MPNN + ESM-2	bcb49e7e1db8d95c084172bca13d3b727991096f26dafdcb0033251b4542027a	Fibroblast growth factor receptor 3 [V555M]	P22607	45	26	3	-0.19643613791849018	-0.13125288514504665	0.0	2.2730012720637376
ligand_mpnn_frozen_esm2_v1_8	Ligand MPNN + ESM-2	beaa825e538b5313d28a569c239d221a99cd820cd630fb9da229ad507b1af1d5	Stimulator of interferon genes protein [149-345]	Q86WV6	12	4	1	0.08391608391608392	0.0606060606060606	3.0	1.7219064216930002
ligand_mpnn_frozen_esm2_v1_8	Ligand MPNN + ESM-2	bf4a1384a527c5eaf74b093f1d2cbcc91c5061b76cc4ef041263f1d101bae296	Galectin-8	O00214	14	8	3	-0.410989010989011	-0.3406593406593407	0.0	0.4039144238264303
ligand_mpnn_frozen_esm2_v1_8	Ligand MPNN + ESM-2	c03733fc6f7569b39bc39c3dc02c986311ac0268b2298e8693221c722cff6861	Son of sevenless homolog 1	Q07889	26	16	2	0.2763338054899809	0.1944453705886758	2.888888888888889	0.6842467475153118
ligand_mpnn_frozen_esm2_v1_8	Ligand MPNN + ESM-2	c2826a2895a762da0611b28241dd11a097c76ea96df17bf036756f03b3b31fe4	Replicase polyprotein 1a [1564-1878]	P0C6U8	25	20	2	0.5961538461538461	0.4466666666666666	2.7777777777777777	0.0
ligand_mpnn_frozen_esm2_v1_8	Ligand MPNN + ESM-2	c497f29417b886ff019812f69b1ed95fa872225c9180283496bec6d9ca65f664	Cannabinoid receptor 2	P34972	14	12	1	-0.389010989010989	-0.23076923076923078	0.0	1.221848749616357
ligand_mpnn_frozen_esm2_v1_8	Ligand MPNN + ESM-2	c81b4e9e806e0ace9f779e65477e6c988dea6cad5eecfbcb35f2364c5fc884dd	Fibroblast growth factor receptor 2	P21802	12	10	3	0.36929187799883023	0.34238119163116293	3.0	1.4357285695614372
ligand_mpnn_frozen_esm2_v1_8	Ligand MPNN + ESM-2	ca8783b8053e1373c8358af24d59933449f4a63bbae1a5f44f9b3c81490c6c7f	Dual specificity tyrosine-phosphorylation-regulated kinase 1A	Q13627	5	5	1	-0.39999999999999997	-0.39999999999999997	0.0	1.1800940015093548
ligand_mpnn_frozen_esm2_v1_8	Ligand MPNN + ESM-2	cefe1c176699342ae77190e27db430f96ea13906d014bad93f17570052d770a2	Stimulator of interferon genes protein [1-379,R71H,G230A,H232R,R293Q]	Q86WV6	24	9	2	0.46204047210236365	0.3387983762473536	2.6666666666666665	4.159867847092567
ligand_mpnn_frozen_esm2_v1_8	Ligand MPNN + ESM-2	d03e72dda9823b817d1f46412f3cdb7330d7847621dbbb03201048178cc4e630	Biotin--[biotin carboxyl-carrier protein] ligase		12	10	1	0.1891421464513535	0.1679438245519263	0.0	0.5166297960033361
ligand_mpnn_frozen_esm2_v1_8	Ligand MPNN + ESM-2	d07722a95e38b3a5df0e01311cb4f97ec309d88e7d9f1eaba11f45263557c1e9	Targeting protein for Xklp2	Q9ULW0	11	7	1	0.8454545454545455	0.6727272727272727	2.75	0.5440680443502748
ligand_mpnn_frozen_esm2_v1_8	Ligand MPNN + ESM-2	d0ba9f9f7c16120c11d2b27069e9f2975301cda3192eb31cabc0612873e44fb7	E3 ubiquitin-protein ligase CBL-C	Q9ULV8	18	10	1	-0.05162623300275621	-0.05245929835764225	0.0	0.47457406570578264
ligand_mpnn_frozen_esm2_v1_8	Ligand MPNN + ESM-2	d9fc79386f5526c967b0d5b31bf5d0a5c90e715870f3b6c45418a179469d91cf	Receptor-interacting serine/threonine-protein kinase 2	O43353	22	13	1	0.6255307355015153	0.4791220362821274	3.259259259259259	0.17609125905568135
ligand_mpnn_frozen_esm2_v1_8	Ligand MPNN + ESM-2	da3b17f4cd227b0ca94d4dcdc252f3ec7e7969b638b367ebf09dd8d7577263ea	1-phosphatidylinositol 3-phosphate 5-kinase	Q9Y2I7	8	5	1	0.37115374447904514	0.320844473959874	4.0	0.0
ligand_mpnn_frozen_esm2_v1_8	Ligand MPNN + ESM-2	dbb4583267ad40a7dfd854ee3c44ce4be38e137d0570e3eb76cf1854a74e7246	Epidermal growth factor receptor	P00533	5	4	2	0.5270462766947298	0.44721359549995787	5.0	0.0
ligand_mpnn_frozen_esm2_v1_8	Ligand MPNN + ESM-2	dee921327ae6711666ca4416838c17e82bdd59a32d85fa728e7ad91e65e86cda	Tyrosine-protein kinase JAK2 [808-1132]	O60674	5	4	2	-0.19999999999999998	-0.19999999999999998	0.0	1.2153178824573985
ligand_mpnn_frozen_esm2_v1_8	Ligand MPNN + ESM-2	defa1995fbabefcd7f4bf6dab888d02769c2ab647bb8d52c3e2e827bd3630cfe	Fibroblast growth factor receptor 4	P22455	5	5	1	-0.5773502691896257	-0.5163977794943223	0.0	0.7781512503836439
ligand_mpnn_frozen_esm2_v1_8	Ligand MPNN + ESM-2	e3ee1debd824d0bf66e328728a7470ef914d7f59ae2eb518f89359d8a502d4c3	Protein enabled homolog	Q8N8S7	10	3	1	0.5151515151515151	0.37777777777777777	0.0	0.31742041185215086
ligand_mpnn_frozen_esm2_v1_8	Ligand MPNN + ESM-2	e435edc925a4c41f7283d79a822161a4a90fcaab3a03458e2b1837c49445b88a	Tyrosine-protein kinase JAK2 [536-812]	O60674	25	18	4	0.08362250589837339	0.0538748023761179	0.0	1.7580914564546752
ligand_mpnn_frozen_esm2_v1_8	Ligand MPNN + ESM-2	e6a24c903c1ef211037c64a6835a8a484f48b17be1cae50d6998913f21acf7d4	Carbonic anhydrase 2	P00918	5	5	1	0.20519567041703085	0.10540925533894596	0.0	2.300117893079782
ligand_mpnn_frozen_esm2_v1_8	Ligand MPNN + ESM-2	e884d430f3b5b239091233d48f91b78d095ad4471ce7b0da5b26142de2221b9b	Mixed lineage kinase domain-like protein	Q8NB16	37	31	2	0.6096548035477345	0.4777357320987903	2.8461538461538463	0.0
ligand_mpnn_frozen_esm2_v1_8	Ligand MPNN + ESM-2	eaa4d9125eb954d2e4c3512e1954714e862c62da4bc83ac938ec8da98b36de55	Non-receptor tyrosine-protein kinase TYK2 [575-869]	P29597	19	11	3	0.269534783424779	0.17059118672426388	0.0	0.5440680443502739
ligand_mpnn_frozen_esm2_v1_8	Ligand MPNN + ESM-2	edbd5d8a5deb16bfd31ff3029c7897b816b752cb26cd0dcf23d089dcdd841586	Replicase polyprotein 1ab	P0DTD1	20	14	4	-0.06165413533834586	-0.031578947368421054	0.0	4.142791569983489
ligand_mpnn_frozen_esm2_v1_8	Ligand MPNN + ESM-2	eec310a36523cb25d98cfd2dc2aceb2e7613ce5d0f9ef8174423cfdaca60426b	Transcriptional enhancer factor TEF-1 [209-426]	P28347	10	10	1	0.41337576970244394	0.26967994498529685	5.0	0.0
ligand_mpnn_frozen_esm2_v1_8	Ligand MPNN + ESM-2	ef0ddbb0badae4eac53608fa57cf54c55cb837d4929048fa6a2339bb30ae8f03	Fibroblast growth factor receptor 1	P11362	20	16	3	0.1680717712786769	0.13199571020912618	0.0	0.952076447682817
ligand_mpnn_frozen_esm2_v1_8	Ligand MPNN + ESM-2	f0b07556edef0452100ab166e3bf1b651c238ba0b7aca80d636b8bd45d47db6c	Tyrosine-protein kinase JAK1 [583-855]	P23458	17	14	3	-0.35722171493494076	-0.2699021676629461	0.0	5.439332693830265
ligand_mpnn_frozen_esm2_v1_8	Ligand MPNN + ESM-2	f27fcd0d573a97b87476bb6787bfb3132e8594fa25210161422b16fdc56815cc	BAG family molecular chaperone regulator 3	O95817	6	6	1	0.8857142857142858	0.7333333333333333	0.0	0.005752328889091718
ligand_mpnn_frozen_esm2_v1_8	Ligand MPNN + ESM-2	f3b618f7f525879ec1eb5098b27675243997eeea419eb453488cfefab098226f	Dual specificity protein kinase CLK1	P49759	5	5	1	0.09999999999999999	0.0	0.0	0.8860566476931631
ligand_mpnn_frozen_esm2_v1_8	Ligand MPNN + ESM-2	f3dc4d33671931ee13dc20fdb332ac32302dc4385d5dfd464acf8f9f8a0add76	E3 ubiquitin-protein ligase CBL-B	Q13191	8	6	2	-0.523809523809524	-0.3571428571428571	0.0	3.1139592146276716
ligand_mpnn_frozen_esm2_v1_8	Ligand MPNN + ESM-2	f44af7da75e9935ccc92591ff5a6f660510b7693aaed32b899f023b27988eb08	GTPase NRas [G12D]	P01111	50	24	2	0.40048980779389454	0.27603105608651424	0.0	2.9790299862070775
ligand_mpnn_frozen_esm2_v1_8	Ligand MPNN + ESM-2	f6dfd782829fb63a984eb13e892cf349463cb59146038caa7f915c05ffcbb9ba	Heat shock protein 90	P40292	24	21	2	-0.02435841670291431	-0.036363636363636355	0.0	1.6414057230570016
ligand_mpnn_frozen_esm2_v1_8	Ligand MPNN + ESM-2	fb619a5b2a22bab98d1ec43db4cd85b129d53b99bbc0c2ca00a44fdd421828ab	Protein Mdm4	O15151	5	3	2	0.7	0.6	5.0	0.0
ligand_mpnn_frozen_esm2_v1_8	Ligand MPNN + ESM-2	fc502b7363283bca3ea0e276ed1d65d0ae8d5064519a226a06f9c77059235b6f	Prolyl endopeptidase FAP	Q12884	14	3	1	0.26402656240833466	0.17679827843514556	0.0	0.4079242295786383
ligand_mpnn_frozen_esm2_v1_8	Ligand MPNN + ESM-2	fce6a9d7757a2029e8e81bee3fbc6d10aaf3667093bb265f1ae015c685279564	Proto-oncogene tyrosine-protein kinase Src [84-145]	P12931	25	18	1	-0.11174753906691856	-0.09304842103984708	0.0	1.0
ligand_mpnn_frozen_esm2_v1_8	Ligand MPNN + ESM-2	fe0f2938edfd18c2c9f2df082bac78d860a1460d38e102b538af545f1149c540	Non-receptor tyrosine-protein kinase TYK2 [888-1187]	P29597	24	15	3	0.2870560363208756	0.14874016392231237	0.0	4.485090184390938
ligand_mpnn_frozen_esm2_v1_8	Ligand MPNN + ESM-2	fe22d91e18cd544a85d7c768cd864172200252df906b774d890dc103224f7c8d	Cyclin-dependent kinase 2	P24941	25	4	1	0.5802232057038562	0.45485204222164277	8.333333333333334	0.0
smiles_protein_cross_attention_v1_8	SMILES-protein cross-attention	022c5e46aa4d58f82ea0b1dcb834398f4f1195826519611b0447b8b5e3536ef3	Ectonucleotide pyrophosphatase/phosphodiesterase family member 1	P22413	25	14	2	0.4290438824012287	0.30437357778526236	0.0	0.9017134581631385
smiles_protein_cross_attention_v1_8	SMILES-protein cross-attention	024435b6a912aaecfa2992585f7d822f4f49a8a1338b3bc6a7b36bd8991acd0a	D-3-phosphoglycerate dehydrogenase	O43175	7	7	1	0.14285714285714288	0.04761904761904762	0.0	1.548010230104338
smiles_protein_cross_attention_v1_8	SMILES-protein cross-attention	0451c5f5ef052711dec57df65d688e28c0027e49dc4be546d73beb880c6181ed	Proprotein convertase subtilisin/kexin type 9	Q8NBP7	27	19	2	-0.3913243847784594	-0.2492877610168674	0.0	0.7781512503836439
smiles_protein_cross_attention_v1_8	SMILES-protein cross-attention	0656e40de4997b31658a487fdaf93307f65e072fc5beceda66d0ee0c6606ab93	Bromodomain-containing protein 4 [353-454]	O60885	44	30	4	0.3257456506982643	0.20624629237263048	0.9777777777777779	0.0
smiles_protein_cross_attention_v1_8	SMILES-protein cross-attention	067f7c4a3936c5152653761ee0a1815aaa6783395287be36fc61163619542623	Epidermal growth factor receptor [L858R]	P00533	9	7	1	0.5126231421577709	0.45732956038002354	0.0	1.1335389083702179
smiles_protein_cross_attention_v1_8	SMILES-protein cross-attention	0964b8ab750f4f675886036ee344acb048e251156e11a6c965cc39525773b4e8	UDP-3-O-acyl-N-acetylglucosamine deacetylase	P0A725	5	4	1	0.15389675281277312	0.10540925533894596	0.0	0.045757490560674796
smiles_protein_cross_attention_v1_8	SMILES-protein cross-attention	0a1a909cf5ee3fcb36c17135913ce49913db6fb6392fe43faf9c92df9994a1b2	Protein cereblon	Q96SW2	25	13	3	0.6145596012106392	0.48605555238058945	0.0	1.536242706838319
smiles_protein_cross_attention_v1_8	SMILES-protein cross-attention	0caed4ff234c64efd5f01371efafe0b9c14cc59dbeaf60e2fa25f299f8104146	Folate receptor beta	P14207	15	14	1	0.6380699598813919	0.44019642635179784	3.75	0.07918124604762333
smiles_protein_cross_attention_v1_8	SMILES-protein cross-attention	0eb48fb6c6aed997133e177cdb3bc677507f53b531633c28e8f7ad8d6959cfc3	Pyrrole-2-carboxylic acid decarboxylase	Q9I6N5	14	3	1	0.4955959158835729	0.3666893025074554	3.5	0.20164536352806905
smiles_protein_cross_attention_v1_8	SMILES-protein cross-attention	0f99982b545e61cc6fa4ca70be1e2f0f503d3e26f44fdb3067dd3c6905bb2788	Aurora kinase B	Q96GD4	6	5	3	-0.08827348295047496	-0.07161148740394328	0.0	1.201645363528069
smiles_protein_cross_attention_v1_8	SMILES-protein cross-attention	13f7554d9b19f2ba75cc851600252cf99ccd746317c5b94db51a8c830a534c45	Ubiquitin carboxyl-terminal hydrolase 5	P45974	7	7	1	-0.43244998209386837	-0.39036002917941326	0.0	0.3010299956639817
smiles_protein_cross_attention_v1_8	SMILES-protein cross-attention	14c12f3038e6dde2d28b78c0961e52dae3040876f6c8e2ce7208899bca679c80	Serine/threonine-protein kinase mTOR	P42345	5	5	2	0.49999999999999994	0.39999999999999997	5.0	0.0
smiles_protein_cross_attention_v1_8	SMILES-protein cross-attention	1745754698cfda0da91a4ab57a3167699fd9968011b4a7887a53c1da2876fbe1	Signal transducer and activator of transcription 6	P42226	28	13	2	-0.03940886699507389	0.010582010582010581	3.111111111111111	2.8213348431597494
smiles_protein_cross_attention_v1_8	SMILES-protein cross-attention	1a1d669b0622fbe831f52ddb1be8e99ed35c39eea791b55b52db12a80811e274	Serine/threonine-protein kinase B-raf	P15056	8	3	2	0.3494229522161129	0.29649972666444047	0.0	2.113943352306837
smiles_protein_cross_attention_v1_8	SMILES-protein cross-attention	1d5a9ab11f64cb886d8ffa08a153c412b2d190fcf70e5690cd4b4c7efcdee53a	GTPase KRas	P01116	29	13	4	0.7398374208266646	0.5481498190844523	3.2222222222222223	0.7155692661554802
smiles_protein_cross_attention_v1_8	SMILES-protein cross-attention	1dd8076dcc1c7f8bf85982f9ef389f20d06611bdc4c6d38a12300f6d42550846	Tyrosine-protein kinase JAK2 [866-1054]	O60674	9	7	1	0.18257418583505536	0.15713484026367724	0.0	1.0
smiles_protein_cross_attention_v1_8	SMILES-protein cross-attention	1e34f9f89f223ec78879ce06436449fdb4077140597c4fbb765250e74b5295f3	Heat shock protein HSP 90-beta	P08238	19	11	4	0.02982456140350877	-0.017543859649122806	0.0	4.434967888427812
smiles_protein_cross_attention_v1_8	SMILES-protein cross-attention	2050e121c40716b1679af0b304ba648e1f3f6d4bf32ac563318974ec64d5167a	Tyrosine-protein kinase BTK	Q06187	7	7	1	-0.3162277660168379	-0.2760262237369417	1.4000000000000001	0.0
smiles_protein_cross_attention_v1_8	SMILES-protein cross-attention	21017319c2c8714bf0b97157e13f2184664d2d13b899b37276195af86ca0720a	Tyrosine-protein kinase JAK2	O60674	12	8	3	0.3708265832309475	0.20155644370746376	3.0	0.0
smiles_protein_cross_attention_v1_8	SMILES-protein cross-attention	227d4dedc333f19cd45555a7d21906eea61e2723b142143e11cbf038bcb59d6b	GTPase KRas [G12D]	P01116	19	8	3	0.006148446267494445	0.0	0.0	2.4259687322722794
smiles_protein_cross_attention_v1_8	SMILES-protein cross-attention	262c7bcde1c365985448d0e69a77135df1680783066e7f72dfb907bead316982	Nuclear receptor ROR-gamma	P51449	8	4	1	-0.523809523809524	-0.42857142857142855	0.0	2.335792101923193
smiles_protein_cross_attention_v1_8	SMILES-protein cross-attention	2709b182438598d2b9f146586fb2c8549857ef08c97505fddab5a0a8782aaee7	Cyclin-dependent kinase 9	P50750	9	9	1	0.18257418583505536	0.15713484026367724	1.5	0.0
smiles_protein_cross_attention_v1_8	SMILES-protein cross-attention	29416c9490a3c35fa69a9086f09fb7c75915d5d7467cb594e5b517e8fa9f344f	Ephrin type-A receptor 2	P29317	16	14	2	-0.303164173318209	-0.20920685218893076	0.0	2.4522976709946303
smiles_protein_cross_attention_v1_8	SMILES-protein cross-attention	2adaa47ab70c0a798132d08bd90a7cf226b2cecf0909cd1b248b9349d25794c1	Tyrosine-protein kinase JAK2 [536-812,W659A,W777A,F794H]	O60674	14	8	1	0.6483516483516484	0.42857142857142855	3.5	0.0
smiles_protein_cross_attention_v1_8	SMILES-protein cross-attention	2bcd2372a42b0df85765503157e2692f62ac4928d456c0292b6bede3fb610d28	Non-receptor tyrosine-protein kinase TYK2 [556-871]	P29597	16	13	1	-0.08401680504168059	-0.07071067811865475	0.8	0.3979400086720375
smiles_protein_cross_attention_v1_8	SMILES-protein cross-attention	2ca842f3e7a01314833c340d495dc171c89dca6271a7cf89edb90e6194b06fa3	Glycogen synthase kinase-3 beta	P49841	8	7	2	0.0	0.0	8.0	0.0
smiles_protein_cross_attention_v1_8	SMILES-protein cross-attention	335308f096756a3df0215872048688705e4c202b3fb4ac426b1d7a2c0ae16340	E3 ubiquitin-protein ligase pellino homolog 1	Q96FA3	12	9	1	0.62697118916282	0.38169051034528706	0.0	0.07834283945151999
smiles_protein_cross_attention_v1_8	SMILES-protein cross-attention	3ec018eac89b55a4b8805aad2984a8a39dc4efa5a410abc4d3835c233cb1395a	Myc proto-oncogene protein	P01106	12	7	1	0.08056054385890983	0.04580286124143444	0.0	0.6989700043360187
smiles_protein_cross_attention_v1_8	SMILES-protein cross-attention	3f6b27ef15f1a0769f6d67bc2e74c379d3b7bd9e36093cb9bb74486a4a241890	Non-receptor tyrosine-protein kinase TYK2	P29597	28	18	3	-0.1496886245702218	-0.10538006822628927	0.0	0.4771212547196644
smiles_protein_cross_attention_v1_8	SMILES-protein cross-attention	3fa18eb54ec40d14ffe757d4ea5610d82f444e748a118bb4bb5410eecc967a9c	Receptor-interacting serine/threonine-protein kinase 3	Q9Y572	11	9	2	0.5	0.42640143271122083	3.0250000000000004	0.0
smiles_protein_cross_attention_v1_8	SMILES-protein cross-attention	400ef529d5c6a3841e239c796b59a0ac70f5d15999943515367a963d27a80d30	Protein cereblon [318-426]	Q96SW2	25	21	1			1.0	0.0
smiles_protein_cross_attention_v1_8	SMILES-protein cross-attention	44d46497ea712d353a5fb8334570bc6b6cbbbe787241db9a29611e546765c4d0	Heat shock protein 90 homolog		26	19	2	-0.0666780656009496	-0.04930668410890925	5.777777777777778	3.1865796706699836
smiles_protein_cross_attention_v1_8	SMILES-protein cross-attention	4afd43a2f1fdcfaab09ba8c43a997c6bd6ed010fd20bbc6e15d791a28129e8e2	Complement factor B [470-764]	P00751	7	6	1	0.4642857142857144	0.4285714285714286	0.0	0.349334675238536
smiles_protein_cross_attention_v1_8	SMILES-protein cross-attention	4b3334bba830c2f7d886e2ec16e1d2a9270108ea40b962522c22590594be467c	Acetyl-coenzyme A synthetase, cytoplasmic	Q9NR19	10	10	1	-0.4424242424242424	-0.37777777777777777	0.0	0.1870866433571443
smiles_protein_cross_attention_v1_8	SMILES-protein cross-attention	4b73868ce025017dbd7dc7c6e3d898657ae4faf8dd559c654aec1cb4c86901db	Mitogen-activated protein kinase kinase kinase 13	O43283	12	12	1	0.22377622377622378	0.2424242424242424	3.0	0.0
smiles_protein_cross_attention_v1_8	SMILES-protein cross-attention	4b992438444e5580e88eec14328d65dc56021c00706daab77dfc20892b6dcdb6	PA-I galactophilic lectin	Q05097	25	17	1	0.46547413825076706	0.34390699009650155	2.7777777777777777	2.1492191126553797
smiles_protein_cross_attention_v1_8	SMILES-protein cross-attention	4c0cef143858b123b57fe94ba580d433ebbad7bbfb5265d8ae729c1e43be5e46	Galectin-1	P09382	22	11	5	0.5979672501411633	0.3939393939393939	0.0	2.4722687519252506
smiles_protein_cross_attention_v1_8	SMILES-protein cross-attention	4c7b302c97ebbbf6f2c1647b7e2c33a0df922e898bb99d4b949a7204ba26ab70	E3 ubiquitin-protein ligase TRIM21	P19474	25	16	1	0.3536148290067136	0.27989651540671906	3.3333333333333335	0.0
smiles_protein_cross_attention_v1_8	SMILES-protein cross-attention	4dde01fda8f2a6440d900157adfd87d76e4a001b1c3c56198a637348fe90867b	Stimulator of interferon genes protein [149-345,R232H]	Q86WV6	13	4	1	0.2582417582417582	0.17948717948717946	0.0	0.38721614328026455
smiles_protein_cross_attention_v1_8	SMILES-protein cross-attention	4ffc1b515d70e97e7a9e0436e6857e4c07bb4e3a0922ad8f22f541398aa5e5a6	GTPase KRas [G12C]	P01116	14	6	2	-0.22296023041208649	-0.17879606250706967	0.0	1.9942415746889237
smiles_protein_cross_attention_v1_8	SMILES-protein cross-attention	50bd91bb24b0aa5b7cf6ff8e83dc526c6a56ca6bbcc8ab48acfbfac4cb8961cf	Protein delta homolog 1	P80370	13	8	1	0.6318681318681317	0.46153846153846145	3.25	1.0
smiles_protein_cross_attention_v1_8	SMILES-protein cross-attention	54431f8a0aa2a42c7810354ab78e06561f7d2d8744a94e1c2a31525fab8aa2f3	Myeloid differentiation primary response protein MyD88	Q99836	6	5	3	0.8285714285714287	0.7333333333333333	6.0	0.0
smiles_protein_cross_attention_v1_8	SMILES-protein cross-attention	549dc2f31d2981e3cd99a62ea027bf7d8a5cd3b7232c910e4a3fbec108f88c17	Kelch-like ECH-associated protein 1	Q14145	11	3	1	-0.08181818181818183	-0.018181818181818184	0.0	0.1461280356782373
smiles_protein_cross_attention_v1_8	SMILES-protein cross-attention	568d600386ab5ce56921f3ffd2bb61cd3858ebd51062c6861216dc086abbcd5e	LanC-like protein 2	Q9NS86	25	25	1	0.008078476779558768	-0.010016708449412666	0.0	1.5965894496641555
smiles_protein_cross_attention_v1_8	SMILES-protein cross-attention	57cd6f50c8934d3a5ad4c6bf69031d54b6210fb02fb34078cccfc6614520e018	Protein polybromo-1 [200-270]	Q86U86	14	10	1	0.7010989010989012	0.5604395604395604	0.0	1.12963385781668
smiles_protein_cross_attention_v1_8	SMILES-protein cross-attention	5862305c8302b2d7dd9de31f34102a1220d9099d9f6f7b961610ed4337934880	Carbonic anhydrase 1	P00915	14	11	1	0.16194104765819026	0.12529400275814703	0.0	2.900119995978006
smiles_protein_cross_attention_v1_8	SMILES-protein cross-attention	5f53bbc1e37943c0480e2cea1af72db621d5d854f1ed38469d2fccdaaca2479e	Serine/threonine-protein kinase PknB	P9WI81	14	5	1	0.4813186813186813	0.3406593406593407	7.0	0.0
smiles_protein_cross_attention_v1_8	SMILES-protein cross-attention	6290ac0913cc53eba61e3fffaacd220601b70ddd3b2ad032f0d3b83310ae3c4b	S-sulfocysteine synthase	Q79FV4	7	3	1	-0.07142857142857144	-0.04761904761904762	0.0	0.8354139033496439
smiles_protein_cross_attention_v1_8	SMILES-protein cross-attention	632908f5de50fb6f1a7024c9374f1584595fb92b7f80c35435714f5aa56e3a44	GTPase KRas [G12V]	P01116	61	36	4	0.04812395887348265	0.04483324890990698	2.489795918367347	2.8195439355418674
smiles_protein_cross_attention_v1_8	SMILES-protein cross-attention	65cf04333924500423ef23e4ea83a72b8028ea91a81d9572ebd7d403340e1195	Phospholipid hydroperoxide glutathione peroxidase	P36969	28	19	2	0.5604816639299398	0.46031746031746035	6.222222222222222	0.0
smiles_protein_cross_attention_v1_8	SMILES-protein cross-attention	65cfc2c0cf82af83e1e122bea9f09a3fb6ba8fa60f7bd6f942cd3be3d0be8daf	Type 1 fimbrin D-mannose specific adhesin	P08191	20	7	1	0.05263157894736842	0.052631578947368425	0.0	2.8492877628641766
smiles_protein_cross_attention_v1_8	SMILES-protein cross-attention	683c3ad865014d7a8dcfb86834de0ddb0c072ffda44aa063d6a8d3e0dee9868e	Methylcytosine dioxygenase TET2	Q6N021	25	11	1	0.3118271542889346	0.19562349357055533	0.0	0.6989700043360187
smiles_protein_cross_attention_v1_8	SMILES-protein cross-attention	68d60cea30219da8cef67dbcc1b81dcdebc8456663f7f54b6fb8cc6666a7b416	Dimer of Receptor-type tyrosine-protein kinase FLT3|Receptor-type tyrosine-protein kinase FLT3	P36888	10	10	3	0.07878787878787878	0.022222222222222223	0.0	0.8586708472035305
smiles_protein_cross_attention_v1_8	SMILES-protein cross-attention	6a664650df1dd5b3134dc88db726e96e3be3c27fdbf274c80e3b9923ed7cd32e	ATPase family AAA domain-containing protein 2B	Q9ULI0	20	3	2	-0.11035679792797362	-0.1030268175751576	0.0	1.5514499979728749
smiles_protein_cross_attention_v1_8	SMILES-protein cross-attention	6de0ad904d58312d0265ee7a480d38e55c5d8deab26c2a3bf2bd8483daf0fa77	Receptor-type tyrosine-protein kinase FLT3 [F691L]	P36888	6	6	1	-0.2	-0.06666666666666665	0.0	0.8109437637799513
smiles_protein_cross_attention_v1_8	SMILES-protein cross-attention	6ebcd9d1f5201ce756f83bdc960921125f57a30d267f8b2993f4652f9c93a620	Peptidyl-prolyl cis-trans isomerase FKBP4	Q02790	11	6	3	0.03196347031963471	0.018518518518518517	0.0	1.6548180404907615
smiles_protein_cross_attention_v1_8	SMILES-protein cross-attention	7192d652f813d4d86f957b1edb7729c8adb429515fb591d7f4c6937a9d54dec2	Aurora kinase A	O14965	9	8	3	-0.3361463227264072	-0.2858309752375147	0.0	2.781156760523369
smiles_protein_cross_attention_v1_8	SMILES-protein cross-attention	71c75d29add3938542716c997db4ce5b657f2759a4642773975ae9b7d12ea876	Sortilin	Q99523	25	9	1	0.3643008338210548	0.27045112813414196	2.7777777777777777	0.7917240575729174
smiles_protein_cross_attention_v1_8	SMILES-protein cross-attention	75c34e924155e3529903bd10daf1da3d8929c12d17075ff191d84ec07703843f	Glutamate carboxypeptidase 2	Q04609	35	29	2	0.6622312503108756	0.4777125322862915	0.0	3.1846914308175993
smiles_protein_cross_attention_v1_8	SMILES-protein cross-attention	77ed25650e717b3f610e42ef8e5c1c88d50e7485725032f8535448a0ca8b61b1	E3 ubiquitin-protein ligase Mdm2	Q00987	6	4	3	0.8116794499134279	0.6900655593423543	3.0	1.094005022364649
smiles_protein_cross_attention_v1_8	SMILES-protein cross-attention	7b8d960f96e40af6d8b8eef938d9dccaeebc526e0bdbafcbff4b6711fae64da6	Hypoxia-inducible factor 1-alpha [228-298]	Q16665	24	11	1	0.35833877776871853	0.2649732131538291	0.0	0.5708022975975204
smiles_protein_cross_attention_v1_8	SMILES-protein cross-attention	7c1523d7d6bd86df82bb78f6bc72691ee4cfa9ad4bb95aabc4dc3e64d1bf831b	Phosphatidylinositol 5-phosphate 4-kinase type-2 gamma	Q8TBX8	44	30	2	0.41259082550782405	0.2732399547325425	1.76	3.1391791757229104
smiles_protein_cross_attention_v1_8	SMILES-protein cross-attention	7c2c9a4005a08f9f8ed2ce2e3b7d9432dd39547abafef80ffab6adbb89753b2c	Peptidyl-prolyl cis-trans isomerase FKBP1A	P62942	12	5	2	0.02831969301619155	0.03176204084021421	0.0	0.9030899869919455
smiles_protein_cross_attention_v1_8	SMILES-protein cross-attention	7eb7771a02b7d5021121f3f907256dc93327c839169733378362d291cb76e0ce	Bromodomain-containing protein 4 [58-164]	O60885	84	47	6	-0.004813752469391828	0.0009006151410900213	0.0	1.8372727025023003
smiles_protein_cross_attention_v1_8	SMILES-protein cross-attention	7fc86ef9a59a068c6d4fc0bc0a79788fefa84907e386c561c7567bde52160b17	Tyrosine-protein kinase JAK2 [Y1007F,Y1008F]	O60674	50	28	2	-0.13143728446276515	-0.10094537187718881	0.7407407407407408	2.0
smiles_protein_cross_attention_v1_8	SMILES-protein cross-attention	7ff04ddccf949e11263e780f4fb3492ae973c50c851a4df836fb5d6e323a318a	Bcl-2-like protein 1	Q07817	25	18	1	0.27107523194957933	0.20211302086361077	1.8518518518518516	0.0
smiles_protein_cross_attention_v1_8	SMILES-protein cross-attention	80be356aef4f71329822694d1d7129d6dd6bdaaee64fe2d62b1d68fc82d1ccdb	DNA damage-binding protein 1	Q16531	25	12	1			1.0	0.0
smiles_protein_cross_attention_v1_8	SMILES-protein cross-attention	815d17ae9639c4fa2db3f5b2238aff14950018c5d327f632fdda64dc07948f59	Selenoprotein H	Q8IZQ5	7	5	1	-0.3214285714285715	-0.23809523809523814	0.0	0.9044013955834895
smiles_protein_cross_attention_v1_8	SMILES-protein cross-attention	8400030088daa962283125365238a8cd19878b292ef12408c6457e69231e769f	Retinol-binding protein 4	P02753	5	3	1			1.0	0.0
smiles_protein_cross_attention_v1_8	SMILES-protein cross-attention	8b580bb0bb1537e3becb4733f6f91562b790fe669fbfa64f004744df8641cf14	Nucleoprotein	P15682	5	5	2	0.4103913408340617	0.31622776601683794	5.0	0.0
smiles_protein_cross_attention_v1_8	SMILES-protein cross-attention	8bc8432fcc649b965ed9bfaef63c595d023537a985c3b242768bac1f1bf32fb1	Non-receptor tyrosine-protein kinase TYK2 [556-888]	P29597	107	44	6	0.03250106126207578	0.014492367377663259	0.29476584022038566	3.9586073148417764
smiles_protein_cross_attention_v1_8	SMILES-protein cross-attention	8c9af87b44d8f7616b04934bbac932411a6e0eb650682054d92aafd77c2ab1a4	NACHT, LRR and PYD domains-containing protein 3	Q8R4B8	7	5	1	-0.5	-0.33333333333333337	0.0	2.0969100130080562
smiles_protein_cross_attention_v1_8	SMILES-protein cross-attention	8d1fc91f90056f7fc4e638d2dbf7cd73c12e30e4e9cb97c76cac1d5b308643ed	Stimulator of interferon genes protein	Q86WV6	14	6	2	-0.22637362637362637	-0.16483516483516486	0.0	3.1428930525127274
smiles_protein_cross_attention_v1_8	SMILES-protein cross-attention	8d5931178af016b7914566577f5b490174948917324c7a6db74dca9e3dcaf94c	Mas-related G-protein coupled receptor member X2	Q96LB1	26	12	2	0.1158974358974359	0.08923076923076924	0.0	2.4352927071083172
smiles_protein_cross_attention_v1_8	SMILES-protein cross-attention	8e730faac3c6b87a7879f190ab3c77de56fd10330176561ba7ae08dbfa1144f0	Galactosylgalactosylxylosylprotein 3-beta-glucuronosyltransferase 3	O94766	5	5	1	-0.9999999999999999	-0.9999999999999999	0.0	0.44341588244744123
smiles_protein_cross_attention_v1_8	SMILES-protein cross-attention	965a796bdc7b10fc12f86d5221123e411b8363e16b2279ca1261cb92230b8867	Polymerase basic protein 2	P03428	7	3	2	0.6071428571428572	0.4285714285714286	0.0	1.1856365769619117
smiles_protein_cross_attention_v1_8	SMILES-protein cross-attention	9796e4a195066b95cb46d4fbb869f06afddbe3672b9e1f789fa4e3e5c9560e0c	Galectin-3	P17931	22	16	6	0.24569331677284564	0.1648593900357705	0.0	6.08314414314305
smiles_protein_cross_attention_v1_8	SMILES-protein cross-attention	9a06387610edd099466d614941c42a433f444feb6a8f25375bb0b6ad8ec9c6f4	Alpha-synuclein	P37840	21	21	2	0.490206549015002	0.32204702407301594	0.0	3.059702892651776
smiles_protein_cross_attention_v1_8	SMILES-protein cross-attention	9a7fa3c16640c215ee56fb067330853d5928b50181834259d9e00abb24e9b751	Histone deacetylase 6	Q9UBN7	18	6	1	0.1827657489256253	0.12756275329753713	4.5	0.31742041185215
smiles_protein_cross_attention_v1_8	SMILES-protein cross-attention	9c4089da85ef3c06dde2c14def7afc4a2e1452947ca9abf34025f90a101db770	Fibroblast growth factor receptor 3	P22607	9	7	2	-0.15666989036012804	-0.18257418583505536	0.0	2.1249387366083
smiles_protein_cross_attention_v1_8	SMILES-protein cross-attention	9c9c4db1c101c92124e1636ae0bcadc314c113c4949c05c9e3dfd370764d8bce	Histone-lysine N-methyltransferase 2A	Q03164	5	5	1	-0.3	-0.19999999999999998	0.0	0.9190780923760737
smiles_protein_cross_attention_v1_8	SMILES-protein cross-attention	a0d8504fc2ce28870415fc343e3f9d05f8ab9b574fa9e28f0f89d5b6cbc2a563	PC4 and SFRS1-interacting protein	O75475	11	9	1	-0.21818181818181823	-0.16363636363636364	0.0	0.6185636672590871
smiles_protein_cross_attention_v1_8	SMILES-protein cross-attention	af987650896002d008d596b93aa829ede1afa3e3b9ed769b9a8f70afd7be25d0	Peptidyl-prolyl cis-trans isomerase FKBP5	Q13451	9	5	2	0.05020964452534338	0.02817180849095055	0.0	1.0483046795745548
smiles_protein_cross_attention_v1_8	SMILES-protein cross-attention	b04020d6a298b87e7e20c83b346f59825468dc2001355b699e4b91d67d9bea6c	Heat shock protein HSP 90-alpha	P07900	12	6	2	-0.3356643356643357	-0.2727272727272727	3.0	0.0
smiles_protein_cross_attention_v1_8	SMILES-protein cross-attention	b13035f135fd81cf7050efeebd189db3b535ce19e7efee51566f4e9e2931d717	Ricin	P02879	18	9	1	-0.18482191414986726	-0.13114824589410562	0.0	0.2738777496203664
smiles_protein_cross_attention_v1_8	SMILES-protein cross-attention	b16f52f0d04b72927ee4e0cbe247b9d446ac4466ec87c4bf055470e04b94b895	Elongin-C	Q15369	41	14	5	0.20540069686411153	0.17073170731707316	3.28	0.0
smiles_protein_cross_attention_v1_8	SMILES-protein cross-attention	b1b17c7fca3cbab15bc66b90bd4c07f73617cb5a03db105b0a38084fe7bca48b	Programmed cell death 1 ligand 1	Q9NZQ7	35	12	3	0.29285112176092615	0.23907083039295676	0.0	2.0958256317158366
smiles_protein_cross_attention_v1_8	SMILES-protein cross-attention	bacc1183551b7365dbe3b112a2a403f145940e3c5d05518dd80572c7c42f7c89	Shiga-like toxin 2 subunit A	P09385	7	4	1	-0.4642857142857144	-0.4285714285714286	0.0	0.5165910214412901
smiles_protein_cross_attention_v1_8	SMILES-protein cross-attention	bb8d4ddedb5cd0daf2e688e644633a2c5376e718cb62935cb3380dcf38173bf8	Replicase polyprotein 1a	P0DTC1	25	18	2	0.6884615384615385	0.4933333333333333	2.7777777777777777	0.5920757704213617
smiles_protein_cross_attention_v1_8	SMILES-protein cross-attention	bc397cc8eb78693a226a23c89a09eb3c0054deef0ef8c9cae74b11a491fad1df	Endothelial PAS domain-containing protein 1	Q99814	10	5	1	0.6383008208640678	0.35957325998039574	0.0	0.26481782300953727
smiles_protein_cross_attention_v1_8	SMILES-protein cross-attention	bcb49e7e1db8d95c084172bca13d3b727991096f26dafdcb0033251b4542027a	Fibroblast growth factor receptor 3 [V555M]	P22607	45	26	3	-0.3651831129592575	-0.25653959891713757	0.0	2.2730012720637376
smiles_protein_cross_attention_v1_8	SMILES-protein cross-attention	beaa825e538b5313d28a569c239d221a99cd820cd630fb9da229ad507b1af1d5	Stimulator of interferon genes protein [149-345]	Q86WV6	12	4	1	0.49650349650349657	0.3333333333333333	3.0	1.7219064216930002
smiles_protein_cross_attention_v1_8	SMILES-protein cross-attention	bf4a1384a527c5eaf74b093f1d2cbcc91c5061b76cc4ef041263f1d101bae296	Galectin-8	O00214	14	8	3	0.3538461538461538	0.18681318681318684	0.0	0.4039144238264303
smiles_protein_cross_attention_v1_8	SMILES-protein cross-attention	c03733fc6f7569b39bc39c3dc02c986311ac0268b2298e8693221c722cff6861	Son of sevenless homolog 1	Q07889	26	16	2	-0.13201095163258986	-0.1203709436977517	0.0	1.0606978403536118
smiles_protein_cross_attention_v1_8	SMILES-protein cross-attention	c2826a2895a762da0611b28241dd11a097c76ea96df17bf036756f03b3b31fe4	Replicase polyprotein 1a [1564-1878]	P0C6U8	25	20	2	0.51	0.35999999999999993	2.7777777777777777	2.439681945543418
smiles_protein_cross_attention_v1_8	SMILES-protein cross-attention	c497f29417b886ff019812f69b1ed95fa872225c9180283496bec6d9ca65f664	Cannabinoid receptor 2	P34972	14	12	1	-0.0945054945054945	-0.05494505494505495	3.5	0.1249387366082999
smiles_protein_cross_attention_v1_8	SMILES-protein cross-attention	c81b4e9e806e0ace9f779e65477e6c988dea6cad5eecfbcb35f2364c5fc884dd	Fibroblast growth factor receptor 2	P21802	12	10	3	0.08604859293176627	0.016303866268150616	0.0	1.4357285695614372
smiles_protein_cross_attention_v1_8	SMILES-protein cross-attention	ca8783b8053e1373c8358af24d59933449f4a63bbae1a5f44f9b3c81490c6c7f	Dual specificity tyrosine-phosphorylation-regulated kinase 1A	Q13627	5	5	1	-0.49999999999999994	-0.19999999999999998	0.0	0.7337321105952306
smiles_protein_cross_attention_v1_8	SMILES-protein cross-attention	cefe1c176699342ae77190e27db430f96ea13906d014bad93f17570052d770a2	Stimulator of interferon genes protein [1-379,R71H,G230A,H232R,R293Q]	Q86WV6	24	9	2	-0.07046542641376026	-0.007272775357351403	0.0	4.5910646070264995
smiles_protein_cross_attention_v1_8	SMILES-protein cross-attention	d03e72dda9823b817d1f46412f3cdb7330d7847621dbbb03201048178cc4e630	Biotin--[biotin carboxyl-carrier protein] ligase		12	10	1	-0.2556921609434964	-0.22901430620717222	3.0	0.43365556093857194
smiles_protein_cross_attention_v1_8	SMILES-protein cross-attention	d07722a95e38b3a5df0e01311cb4f97ec309d88e7d9f1eaba11f45263557c1e9	Targeting protein for Xklp2	Q9ULW0	11	7	1	0.8272727272727273	0.7090909090909091	5.5	0.023481095849521516
smiles_protein_cross_attention_v1_8	SMILES-protein cross-attention	d0ba9f9f7c16120c11d2b27069e9f2975301cda3192eb31cabc0612873e44fb7	E3 ubiquitin-protein ligase CBL-C	Q9ULV8	18	10	1	0.42746520926282144	0.3541002639140852	0.0	0.47457406570578264
smiles_protein_cross_attention_v1_8	SMILES-protein cross-attention	d9fc79386f5526c967b0d5b31bf5d0a5c90e715870f3b6c45418a179469d91cf	Receptor-interacting serine/threonine-protein kinase 2	O43353	22	13	1	0.30364746200493137	0.22271591770427135	2.4444444444444446	0.0
smiles_protein_cross_attention_v1_8	SMILES-protein cross-attention	da3b17f4cd227b0ca94d4dcdc252f3ec7e7969b638b367ebf09dd8d7577263ea	1-phosphatidylinositol 3-phosphate 5-kinase	Q9Y2I7	8	5	1	-0.41239304942116134	-0.320844473959874	0.0	0.3979400086720375
smiles_protein_cross_attention_v1_8	SMILES-protein cross-attention	dbb4583267ad40a7dfd854ee3c44ce4be38e137d0570e3eb76cf1854a74e7246	Epidermal growth factor receptor	P00533	5	4	2	0.9486832980505137	0.8944271909999157	5.0	0.0
smiles_protein_cross_attention_v1_8	SMILES-protein cross-attention	dee921327ae6711666ca4416838c17e82bdd59a32d85fa728e7ad91e65e86cda	Tyrosine-protein kinase JAK2 [808-1132]	O60674	5	4	2	-0.7	-0.6	0.0	1.2153178824573985
smiles_protein_cross_attention_v1_8	SMILES-protein cross-attention	defa1995fbabefcd7f4bf6dab888d02769c2ab647bb8d52c3e2e827bd3630cfe	Fibroblast growth factor receptor 4	P22455	5	5	1	-0.28867513459481287	-0.25819888974716115	0.0	0.7781512503836439
smiles_protein_cross_attention_v1_8	SMILES-protein cross-attention	e3ee1debd824d0bf66e328728a7470ef914d7f59ae2eb518f89359d8a502d4c3	Protein enabled homolog	Q8N8S7	10	3	1	0.406060606060606	0.3333333333333333	0.0	0.2571245099648998
smiles_protein_cross_attention_v1_8	SMILES-protein cross-attention	e435edc925a4c41f7283d79a822161a4a90fcaab3a03458e2b1837c49445b88a	Tyrosine-protein kinase JAK2 [536-812]	O60674	25	18	4	0.5414268239042148	0.39732666752386947	2.7777777777777777	0.1639210509900204
smiles_protein_cross_attention_v1_8	SMILES-protein cross-attention	e6a24c903c1ef211037c64a6835a8a484f48b17be1cae50d6998913f21acf7d4	Carbonic anhydrase 2	P00918	5	5	1	-0.20519567041703085	-0.10540925533894596	0.0	3.4001169279263124
smiles_protein_cross_attention_v1_8	SMILES-protein cross-attention	e884d430f3b5b239091233d48f91b78d095ad4471ce7b0da5b26142de2221b9b	Mixed lineage kinase domain-like protein	Q8NB16	37	31	2	0.6087766999212253	0.4884713665279765	2.1346153846153846	0.6319793421441995
smiles_protein_cross_attention_v1_8	SMILES-protein cross-attention	eaa4d9125eb954d2e4c3512e1954714e862c62da4bc83ac938ec8da98b36de55	Non-receptor tyrosine-protein kinase TYK2 [575-869]	P29597	19	11	3	0.27480256420832516	0.19412100558278303	0.0	1.0413926851582236
smiles_protein_cross_attention_v1_8	SMILES-protein cross-attention	edbd5d8a5deb16bfd31ff3029c7897b816b752cb26cd0dcf23d089dcdd841586	Replicase polyprotein 1ab	P0DTD1	20	14	4	0.17142857142857143	0.10526315789473685	0.0	4.142791569983489
smiles_protein_cross_attention_v1_8	SMILES-protein cross-attention	eec310a36523cb25d98cfd2dc2aceb2e7613ce5d0f9ef8174423cfdaca60426b	Transcriptional enhancer factor TEF-1 [209-426]	P28347	10	10	1	0.9118583155200968	0.8090398349558905	5.0	0.0
smiles_protein_cross_attention_v1_8	SMILES-protein cross-attention	ef0ddbb0badae4eac53608fa57cf54c55cb837d4929048fa6a2339bb30ae8f03	Fibroblast growth factor receptor 1	P11362	20	16	3	0.0981052420585942	0.05499821258713591	0.0	1.4749551929631544
smiles_protein_cross_attention_v1_8	SMILES-protein cross-attention	f0b07556edef0452100ab166e3bf1b651c238ba0b7aca80d636b8bd45d47db6c	Tyrosine-protein kinase JAK1 [583-855]	P23458	17	14	3	-0.04823796880508324	-0.04353260768757195	4.25	0.0
smiles_protein_cross_attention_v1_8	SMILES-protein cross-attention	f27fcd0d573a97b87476bb6787bfb3132e8594fa25210161422b16fdc56815cc	BAG family molecular chaperone regulator 3	O95817	6	6	1	-0.3714285714285715	-0.3333333333333333	0.0	0.3873898263387301
smiles_protein_cross_attention_v1_8	SMILES-protein cross-attention	f3b618f7f525879ec1eb5098b27675243997eeea419eb453488cfefab098226f	Dual specificity protein kinase CLK1	P49759	5	5	1	-0.49999999999999994	-0.39999999999999997	0.0	0.8860566476931631
smiles_protein_cross_attention_v1_8	SMILES-protein cross-attention	f3dc4d33671931ee13dc20fdb332ac32302dc4385d5dfd464acf8f9f8a0add76	E3 ubiquitin-protein ligase CBL-B	Q13191	8	6	2	0.30952380952380953	0.21428571428571427	0.0	1.4488474775526203
smiles_protein_cross_attention_v1_8	SMILES-protein cross-attention	f44af7da75e9935ccc92591ff5a6f660510b7693aaed32b899f023b27988eb08	GTPase NRas [G12D]	P01111	50	24	2	-0.27232346522771894	-0.20089834259551037	0.0	3.902907164643672
smiles_protein_cross_attention_v1_8	SMILES-protein cross-attention	f6dfd782829fb63a984eb13e892cf349463cb59146038caa7f915c05ffcbb9ba	Heat shock protein 90	P40292	24	21	2	-0.21613394727069557	-0.1633396519441412	2.6666666666666665	2.468551033268567
smiles_protein_cross_attention_v1_8	SMILES-protein cross-attention	fb619a5b2a22bab98d1ec43db4cd85b129d53b99bbc0c2ca00a44fdd421828ab	Protein Mdm4	O15151	5	3	2	0.35909242322980395	0.31622776601683794	0.0	3.9222861917794583
smiles_protein_cross_attention_v1_8	SMILES-protein cross-attention	fc502b7363283bca3ea0e276ed1d65d0ae8d5064519a226a06f9c77059235b6f	Prolyl endopeptidase FAP	Q12884	14	3	1	0.04180420571465299	0.0	0.0	0.48047489672724986
smiles_protein_cross_attention_v1_8	SMILES-protein cross-attention	fce6a9d7757a2029e8e81bee3fbc6d10aaf3667093bb265f1ae015c685279564	Proto-oncogene tyrosine-protein kinase Src [84-145]	P12931	25	18	1	-0.16762130860037783	-0.13957263155977062	0.7575757575757575	1.0
smiles_protein_cross_attention_v1_8	SMILES-protein cross-attention	fe0f2938edfd18c2c9f2df082bac78d860a1460d38e102b538af545f1149c540	Non-receptor tyrosine-protein kinase TYK2 [888-1187]	P29597	24	15	3	0.7113216253024759	0.4872876720812038	0.0	1.276206411938949
smiles_protein_cross_attention_v1_8	SMILES-protein cross-attention	fe22d91e18cd544a85d7c768cd864172200252df906b774d890dc103224f7c8d	Cyclin-dependent kinase 2	P24941	25	4	1	0.5567526383643766	0.3812730353916711	5.555555555555555	0.0
